country,year,life_expectancy
Afghanistan,1800,28.2
Afghanistan,1801,28.2
Afghanistan,1802,28.2
Afghanistan,1803,28.2
Afghanistan,1804,28.2
Afghanistan,1805,28.2
Afghanistan,1806,28.1
Afghanistan,1807,28.1
Afghanistan,1808,28.1
Afghanistan,1809,28.1
Afghanistan,1810,28.1
Afghanistan,1811,28.1
Afghanistan,1812,28.1
Afghanistan,1813,28.1
Afghanistan,1814,28.1
Afghanistan,1815,28.1
Afghanistan,1816,28.1
Afghanistan,1817,28
Afghanistan,1818,28
Afghanistan,1819,28
Afghanistan,1820,28
Afghanistan,1821,28
Afghanistan,1822,28
Afghanistan,1823,28
Afghanistan,1824,28
Afghanistan,1825,27.9
Afghanistan,1826,27.9
Afghanistan,1827,27.9
Afghanistan,1828,27.9
Afghanistan,1829,27.9
Afghanistan,1830,27.9
Afghanistan,1831,27.9
Afghanistan,1832,27.9
Afghanistan,1833,27.9
Afghanistan,1834,27.9
Afghanistan,1835,27.9
Afghanistan,1836,27.8
Afghanistan,1837,27.8
Afghanistan,1838,27.8
Afghanistan,1839,27.8
Afghanistan,1840,27.8
Afghanistan,1841,27.8
Afghanistan,1842,27.8
Afghanistan,1843,27.8
Afghanistan,1844,27.8
Afghanistan,1845,27.8
Afghanistan,1846,27.7
Afghanistan,1847,27.7
Afghanistan,1848,27.7
Afghanistan,1849,27.7
Afghanistan,1850,27.7
Afghanistan,1851,27.9
Afghanistan,1852,28
Afghanistan,1853,28.2
Afghanistan,1854,28.3
Afghanistan,1855,28.5
Afghanistan,1856,28.6
Afghanistan,1857,28.8
Afghanistan,1858,28.9
Afghanistan,1859,29.1
Afghanistan,1860,29.2
Afghanistan,1861,29.4
Afghanistan,1862,29.5
Afghanistan,1863,29.7
Afghanistan,1864,29.8
Afghanistan,1865,30
Afghanistan,1866,30.1
Afghanistan,1867,30.3
Afghanistan,1868,30.4
Afghanistan,1869,30.6
Afghanistan,1870,30.7
Afghanistan,1871,30.9
Afghanistan,1872,31
Afghanistan,1873,31.2
Afghanistan,1874,31.3
Afghanistan,1875,31.5
Afghanistan,1876,31.6
Afghanistan,1877,31.8
Afghanistan,1878,31.9
Afghanistan,1879,32.1
Afghanistan,1880,32.3
Afghanistan,1881,32.4
Afghanistan,1882,32.5
Afghanistan,1883,32.7
Afghanistan,1884,32.9
Afghanistan,1885,33
Afghanistan,1886,33.1
Afghanistan,1887,33.3
Afghanistan,1888,33.4
Afghanistan,1889,33.6
Afghanistan,1890,33.7
Afghanistan,1891,33.9
Afghanistan,1892,34
Afghanistan,1893,34.2
Afghanistan,1894,34.3
Afghanistan,1895,34.5
Afghanistan,1896,34.6
Afghanistan,1897,34.8
Afghanistan,1898,34.9
Afghanistan,1899,35.1
Afghanistan,1900,35.2
Afghanistan,1901,35.4
Afghanistan,1902,35.5
Afghanistan,1903,35.7
Afghanistan,1904,35.8
Afghanistan,1905,36
Afghanistan,1906,36.1
Afghanistan,1907,36.2
Afghanistan,1908,36.4
Afghanistan,1909,36.5
Afghanistan,1910,36.7
Afghanistan,1911,36.8
Afghanistan,1912,37
Afghanistan,1913,37.1
Afghanistan,1914,37.3
Afghanistan,1915,37.4
Afghanistan,1916,37.6
Afghanistan,1917,37.7
Afghanistan,1918,9.88
Afghanistan,1919,38
Afghanistan,1920,38.1
Afghanistan,1921,38.3
Afghanistan,1922,38.4
Afghanistan,1923,38.6
Afghanistan,1924,38.7
Afghanistan,1925,38.9
Afghanistan,1926,39
Afghanistan,1927,39.2
Afghanistan,1928,39.3
Afghanistan,1929,39.4
Afghanistan,1930,39.6
Afghanistan,1931,39.7
Afghanistan,1932,39.9
Afghanistan,1933,40
Afghanistan,1934,40.2
Afghanistan,1935,40.3
Afghanistan,1936,40.5
Afghanistan,1937,40.6
Afghanistan,1938,40.7
Afghanistan,1939,40.9
Afghanistan,1940,41
Afghanistan,1941,41.2
Afghanistan,1942,41.4
Afghanistan,1943,41.5
Afghanistan,1944,41.7
Afghanistan,1945,41.9
Afghanistan,1946,42
Afghanistan,1947,42.2
Afghanistan,1948,42.4
Afghanistan,1949,42.5
Afghanistan,1950,42.7
Afghanistan,1951,42.9
Afghanistan,1952,43.1
Afghanistan,1953,43.5
Afghanistan,1954,43.3
Afghanistan,1955,43.9
Afghanistan,1956,44.1
Afghanistan,1957,44.3
Afghanistan,1958,44.5
Afghanistan,1959,44.7
Afghanistan,1960,45
Afghanistan,1961,45.3
Afghanistan,1962,45.5
Afghanistan,1963,45.7
Afghanistan,1964,45.9
Afghanistan,1965,46.1
Afghanistan,1966,46.3
Afghanistan,1967,46.5
Afghanistan,1968,46.7
Afghanistan,1969,46.9
Afghanistan,1970,47.1
Afghanistan,1971,47.3
Afghanistan,1972,47.3
Afghanistan,1973,47.3
Afghanistan,1974,47.4
Afghanistan,1975,47.5
Afghanistan,1976,47.7
Afghanistan,1977,47.9
Afghanistan,1978,46.4
Afghanistan,1979,44.7
Afghanistan,1980,43.7
Afghanistan,1981,44.3
Afghanistan,1982,44.1
Afghanistan,1983,42.3
Afghanistan,1984,39.9
Afghanistan,1985,42
Afghanistan,1986,43.3
Afghanistan,1987,45.9
Afghanistan,1988,48.5
Afghanistan,1989,52.7
Afghanistan,1990,53.8
Afghanistan,1991,53.8
Afghanistan,1992,54.2
Afghanistan,1993,54.4
Afghanistan,1994,53.9
Afghanistan,1995,54.3
Afghanistan,1996,54.7
Afghanistan,1997,54.5
Afghanistan,1998,53.3
Afghanistan,1999,54.7
Afghanistan,2000,54.7
Afghanistan,2001,54.8
Afghanistan,2002,55.5
Afghanistan,2003,56.5
Afghanistan,2004,57.1
Afghanistan,2005,57.6
Afghanistan,2006,58
Afghanistan,2007,58.5
Afghanistan,2008,59.2
Afghanistan,2009,59.9
Afghanistan,2010,60.5
Afghanistan,2011,61
Afghanistan,2012,61.4
Afghanistan,2013,61.9
Afghanistan,2014,61.9
Afghanistan,2015,61.9
Afghanistan,2016,62
Afghanistan,2017,62.9
Afghanistan,2018,62.7
Afghanistan,2019,63.3
Afghanistan,2020,62.3
Afghanistan,2021,61.8
Afghanistan,2022,62.6
Afghanistan,2023,64
Afghanistan,2024,64.8
Angola,1800,27
Angola,1801,27
Angola,1802,27
Angola,1803,27
Angola,1804,27
Angola,1805,27
Angola,1806,27
Angola,1807,27
Angola,1808,27
Angola,1809,27
Angola,1810,27
Angola,1811,27
Angola,1812,27
Angola,1813,27
Angola,1814,27
Angola,1815,27
Angola,1816,27
Angola,1817,27
Angola,1818,27
Angola,1819,27
Angola,1820,27
Angola,1821,27
Angola,1822,27
Angola,1823,27
Angola,1824,27
Angola,1825,27
Angola,1826,27
Angola,1827,27
Angola,1828,27
Angola,1829,27
Angola,1830,27
Angola,1831,27
Angola,1832,27
Angola,1833,27
Angola,1834,27
Angola,1835,27
Angola,1836,27
Angola,1837,27
Angola,1838,27
Angola,1839,27
Angola,1840,27
Angola,1841,27
Angola,1842,27
Angola,1843,27
Angola,1844,27
Angola,1845,27
Angola,1846,27
Angola,1847,27
Angola,1848,27
Angola,1849,27
Angola,1850,27
Angola,1851,27.1
Angola,1852,27.2
Angola,1853,27.4
Angola,1854,27.5
Angola,1855,27.6
Angola,1856,27.8
Angola,1857,27.9
Angola,1858,28
Angola,1859,28.2
Angola,1860,28.3
Angola,1861,28.4
Angola,1862,28.6
Angola,1863,28.7
Angola,1864,28.8
Angola,1865,28.9
Angola,1866,29.1
Angola,1867,29.2
Angola,1868,29.3
Angola,1869,29.5
Angola,1870,29.6
Angola,1871,29.7
Angola,1872,29.9
Angola,1873,30
Angola,1874,30.1
Angola,1875,30.3
Angola,1876,30.4
Angola,1877,30.5
Angola,1878,30.6
Angola,1879,30.8
Angola,1880,30.9
Angola,1881,31
Angola,1882,31.2
Angola,1883,31.3
Angola,1884,31.4
Angola,1885,31.6
Angola,1886,31.7
Angola,1887,31.8
Angola,1888,31.9
Angola,1889,32.1
Angola,1890,32.2
Angola,1891,32.3
Angola,1892,32.5
Angola,1893,32.6
Angola,1894,32.7
Angola,1895,32.9
Angola,1896,33
Angola,1897,33.1
Angola,1898,33.3
Angola,1899,33.4
Angola,1900,33.5
Angola,1901,33.6
Angola,1902,33.8
Angola,1903,33.9
Angola,1904,34
Angola,1905,34.2
Angola,1906,34.3
Angola,1907,34.4
Angola,1908,34.6
Angola,1909,34.7
Angola,1910,34.8
Angola,1911,35
Angola,1912,35.1
Angola,1913,35.2
Angola,1914,35.3
Angola,1915,35.5
Angola,1916,35.6
Angola,1917,35.7
Angola,1918,13.9
Angola,1919,36
Angola,1920,36.1
Angola,1921,36.3
Angola,1922,36.4
Angola,1923,36.5
Angola,1924,36.6
Angola,1925,36.8
Angola,1926,36.9
Angola,1927,37
Angola,1928,37.2
Angola,1929,37.3
Angola,1930,37.4
Angola,1931,37.6
Angola,1932,37.7
Angola,1933,37.8
Angola,1934,38
Angola,1935,38.1
Angola,1936,38.2
Angola,1937,38.4
Angola,1938,38.5
Angola,1939,38.6
Angola,1940,38.7
Angola,1941,39.4
Angola,1942,40.1
Angola,1943,40.8
Angola,1944,41.4
Angola,1945,42.1
Angola,1946,42.8
Angola,1947,43.5
Angola,1948,44.2
Angola,1949,44.9
Angola,1950,45.6
Angola,1951,45.6
Angola,1952,45.6
Angola,1953,45.6
Angola,1954,45.6
Angola,1955,45.5
Angola,1956,45.7
Angola,1957,45.8
Angola,1958,45.9
Angola,1959,46.1
Angola,1960,46.3
Angola,1961,44.8
Angola,1962,45
Angola,1963,45.2
Angola,1964,45.4
Angola,1965,45.6
Angola,1966,45.8
Angola,1967,46
Angola,1968,46.2
Angola,1969,46.4
Angola,1970,46.6
Angola,1971,46.8
Angola,1972,47
Angola,1973,47.2
Angola,1974,47.4
Angola,1975,47.5
Angola,1976,47.5
Angola,1977,47.7
Angola,1978,47.8
Angola,1979,48
Angola,1980,48.1
Angola,1981,48.2
Angola,1982,48.2
Angola,1983,48.2
Angola,1984,48.4
Angola,1985,48.6
Angola,1986,48.6
Angola,1987,48.6
Angola,1988,48.6
Angola,1989,49.4
Angola,1990,49.7
Angola,1991,50.3
Angola,1992,50.3
Angola,1993,49
Angola,1994,50.3
Angola,1995,51.2
Angola,1996,51.7
Angola,1997,51.6
Angola,1998,50.6
Angola,1999,51.9
Angola,2000,52.8
Angola,2001,53.4
Angola,2002,54.5
Angola,2003,55.1
Angola,2004,55.5
Angola,2005,56.4
Angola,2006,57
Angola,2007,58
Angola,2008,58.8
Angola,2009,59.5
Angola,2010,60.2
Angola,2011,60.8
Angola,2012,61.4
Angola,2013,62.1
Angola,2014,63
Angola,2015,63.5
Angola,2016,63.9
Angola,2017,64.2
Angola,2018,64.6
Angola,2019,65.1
Angola,2020,64.9
Angola,2021,64.2
Angola,2022,64.5
Angola,2023,65.9
Angola,2024,66.1
Albania,1800,35.4
Albania,1801,35.4
Albania,1802,35.4
Albania,1803,35.4
Albania,1804,35.4
Albania,1805,35.4
Albania,1806,35.4
Albania,1807,35.4
Albania,1808,35.4
Albania,1809,35.4
Albania,1810,35.4
Albania,1811,35.4
Albania,1812,35.4
Albania,1813,35.4
Albania,1814,35.4
Albania,1815,35.4
Albania,1816,35.4
Albania,1817,35.4
Albania,1818,35.4
Albania,1819,35.4
Albania,1820,35.4
Albania,1821,35.4
Albania,1822,35.4
Albania,1823,35.4
Albania,1824,35.4
Albania,1825,35.4
Albania,1826,35.4
Albania,1827,35.4
Albania,1828,35.4
Albania,1829,35.4
Albania,1830,35.4
Albania,1831,35.4
Albania,1832,35.4
Albania,1833,35.4
Albania,1834,35.4
Albania,1835,35.4
Albania,1836,35.4
Albania,1837,35.4
Albania,1838,35.4
Albania,1839,35.4
Albania,1840,35.4
Albania,1841,35.4
Albania,1842,35.4
Albania,1843,35.4
Albania,1844,35.4
Albania,1845,35.4
Albania,1846,35.4
Albania,1847,35.4
Albania,1848,35.4
Albania,1849,35.4
Albania,1850,35.4
Albania,1851,35.4
Albania,1852,35.4
Albania,1853,35.4
Albania,1854,35.3
Albania,1855,35.3
Albania,1856,35.3
Albania,1857,35.3
Albania,1858,35.3
Albania,1859,35.3
Albania,1860,35.3
Albania,1861,35.2
Albania,1862,35.2
Albania,1863,35.2
Albania,1864,35.2
Albania,1865,35.2
Albania,1866,35.2
Albania,1867,35.1
Albania,1868,35.1
Albania,1869,35.1
Albania,1870,35.1
Albania,1871,35.1
Albania,1872,35.1
Albania,1873,35.1
Albania,1874,35
Albania,1875,35
Albania,1876,35
Albania,1877,35
Albania,1878,35
Albania,1879,35
Albania,1880,35
Albania,1881,34.9
Albania,1882,34.9
Albania,1883,34.9
Albania,1884,34.9
Albania,1885,34.9
Albania,1886,34.9
Albania,1887,34.9
Albania,1888,34.8
Albania,1889,34.8
Albania,1890,34.8
Albania,1891,34.8
Albania,1892,34.8
Albania,1893,34.8
Albania,1894,34.8
Albania,1895,34.7
Albania,1896,34.7
Albania,1897,34.7
Albania,1898,34.7
Albania,1899,34.7
Albania,1900,34.7
Albania,1901,34.6
Albania,1902,34.6
Albania,1903,34.6
Albania,1904,34.6
Albania,1905,34.6
Albania,1906,34.6
Albania,1907,34.6
Albania,1908,34.5
Albania,1909,34.5
Albania,1910,34.5
Albania,1911,34.5
Albania,1912,34.5
Albania,1913,34.5
Albania,1914,34.5
Albania,1915,34.4
Albania,1916,34.4
Albania,1917,34.4
Albania,1918,18.9
Albania,1919,34.4
Albania,1920,34.4
Albania,1921,34.4
Albania,1922,34.3
Albania,1923,34.3
Albania,1924,34.3
Albania,1925,34.3
Albania,1926,34.3
Albania,1927,34.3
Albania,1928,34.3
Albania,1929,34.2
Albania,1930,35.1
Albania,1931,35.9
Albania,1932,36.8
Albania,1933,37.6
Albania,1934,38.5
Albania,1935,39.3
Albania,1936,40.2
Albania,1937,41
Albania,1938,41.9
Albania,1939,41.4
Albania,1940,40.4
Albania,1941,40
Albania,1942,38.5
Albania,1943,35.6
Albania,1944,32.8
Albania,1945,45.3
Albania,1946,48.2
Albania,1947,49.6
Albania,1948,50.5
Albania,1949,51.4
Albania,1950,52.2
Albania,1951,53.6
Albania,1952,54.5
Albania,1953,55.4
Albania,1954,56.1
Albania,1955,56.3
Albania,1956,58
Albania,1957,59.3
Albania,1958,61
Albania,1959,61.7
Albania,1960,62.5
Albania,1961,63.3
Albania,1962,63.3
Albania,1963,63.8
Albania,1964,64.4
Albania,1965,64.8
Albania,1966,65.5
Albania,1967,66.1
Albania,1968,66.5
Albania,1969,67.1
Albania,1970,67.8
Albania,1971,68.3
Albania,1972,68.8
Albania,1973,69.3
Albania,1974,69.8
Albania,1975,70.2
Albania,1976,70.7
Albania,1977,71.1
Albania,1978,71.7
Albania,1979,71.3
Albania,1980,71.3
Albania,1981,71.3
Albania,1982,71.4
Albania,1983,71.2
Albania,1984,71.4
Albania,1985,71.9
Albania,1986,72.3
Albania,1987,72.2
Albania,1988,72.4
Albania,1989,72.5
Albania,1990,72.8
Albania,1991,72.6
Albania,1992,73.2
Albania,1993,73.8
Albania,1994,74.6
Albania,1995,74.6
Albania,1996,74.5
Albania,1997,72.9
Albania,1998,74.8
Albania,1999,75.1
Albania,2000,75.4
Albania,2001,76
Albania,2002,75.9
Albania,2003,75.6
Albania,2004,75.8
Albania,2005,76.2
Albania,2006,76.9
Albania,2007,77.5
Albania,2008,77.6
Albania,2009,78
Albania,2010,78.1
Albania,2011,78.1
Albania,2012,78.2
Albania,2013,78.3
Albania,2014,78.2
Albania,2015,78.1
Albania,2016,78.2
Albania,2017,78.3
Albania,2018,78.4
Albania,2019,78.5
Albania,2020,76.2
Albania,2021,75.7
Albania,2022,76.1
Albania,2023,77.3
Albania,2024,79.5
Andorra,1950,74.6
Andorra,1951,74.7
Andorra,1952,74.8
Andorra,1953,75
Andorra,1954,75.1
Andorra,1955,75.2
Andorra,1956,75.3
Andorra,1957,75.4
Andorra,1958,75.5
Andorra,1959,75.6
Andorra,1960,75.7
Andorra,1961,75.8
Andorra,1962,75.9
Andorra,1963,76
Andorra,1964,76.2
Andorra,1965,76.3
Andorra,1966,76.4
Andorra,1967,76.5
Andorra,1968,76.7
Andorra,1969,76.8
Andorra,1970,77
Andorra,1971,77.1
Andorra,1972,77.2
Andorra,1973,77.4
Andorra,1974,77.5
Andorra,1975,77.7
Andorra,1976,77.8
Andorra,1977,78
Andorra,1978,78.1
Andorra,1979,78.2
Andorra,1980,78.3
Andorra,1981,78.4
Andorra,1982,78.5
Andorra,1983,78.5
Andorra,1984,78.6
Andorra,1985,78.7
Andorra,1986,78.8
Andorra,1987,78.8
Andorra,1988,78.9
Andorra,1989,79
Andorra,1990,79
Andorra,1991,79.1
Andorra,1992,79.2
Andorra,1993,79.3
Andorra,1994,79.5
Andorra,1995,79.8
Andorra,1996,80
Andorra,1997,80.2
Andorra,1998,80.4
Andorra,1999,80.6
Andorra,2000,80.8
Andorra,2001,80.9
Andorra,2002,81.1
Andorra,2003,81.2
Andorra,2004,81.3
Andorra,2005,81.4
Andorra,2006,81.5
Andorra,2007,81.7
Andorra,2008,81.8
Andorra,2009,81.8
Andorra,2010,81.8
Andorra,2011,81.9
Andorra,2012,81.9
Andorra,2013,82
Andorra,2014,82
Andorra,2015,82
Andorra,2016,82.1
Andorra,2017,82.1
Andorra,2018,82.1
Andorra,2019,82.2
Andorra,2020,78.3
Andorra,2021,79.6
Andorra,2022,82.7
Andorra,2023,82.9
Andorra,2024,83
UAE,1800,30.7
UAE,1801,30.7
UAE,1802,30.7
UAE,1803,30.7
UAE,1804,30.7
UAE,1805,30.7
UAE,1806,30.7
UAE,1807,30.7
UAE,1808,30.7
UAE,1809,30.7
UAE,1810,30.7
UAE,1811,30.7
UAE,1812,30.7
UAE,1813,30.7
UAE,1814,30.7
UAE,1815,30.7
UAE,1816,30.7
UAE,1817,30.7
UAE,1818,30.7
UAE,1819,30.7
UAE,1820,30.7
UAE,1821,30.7
UAE,1822,30.7
UAE,1823,30.7
UAE,1824,30.7
UAE,1825,30.7
UAE,1826,30.7
UAE,1827,30.7
UAE,1828,30.7
UAE,1829,30.7
UAE,1830,30.7
UAE,1831,30.7
UAE,1832,30.7
UAE,1833,30.7
UAE,1834,30.7
UAE,1835,30.7
UAE,1836,30.7
UAE,1837,30.7
UAE,1838,30.7
UAE,1839,30.7
UAE,1840,30.7
UAE,1841,30.7
UAE,1842,30.7
UAE,1843,30.7
UAE,1844,30.7
UAE,1845,30.7
UAE,1846,30.7
UAE,1847,30.7
UAE,1848,30.7
UAE,1849,30.7
UAE,1850,30.7
UAE,1851,30.8
UAE,1852,31
UAE,1853,31.1
UAE,1854,31.2
UAE,1855,31.3
UAE,1856,31.5
UAE,1857,31.6
UAE,1858,31.7
UAE,1859,31.9
UAE,1860,32
UAE,1861,32.1
UAE,1862,32.2
UAE,1863,32.4
UAE,1864,32.5
UAE,1865,32.6
UAE,1866,32.8
UAE,1867,32.9
UAE,1868,33
UAE,1869,33.1
UAE,1870,33.3
UAE,1871,33.4
UAE,1872,33.5
UAE,1873,33.6
UAE,1874,33.8
UAE,1875,33.9
UAE,1876,34
UAE,1877,34.1
UAE,1878,34.3
UAE,1879,34.4
UAE,1880,34.5
UAE,1881,34.7
UAE,1882,34.8
UAE,1883,34.9
UAE,1884,35
UAE,1885,35.2
UAE,1886,35.3
UAE,1887,35.4
UAE,1888,35.6
UAE,1889,35.7
UAE,1890,35.8
UAE,1891,36
UAE,1892,36.1
UAE,1893,36.2
UAE,1894,36.3
UAE,1895,36.5
UAE,1896,36.6
UAE,1897,36.7
UAE,1898,36.8
UAE,1899,37
UAE,1900,37.1
UAE,1901,37.2
UAE,1902,37.4
UAE,1903,37.5
UAE,1904,37.6
UAE,1905,37.7
UAE,1906,37.9
UAE,1907,38
UAE,1908,38.1
UAE,1909,38.3
UAE,1910,38.4
UAE,1911,38.5
UAE,1912,38.6
UAE,1913,38.8
UAE,1914,38.9
UAE,1915,39
UAE,1916,39.1
UAE,1917,39.3
UAE,1918,32.7
UAE,1919,39.5
UAE,1920,39.7
UAE,1921,39.8
UAE,1922,39.9
UAE,1923,40
UAE,1924,40.2
UAE,1925,40.3
UAE,1926,40.4
UAE,1927,40.5
UAE,1928,40.7
UAE,1929,40.8
UAE,1930,40.9
UAE,1931,41.1
UAE,1932,41.2
UAE,1933,41.3
UAE,1934,41.5
UAE,1935,41.6
UAE,1936,41.7
UAE,1937,41.8
UAE,1938,42
UAE,1939,42.1
UAE,1940,42.2
UAE,1941,42.3
UAE,1942,42.4
UAE,1943,42.5
UAE,1944,42.6
UAE,1945,42.7
UAE,1946,45.8
UAE,1947,49
UAE,1948,52.1
UAE,1949,55.3
UAE,1950,58.4
UAE,1951,58.5
UAE,1952,58.6
UAE,1953,58.7
UAE,1954,58.8
UAE,1955,58.9
UAE,1956,58.8
UAE,1957,59.3
UAE,1958,59.6
UAE,1959,59.7
UAE,1960,60.3
UAE,1961,60.8
UAE,1962,61.3
UAE,1963,61.6
UAE,1964,62.1
UAE,1965,62.6
UAE,1966,63
UAE,1967,63.4
UAE,1968,63.8
UAE,1969,64.2
UAE,1970,64
UAE,1971,64.9
UAE,1972,65.1
UAE,1973,65.4
UAE,1974,65.7
UAE,1975,66
UAE,1976,66.3
UAE,1977,66.6
UAE,1978,67
UAE,1979,67.3
UAE,1980,67.6
UAE,1981,68
UAE,1982,68.1
UAE,1983,67.9
UAE,1984,68.4
UAE,1985,68.5
UAE,1986,68.5
UAE,1987,68.5
UAE,1988,68.5
UAE,1989,68.6
UAE,1990,68.7
UAE,1991,68.7
UAE,1992,68.8
UAE,1993,68.8
UAE,1994,68.7
UAE,1995,68.8
UAE,1996,68.9
UAE,1997,69
UAE,1998,69.2
UAE,1999,69.2
UAE,2000,69.1
UAE,2001,69.2
UAE,2002,69.4
UAE,2003,69.3
UAE,2004,69.1
UAE,2005,69.2
UAE,2006,69.5
UAE,2007,70
UAE,2008,70.4
UAE,2009,70.6
UAE,2010,70.8
UAE,2011,71
UAE,2012,71.2
UAE,2013,71.6
UAE,2014,73
UAE,2015,73.2
UAE,2016,73.4
UAE,2017,73.5
UAE,2018,73.7
UAE,2019,73.9
UAE,2020,73.2
UAE,2021,73
UAE,2022,73.4
UAE,2023,74.6
UAE,2024,74.8
Argentina,1800,33.2
Argentina,1801,33.2
Argentina,1802,33.2
Argentina,1803,33.2
Argentina,1804,33.2
Argentina,1805,33.2
Argentina,1806,33.2
Argentina,1807,33.2
Argentina,1808,33.2
Argentina,1809,33.2
Argentina,1810,33.2
Argentina,1811,33.2
Argentina,1812,33.2
Argentina,1813,33.2
Argentina,1814,33.2
Argentina,1815,33.2
Argentina,1816,33.2
Argentina,1817,33.2
Argentina,1818,33.2
Argentina,1819,33.2
Argentina,1820,33.2
Argentina,1821,33.2
Argentina,1822,33.2
Argentina,1823,33.2
Argentina,1824,33.2
Argentina,1825,33.2
Argentina,1826,33.2
Argentina,1827,33.2
Argentina,1828,33.2
Argentina,1829,33.2
Argentina,1830,33.2
Argentina,1831,33.2
Argentina,1832,33.2
Argentina,1833,33.2
Argentina,1834,33.2
Argentina,1835,33.2
Argentina,1836,33.2
Argentina,1837,33.2
Argentina,1838,33.2
Argentina,1839,33.2
Argentina,1840,33.2
Argentina,1841,33.2
Argentina,1842,33.2
Argentina,1843,33.2
Argentina,1844,33.2
Argentina,1845,33.2
Argentina,1846,33.2
Argentina,1847,33.2
Argentina,1848,33.2
Argentina,1849,33.2
Argentina,1850,33.2
Argentina,1851,33.2
Argentina,1852,33.2
Argentina,1853,33.2
Argentina,1854,33.2
Argentina,1855,33.3
Argentina,1856,33.3
Argentina,1857,33.3
Argentina,1858,33.3
Argentina,1859,33.3
Argentina,1860,33.3
Argentina,1861,33.3
Argentina,1862,33.3
Argentina,1863,33.3
Argentina,1864,33.3
Argentina,1865,33.3
Argentina,1866,33.4
Argentina,1867,33.4
Argentina,1868,33.4
Argentina,1869,33.4
Argentina,1870,33.4
Argentina,1871,33.4
Argentina,1872,33.4
Argentina,1873,33.4
Argentina,1874,33.4
Argentina,1875,33.4
Argentina,1876,33.4
Argentina,1877,33.4
Argentina,1878,33.4
Argentina,1879,33.4
Argentina,1880,33.4
Argentina,1881,33.3
Argentina,1882,33.2
Argentina,1883,33.1
Argentina,1884,33
Argentina,1885,32.9
Argentina,1886,33.2
Argentina,1887,33.5
Argentina,1888,33.8
Argentina,1889,34.1
Argentina,1890,34.4
Argentina,1891,34.2
Argentina,1892,34.1
Argentina,1893,34
Argentina,1894,33.8
Argentina,1895,33.7
Argentina,1896,34.4
Argentina,1897,35.1
Argentina,1898,35.9
Argentina,1899,36.6
Argentina,1900,37.3
Argentina,1901,37.9
Argentina,1902,38.5
Argentina,1903,39.1
Argentina,1904,39.7
Argentina,1905,40.3
Argentina,1906,41.1
Argentina,1907,41.9
Argentina,1908,42.6
Argentina,1909,43.4
Argentina,1910,44.2
Argentina,1911,44.8
Argentina,1912,45.3
Argentina,1913,45.9
Argentina,1914,46.5
Argentina,1915,47
Argentina,1916,47.9
Argentina,1917,48.7
Argentina,1918,42.5
Argentina,1919,50.3
Argentina,1920,51.2
Argentina,1921,51.7
Argentina,1922,52.2
Argentina,1923,52.7
Argentina,1924,53.2
Argentina,1925,53.7
Argentina,1926,54
Argentina,1927,54.4
Argentina,1928,54.8
Argentina,1929,55.1
Argentina,1930,55.5
Argentina,1931,55.5
Argentina,1932,55.5
Argentina,1933,55.5
Argentina,1934,55.5
Argentina,1935,55.6
Argentina,1936,56.6
Argentina,1937,57.6
Argentina,1938,58.6
Argentina,1939,59.6
Argentina,1940,60.6
Argentina,1941,61.2
Argentina,1942,61.8
Argentina,1943,62.5
Argentina,1944,63.1
Argentina,1945,63.7
Argentina,1946,63.6
Argentina,1947,63.5
Argentina,1948,63.5
Argentina,1949,63.4
Argentina,1950,63.3
Argentina,1951,63.5
Argentina,1952,64.2
Argentina,1953,64.1
Argentina,1954,64.7
Argentina,1955,64.5
Argentina,1956,65.2
Argentina,1957,65.2
Argentina,1958,65.4
Argentina,1959,65.4
Argentina,1960,65.3
Argentina,1961,65.7
Argentina,1962,65.8
Argentina,1963,65.8
Argentina,1964,65.8
Argentina,1965,66.1
Argentina,1966,66.6
Argentina,1967,66.5
Argentina,1968,66
Argentina,1969,65.9
Argentina,1970,66.1
Argentina,1971,66.9
Argentina,1972,67.3
Argentina,1973,67.7
Argentina,1974,67.9
Argentina,1975,68
Argentina,1976,67
Argentina,1977,67.7
Argentina,1978,69
Argentina,1979,69.8
Argentina,1980,70.2
Argentina,1981,70.3
Argentina,1982,70.9
Argentina,1983,70.7
Argentina,1984,70.8
Argentina,1985,71.7
Argentina,1986,72
Argentina,1987,72.1
Argentina,1988,72.1
Argentina,1989,72.3
Argentina,1990,72.5
Argentina,1991,72.7
Argentina,1992,72.8
Argentina,1993,73
Argentina,1994,73.4
Argentina,1995,73.4
Argentina,1996,73.5
Argentina,1997,73.6
Argentina,1998,73.7
Argentina,1999,73.8
Argentina,2000,74.2
Argentina,2001,74.3
Argentina,2002,74.3
Argentina,2003,74.4
Argentina,2004,74.9
Argentina,2005,75.3
Argentina,2006,75.4
Argentina,2007,75.3
Argentina,2008,75.7
Argentina,2009,75.8
Argentina,2010,75.9
Argentina,2011,76
Argentina,2012,76.2
Argentina,2013,76.3
Argentina,2014,76.5
Argentina,2015,76.5
Argentina,2016,76.2
Argentina,2017,76.3
Argentina,2018,76.5
Argentina,2019,76.6
Argentina,2020,75.2
Argentina,2021,74.7
Argentina,2022,75.4
Argentina,2023,77.3
Argentina,2024,77.4
Armenia,1800,34
Armenia,1801,34
Armenia,1802,34
Armenia,1803,34
Armenia,1804,34
Armenia,1805,34
Armenia,1806,34
Armenia,1807,34
Armenia,1808,34
Armenia,1809,34
Armenia,1810,34
Armenia,1811,34
Armenia,1812,34
Armenia,1813,34
Armenia,1814,34
Armenia,1815,34
Armenia,1816,34
Armenia,1817,34
Armenia,1818,34
Armenia,1819,34
Armenia,1820,34
Armenia,1821,34
Armenia,1822,34
Armenia,1823,34
Armenia,1824,34
Armenia,1825,34
Armenia,1826,34
Armenia,1827,34
Armenia,1828,34
Armenia,1829,34
Armenia,1830,34
Armenia,1831,34
Armenia,1832,34
Armenia,1833,34
Armenia,1834,34
Armenia,1835,34
Armenia,1836,34
Armenia,1837,34
Armenia,1838,34
Armenia,1839,34
Armenia,1840,34
Armenia,1841,34
Armenia,1842,34
Armenia,1843,34
Armenia,1844,34
Armenia,1845,34
Armenia,1846,34
Armenia,1847,34
Armenia,1848,34
Armenia,1849,34
Armenia,1850,34
Armenia,1851,33.9
Armenia,1852,33.9
Armenia,1853,33.8
Armenia,1854,33.7
Armenia,1855,33.6
Armenia,1856,33.5
Armenia,1857,33.5
Armenia,1858,33.4
Armenia,1859,33.3
Armenia,1860,33.2
Armenia,1861,33.1
Armenia,1862,33.1
Armenia,1863,33
Armenia,1864,32.4
Armenia,1865,31.8
Armenia,1866,31.2
Armenia,1867,30.7
Armenia,1868,30.1
Armenia,1869,30.1
Armenia,1870,30
Armenia,1871,30
Armenia,1872,30
Armenia,1873,29.9
Armenia,1874,30.1
Armenia,1875,30.2
Armenia,1876,30.3
Armenia,1877,30.4
Armenia,1878,30.5
Armenia,1879,30.6
Armenia,1880,30.8
Armenia,1881,30.9
Armenia,1882,31
Armenia,1883,31.1
Armenia,1884,31.2
Armenia,1885,31.3
Armenia,1886,31.4
Armenia,1887,31.5
Armenia,1888,31.6
Armenia,1889,31.7
Armenia,1890,31.8
Armenia,1891,31.9
Armenia,1892,32
Armenia,1893,32.1
Armenia,1894,32.2
Armenia,1895,32.3
Armenia,1896,32.4
Armenia,1897,32.5
Armenia,1898,32.3
Armenia,1899,32
Armenia,1900,31.8
Armenia,1901,32
Armenia,1902,32.1
Armenia,1903,32.2
Armenia,1904,32.4
Armenia,1905,32.5
Armenia,1906,32.6
Armenia,1907,32.8
Armenia,1908,32.9
Armenia,1909,33
Armenia,1910,33.2
Armenia,1911,35.6
Armenia,1912,35.9
Armenia,1913,33.9
Armenia,1914,33.5
Armenia,1915,33.1
Armenia,1916,33
Armenia,1917,30.4
Armenia,1918,22.8
Armenia,1919,31.2
Armenia,1920,23.6
Armenia,1921,31.9
Armenia,1922,32.6
Armenia,1923,33.3
Armenia,1924,35.2
Armenia,1925,34.4
Armenia,1926,37
Armenia,1927,36.3
Armenia,1928,37.4
Armenia,1929,36.3
Armenia,1930,35.7
Armenia,1931,34.3
Armenia,1932,32.1
Armenia,1933,26.8
Armenia,1934,37.2
Armenia,1935,38.3
Armenia,1936,39.6
Armenia,1937,38.6
Armenia,1938,39.9
Armenia,1939,41.7
Armenia,1940,39.6
Armenia,1941,22.2
Armenia,1942,19.4
Armenia,1943,17.9
Armenia,1944,23.7
Armenia,1945,31.1
Armenia,1946,44.6
Armenia,1947,38.3
Armenia,1948,44.5
Armenia,1949,46.5
Armenia,1950,48.2
Armenia,1951,49
Armenia,1952,50
Armenia,1953,51.1
Armenia,1954,52.1
Armenia,1955,53.3
Armenia,1956,54.5
Armenia,1957,55.7
Armenia,1958,56.5
Armenia,1959,58
Armenia,1960,59.2
Armenia,1961,60.4
Armenia,1962,61.4
Armenia,1963,62
Armenia,1964,62.9
Armenia,1965,63.6
Armenia,1966,64.2
Armenia,1967,64.7
Armenia,1968,65.1
Armenia,1969,65.3
Armenia,1970,65.9
Armenia,1971,66.4
Armenia,1972,66.8
Armenia,1973,67.2
Armenia,1974,67.9
Armenia,1975,68.2
Armenia,1976,69
Armenia,1977,69.5
Armenia,1978,69.7
Armenia,1979,70.2
Armenia,1980,70.2
Armenia,1981,70.5
Armenia,1982,70.8
Armenia,1983,70.8
Armenia,1984,71.1
Armenia,1985,71.3
Armenia,1986,71.7
Armenia,1987,71.8
Armenia,1988,55.3
Armenia,1989,71
Armenia,1990,70.6
Armenia,1991,70.3
Armenia,1992,69.4
Armenia,1993,69
Armenia,1994,69.5
Armenia,1995,70.1
Armenia,1996,70.4
Armenia,1997,71.1
Armenia,1998,71.6
Armenia,1999,71.9
Armenia,2000,72.4
Armenia,2001,72.5
Armenia,2002,72.7
Armenia,2003,72.8
Armenia,2004,73
Armenia,2005,73
Armenia,2006,73.1
Armenia,2007,73.5
Armenia,2008,73.5
Armenia,2009,73.6
Armenia,2010,73.9
Armenia,2011,74.2
Armenia,2012,74.6
Armenia,2013,75.1
Armenia,2014,75.2
Armenia,2015,75.1
Armenia,2016,75.3
Armenia,2017,75.5
Armenia,2018,75.6
Armenia,2019,75.7
Armenia,2020,72.5
Armenia,2021,72.3
Armenia,2022,73.7
Armenia,2023,76.5
Armenia,2024,76.7
Antigua and Barbuda,1800,33.5
Antigua and Barbuda,1801,33.5
Antigua and Barbuda,1802,33.5
Antigua and Barbuda,1803,33.5
Antigua and Barbuda,1804,33.5
Antigua and Barbuda,1805,33.5
Antigua and Barbuda,1806,33.5
Antigua and Barbuda,1807,33.5
Antigua and Barbuda,1808,33.5
Antigua and Barbuda,1809,33.5
Antigua and Barbuda,1810,33.5
Antigua and Barbuda,1811,33.5
Antigua and Barbuda,1812,33.5
Antigua and Barbuda,1813,33.5
Antigua and Barbuda,1814,33.5
Antigua and Barbuda,1815,33.5
Antigua and Barbuda,1816,33.5
Antigua and Barbuda,1817,33.5
Antigua and Barbuda,1818,33.5
Antigua and Barbuda,1819,33.5
Antigua and Barbuda,1820,33.5
Antigua and Barbuda,1821,33.5
Antigua and Barbuda,1822,33.5
Antigua and Barbuda,1823,33.5
Antigua and Barbuda,1824,33.5
Antigua and Barbuda,1825,33.5
Antigua and Barbuda,1826,33.5
Antigua and Barbuda,1827,33.5
Antigua and Barbuda,1828,33.5
Antigua and Barbuda,1829,33.5
Antigua and Barbuda,1830,33.5
Antigua and Barbuda,1831,33.5
Antigua and Barbuda,1832,33.5
Antigua and Barbuda,1833,33.5
Antigua and Barbuda,1834,33.5
Antigua and Barbuda,1835,33.5
Antigua and Barbuda,1836,33.5
Antigua and Barbuda,1837,33.5
Antigua and Barbuda,1838,33.5
Antigua and Barbuda,1839,33.5
Antigua and Barbuda,1840,33.5
Antigua and Barbuda,1841,33.5
Antigua and Barbuda,1842,33.5
Antigua and Barbuda,1843,33.5
Antigua and Barbuda,1844,33.5
Antigua and Barbuda,1845,33.5
Antigua and Barbuda,1846,33.5
Antigua and Barbuda,1847,33.5
Antigua and Barbuda,1848,33.5
Antigua and Barbuda,1849,33.5
Antigua and Barbuda,1850,33.5
Antigua and Barbuda,1851,33.5
Antigua and Barbuda,1852,33.5
Antigua and Barbuda,1853,33.5
Antigua and Barbuda,1854,33.5
Antigua and Barbuda,1855,33.5
Antigua and Barbuda,1856,33.5
Antigua and Barbuda,1857,33.5
Antigua and Barbuda,1858,33.5
Antigua and Barbuda,1859,33.5
Antigua and Barbuda,1860,33.5
Antigua and Barbuda,1861,33.5
Antigua and Barbuda,1862,33.5
Antigua and Barbuda,1863,33.5
Antigua and Barbuda,1864,33.5
Antigua and Barbuda,1865,33.5
Antigua and Barbuda,1866,33.6
Antigua and Barbuda,1867,33.6
Antigua and Barbuda,1868,33.6
Antigua and Barbuda,1869,33.6
Antigua and Barbuda,1870,33.6
Antigua and Barbuda,1871,33.6
Antigua and Barbuda,1872,33.6
Antigua and Barbuda,1873,33.6
Antigua and Barbuda,1874,33.6
Antigua and Barbuda,1875,33.6
Antigua and Barbuda,1876,33.6
Antigua and Barbuda,1877,33.6
Antigua and Barbuda,1878,33.6
Antigua and Barbuda,1879,33.6
Antigua and Barbuda,1880,33.6
Antigua and Barbuda,1881,33.6
Antigua and Barbuda,1882,33.6
Antigua and Barbuda,1883,33.6
Antigua and Barbuda,1884,33.6
Antigua and Barbuda,1885,33.6
Antigua and Barbuda,1886,33.6
Antigua and Barbuda,1887,33.6
Antigua and Barbuda,1888,33.6
Antigua and Barbuda,1889,33.6
Antigua and Barbuda,1890,33.6
Antigua and Barbuda,1891,33.6
Antigua and Barbuda,1892,33.6
Antigua and Barbuda,1893,33.6
Antigua and Barbuda,1894,33.6
Antigua and Barbuda,1895,33.6
Antigua and Barbuda,1896,33.6
Antigua and Barbuda,1897,33.6
Antigua and Barbuda,1898,33.6
Antigua and Barbuda,1899,33.6
Antigua and Barbuda,1900,33.6
Antigua and Barbuda,1901,33.6
Antigua and Barbuda,1902,33.6
Antigua and Barbuda,1903,33.6
Antigua and Barbuda,1904,33.6
Antigua and Barbuda,1905,33.6
Antigua and Barbuda,1906,33.6
Antigua and Barbuda,1907,33.6
Antigua and Barbuda,1908,33.6
Antigua and Barbuda,1909,33.6
Antigua and Barbuda,1910,33.6
Antigua and Barbuda,1911,33.6
Antigua and Barbuda,1912,33.6
Antigua and Barbuda,1913,33.6
Antigua and Barbuda,1914,33.6
Antigua and Barbuda,1915,33.6
Antigua and Barbuda,1916,33.6
Antigua and Barbuda,1917,33.6
Antigua and Barbuda,1918,21.8
Antigua and Barbuda,1919,33.6
Antigua and Barbuda,1920,33.6
Antigua and Barbuda,1921,33.6
Antigua and Barbuda,1922,34.4
Antigua and Barbuda,1923,35.3
Antigua and Barbuda,1924,36.1
Antigua and Barbuda,1925,36.9
Antigua and Barbuda,1926,37.8
Antigua and Barbuda,1927,38.6
Antigua and Barbuda,1928,39.4
Antigua and Barbuda,1929,40.3
Antigua and Barbuda,1930,41.1
Antigua and Barbuda,1931,41.9
Antigua and Barbuda,1932,42.7
Antigua and Barbuda,1933,43.6
Antigua and Barbuda,1934,44.4
Antigua and Barbuda,1935,45.2
Antigua and Barbuda,1936,46.1
Antigua and Barbuda,1937,46.9
Antigua and Barbuda,1938,47.7
Antigua and Barbuda,1939,48.5
Antigua and Barbuda,1940,49.4
Antigua and Barbuda,1941,50.3
Antigua and Barbuda,1942,51.1
Antigua and Barbuda,1943,52
Antigua and Barbuda,1944,52.9
Antigua and Barbuda,1945,53.8
Antigua and Barbuda,1946,54.6
Antigua and Barbuda,1947,55.5
Antigua and Barbuda,1948,56.4
Antigua and Barbuda,1949,57.3
Antigua and Barbuda,1950,58.1
Antigua and Barbuda,1951,58.7
Antigua and Barbuda,1952,59.3
Antigua and Barbuda,1953,59.8
Antigua and Barbuda,1954,60.3
Antigua and Barbuda,1955,60.9
Antigua and Barbuda,1956,61.5
Antigua and Barbuda,1957,61.9
Antigua and Barbuda,1958,62.6
Antigua and Barbuda,1959,63.3
Antigua and Barbuda,1960,63.8
Antigua and Barbuda,1961,64.8
Antigua and Barbuda,1962,65.5
Antigua and Barbuda,1963,65.8
Antigua and Barbuda,1964,66.1
Antigua and Barbuda,1965,66.7
Antigua and Barbuda,1966,67.1
Antigua and Barbuda,1967,67.2
Antigua and Barbuda,1968,67.6
Antigua and Barbuda,1969,68
Antigua and Barbuda,1970,68.3
Antigua and Barbuda,1971,68.9
Antigua and Barbuda,1972,69.4
Antigua and Barbuda,1973,69.8
Antigua and Barbuda,1974,70
Antigua and Barbuda,1975,70.2
Antigua and Barbuda,1976,70.3
Antigua and Barbuda,1977,70.6
Antigua and Barbuda,1978,71
Antigua and Barbuda,1979,71.6
Antigua and Barbuda,1980,72.1
Antigua and Barbuda,1981,72.6
Antigua and Barbuda,1982,73.2
Antigua and Barbuda,1983,73.8
Antigua and Barbuda,1984,73.5
Antigua and Barbuda,1985,73.8
Antigua and Barbuda,1986,74
Antigua and Barbuda,1987,74.2
Antigua and Barbuda,1988,74.3
Antigua and Barbuda,1989,74.3
Antigua and Barbuda,1990,74
Antigua and Barbuda,1991,74
Antigua and Barbuda,1992,74
Antigua and Barbuda,1993,73.4
Antigua and Barbuda,1994,73.3
Antigua and Barbuda,1995,73.3
Antigua and Barbuda,1996,74
Antigua and Barbuda,1997,73.5
Antigua and Barbuda,1998,74.5
Antigua and Barbuda,1999,74.7
Antigua and Barbuda,2000,74.8
Antigua and Barbuda,2001,75.1
Antigua and Barbuda,2002,75.4
Antigua and Barbuda,2003,75.6
Antigua and Barbuda,2004,75.7
Antigua and Barbuda,2005,75.9
Antigua and Barbuda,2006,75.9
Antigua and Barbuda,2007,75.1
Antigua and Barbuda,2008,75.2
Antigua and Barbuda,2009,75.8
Antigua and Barbuda,2010,75.9
Antigua and Barbuda,2011,76
Antigua and Barbuda,2012,76
Antigua and Barbuda,2013,76.1
Antigua and Barbuda,2014,76
Antigua and Barbuda,2015,76
Antigua and Barbuda,2016,76
Antigua and Barbuda,2017,76.1
Antigua and Barbuda,2018,76.2
Antigua and Barbuda,2019,76.3
Antigua and Barbuda,2020,76.4
Antigua and Barbuda,2021,76.1
Antigua and Barbuda,2022,76.8
Antigua and Barbuda,2023,77
Antigua and Barbuda,2024,77.2
Australia,1800,34
Australia,1801,34
Australia,1802,34
Australia,1803,34
Australia,1804,34
Australia,1805,34
Australia,1806,34
Australia,1807,34
Australia,1808,34
Australia,1809,34
Australia,1810,34
Australia,1811,34
Australia,1812,34
Australia,1813,34
Australia,1814,34
Australia,1815,34
Australia,1816,34
Australia,1817,34
Australia,1818,34
Australia,1819,34
Australia,1820,34
Australia,1821,34
Australia,1822,34
Australia,1823,34
Australia,1824,34
Australia,1825,34
Australia,1826,34
Australia,1827,34
Australia,1828,34
Australia,1829,34
Australia,1830,34
Australia,1831,34
Australia,1832,34
Australia,1833,34
Australia,1834,34
Australia,1835,34
Australia,1836,34
Australia,1837,34
Australia,1838,34
Australia,1839,34
Australia,1840,34
Australia,1841,34
Australia,1842,34
Australia,1843,34
Australia,1844,34
Australia,1845,34
Australia,1846,34
Australia,1847,34
Australia,1848,34
Australia,1849,34
Australia,1850,34
Australia,1851,34
Australia,1852,34
Australia,1853,34.1
Australia,1854,34.1
Australia,1855,34.1
Australia,1856,34.1
Australia,1857,34.1
Australia,1858,34.1
Australia,1859,34.1
Australia,1860,34.1
Australia,1861,34.1
Australia,1862,34.1
Australia,1863,34.1
Australia,1864,34.1
Australia,1865,34.1
Australia,1866,34.1
Australia,1867,34.1
Australia,1868,34.1
Australia,1869,34.1
Australia,1870,34.1
Australia,1871,34.6
Australia,1872,35.1
Australia,1873,35.7
Australia,1874,36.2
Australia,1875,36.8
Australia,1876,37.3
Australia,1877,37.8
Australia,1878,38.3
Australia,1879,38.9
Australia,1880,39.4
Australia,1881,39.9
Australia,1882,40.5
Australia,1883,41
Australia,1884,41.5
Australia,1885,42.1
Australia,1886,42.6
Australia,1887,43.1
Australia,1888,43.7
Australia,1889,44.2
Australia,1890,44.7
Australia,1891,45.3
Australia,1892,45.8
Australia,1893,46.3
Australia,1894,46.9
Australia,1895,47.4
Australia,1896,47.9
Australia,1897,48.5
Australia,1898,49
Australia,1899,49.5
Australia,1900,50.1
Australia,1901,50.6
Australia,1902,51.1
Australia,1903,51.7
Australia,1904,52.2
Australia,1905,52.7
Australia,1906,53.3
Australia,1907,53.8
Australia,1908,54.3
Australia,1909,54.9
Australia,1910,55.4
Australia,1911,55.9
Australia,1912,56.5
Australia,1913,57
Australia,1914,57.5
Australia,1915,58.1
Australia,1916,58.6
Australia,1917,59.1
Australia,1918,55
Australia,1919,60.2
Australia,1920,60.8
Australia,1921,61.3
Australia,1922,63.1
Australia,1923,62
Australia,1924,62.8
Australia,1925,63.5
Australia,1926,63.2
Australia,1927,63.2
Australia,1928,63.2
Australia,1929,63.4
Australia,1930,65.3
Australia,1931,65.7
Australia,1932,66
Australia,1933,65.8
Australia,1934,65.2
Australia,1935,65.5
Australia,1936,65.6
Australia,1937,66.2
Australia,1938,66.2
Australia,1939,66.2
Australia,1940,66.6
Australia,1941,66.5
Australia,1942,66.2
Australia,1943,66.8
Australia,1944,68.4
Australia,1945,68.8
Australia,1946,68.3
Australia,1947,69
Australia,1948,68.9
Australia,1949,69.5
Australia,1950,69.4
Australia,1951,69.2
Australia,1952,69.5
Australia,1953,69.9
Australia,1954,70.2
Australia,1955,70.3
Australia,1956,70.4
Australia,1957,70.6
Australia,1958,71
Australia,1959,70.9
Australia,1960,71.1
Australia,1961,71.3
Australia,1962,71.2
Australia,1963,71.2
Australia,1964,71
Australia,1965,71.1
Australia,1966,71.1
Australia,1967,71.1
Australia,1968,71
Australia,1969,71.2
Australia,1970,71.2
Australia,1971,71.4
Australia,1972,71.8
Australia,1973,71.9
Australia,1974,72
Australia,1975,72.5
Australia,1976,72.8
Australia,1977,73.3
Australia,1978,73.8
Australia,1979,74.2
Australia,1980,74.5
Australia,1981,74.8
Australia,1982,74.9
Australia,1983,75.3
Australia,1984,75.5
Australia,1985,75.6
Australia,1986,76
Australia,1987,76.2
Australia,1988,76.4
Australia,1989,76.5
Australia,1990,77
Australia,1991,77.4
Australia,1992,77.6
Australia,1993,77.9
Australia,1994,78
Australia,1995,78.3
Australia,1996,78.5
Australia,1997,78.8
Australia,1998,79.1
Australia,1999,79.4
Australia,2000,79.7
Australia,2001,80.1
Australia,2002,80.3
Australia,2003,80.6
Australia,2004,80.9
Australia,2005,81.2
Australia,2006,81.5
Australia,2007,81.5
Australia,2008,81.7
Australia,2009,81.9
Australia,2010,82.1
Australia,2011,82.3
Australia,2012,82.6
Australia,2013,82.7
Australia,2014,82.7
Australia,2015,82.7
Australia,2016,83
Australia,2017,83
Australia,2018,82.9
Australia,2019,82.9
Australia,2020,84.1
Australia,2021,84.3
Australia,2022,83.4
Australia,2023,83.5
Australia,2024,83.7
Austria,1800,34.4
Austria,1801,34.4
Austria,1802,34.4
Austria,1803,34.4
Austria,1804,34.4
Austria,1805,34.4
Austria,1806,34.4
Austria,1807,34.4
Austria,1808,34.4
Austria,1809,34.4
Austria,1810,34.4
Austria,1811,34.4
Austria,1812,34.4
Austria,1813,34.4
Austria,1814,34.4
Austria,1815,34.4
Austria,1816,34.4
Austria,1817,34.4
Austria,1818,34.4
Austria,1819,34.4
Austria,1820,34.4
Austria,1821,34.4
Austria,1822,34.4
Austria,1823,34.4
Austria,1824,34.4
Austria,1825,34.4
Austria,1826,34.4
Austria,1827,34.4
Austria,1828,34.4
Austria,1829,34.4
Austria,1830,34.4
Austria,1831,34.4
Austria,1832,34.4
Austria,1833,34.4
Austria,1834,34.4
Austria,1835,34.4
Austria,1836,34.4
Austria,1837,34.4
Austria,1838,34.4
Austria,1839,34.4
Austria,1840,34.4
Austria,1841,34.4
Austria,1842,34.4
Austria,1843,34.4
Austria,1844,34.4
Austria,1845,34.4
Austria,1846,34.4
Austria,1847,34.4
Austria,1848,34.4
Austria,1849,34.4
Austria,1850,34.4
Austria,1851,34.4
Austria,1852,34.4
Austria,1853,34.4
Austria,1854,34.4
Austria,1855,34.4
Austria,1856,34.4
Austria,1857,34.4
Austria,1858,34.4
Austria,1859,34.4
Austria,1860,34.4
Austria,1861,34.4
Austria,1862,34.4
Austria,1863,34.4
Austria,1864,34.4
Austria,1865,34.4
Austria,1866,34.4
Austria,1867,34.4
Austria,1868,34.4
Austria,1869,34.4
Austria,1870,34.4
Austria,1871,34.4
Austria,1872,34.5
Austria,1873,34.5
Austria,1874,34.6
Austria,1875,34.7
Austria,1876,34.7
Austria,1877,34.8
Austria,1878,34.8
Austria,1879,34.9
Austria,1880,34.9
Austria,1881,35
Austria,1882,35.2
Austria,1883,35.5
Austria,1884,35.7
Austria,1885,35.9
Austria,1886,36.1
Austria,1887,36.4
Austria,1888,36.6
Austria,1889,36.8
Austria,1890,37
Austria,1891,37.3
Austria,1892,37.8
Austria,1893,38.2
Austria,1894,38.7
Austria,1895,39.2
Austria,1896,39.6
Austria,1897,40.1
Austria,1898,40.6
Austria,1899,41
Austria,1900,41.5
Austria,1901,42
Austria,1902,41
Austria,1903,40.1
Austria,1904,40.7
Austria,1905,41.3
Austria,1906,42
Austria,1907,42.6
Austria,1908,43.2
Austria,1909,43.8
Austria,1910,44.5
Austria,1911,45.1
Austria,1912,45.6
Austria,1913,46.2
Austria,1914,46.8
Austria,1915,47.3
Austria,1916,47.9
Austria,1917,48.5
Austria,1918,32.4
Austria,1919,49.6
Austria,1920,50.2
Austria,1921,50.7
Austria,1922,51.3
Austria,1923,51.9
Austria,1924,52.4
Austria,1925,53
Austria,1926,53.6
Austria,1927,54.1
Austria,1928,54.7
Austria,1929,55.3
Austria,1930,55.8
Austria,1931,56.4
Austria,1932,56.7
Austria,1933,57
Austria,1934,57.3
Austria,1935,57.6
Austria,1936,57.9
Austria,1937,58.2
Austria,1938,58.5
Austria,1939,58
Austria,1940,57.7
Austria,1941,56.4
Austria,1942,54
Austria,1943,50.1
Austria,1944,39
Austria,1945,31.4
Austria,1946,55.9
Austria,1947,61.2
Austria,1948,63.2
Austria,1949,63.4
Austria,1950,64.8
Austria,1951,65.5
Austria,1952,66.7
Austria,1953,67.2
Austria,1954,67.3
Austria,1955,67.7
Austria,1956,67.8
Austria,1957,67.8
Austria,1958,68.4
Austria,1959,68.5
Austria,1960,69
Austria,1961,69.6
Austria,1962,69.7
Austria,1963,69.8
Austria,1964,70
Austria,1965,70.1
Austria,1966,70.2
Austria,1967,70.2
Austria,1968,70.3
Austria,1969,70.2
Austria,1970,70.2
Austria,1971,70.4
Austria,1972,70.7
Austria,1973,71.1
Austria,1974,71.2
Austria,1975,71.4
Austria,1976,71.8
Austria,1977,72.2
Austria,1978,72.4
Austria,1979,72.6
Austria,1980,72.8
Austria,1981,73.1
Austria,1982,73.3
Austria,1983,73.5
Austria,1984,73.9
Austria,1985,74.3
Austria,1986,74.7
Austria,1987,75.1
Austria,1988,75.5
Austria,1989,75.7
Austria,1990,76
Austria,1991,76.1
Austria,1992,76.3
Austria,1993,76.5
Austria,1994,76.7
Austria,1995,77
Austria,1996,77.3
Austria,1997,77.7
Austria,1998,77.9
Austria,1999,78.2
Austria,2000,78.5
Austria,2001,78.9
Austria,2002,79
Austria,2003,79.1
Austria,2004,79.5
Austria,2005,79.8
Austria,2006,80.1
Austria,2007,80.3
Austria,2008,80.5
Austria,2009,80.5
Austria,2010,80.8
Austria,2011,81
Austria,2012,81.2
Austria,2013,81.3
Austria,2014,81.5
Austria,2015,81.6
Austria,2016,81.8
Austria,2017,82
Austria,2018,82.1
Austria,2019,82.2
Austria,2020,81.8
Austria,2021,81.8
Austria,2022,82.7
Austria,2023,82.8
Austria,2024,83
Azerbaijan,1800,29.2
Azerbaijan,1801,29.2
Azerbaijan,1802,29.2
Azerbaijan,1803,29.2
Azerbaijan,1804,29.2
Azerbaijan,1805,29.2
Azerbaijan,1806,29.2
Azerbaijan,1807,29.2
Azerbaijan,1808,29.2
Azerbaijan,1809,29.2
Azerbaijan,1810,29.2
Azerbaijan,1811,29.2
Azerbaijan,1812,29.2
Azerbaijan,1813,29.2
Azerbaijan,1814,29.2
Azerbaijan,1815,29.2
Azerbaijan,1816,29.2
Azerbaijan,1817,29.2
Azerbaijan,1818,29.2
Azerbaijan,1819,29.2
Azerbaijan,1820,29.2
Azerbaijan,1821,29.2
Azerbaijan,1822,29.2
Azerbaijan,1823,29.2
Azerbaijan,1824,29.2
Azerbaijan,1825,29.2
Azerbaijan,1826,29.2
Azerbaijan,1827,29.2
Azerbaijan,1828,29.2
Azerbaijan,1829,29.2
Azerbaijan,1830,29.2
Azerbaijan,1831,29.2
Azerbaijan,1832,29.2
Azerbaijan,1833,29.2
Azerbaijan,1834,29.2
Azerbaijan,1835,29.2
Azerbaijan,1836,29.2
Azerbaijan,1837,29.2
Azerbaijan,1838,29.2
Azerbaijan,1839,29.2
Azerbaijan,1840,29.2
Azerbaijan,1841,29.2
Azerbaijan,1842,29.2
Azerbaijan,1843,29.2
Azerbaijan,1844,29.2
Azerbaijan,1845,29.2
Azerbaijan,1846,29.2
Azerbaijan,1847,29.2
Azerbaijan,1848,29.2
Azerbaijan,1849,29.2
Azerbaijan,1850,29.2
Azerbaijan,1851,29.1
Azerbaijan,1852,29
Azerbaijan,1853,28.9
Azerbaijan,1854,28.8
Azerbaijan,1855,28.7
Azerbaijan,1856,28.6
Azerbaijan,1857,28.5
Azerbaijan,1858,28.4
Azerbaijan,1859,28.3
Azerbaijan,1860,28.2
Azerbaijan,1861,28.1
Azerbaijan,1862,28
Azerbaijan,1863,27.9
Azerbaijan,1864,27.3
Azerbaijan,1865,26.7
Azerbaijan,1866,26.1
Azerbaijan,1867,25.5
Azerbaijan,1868,24.9
Azerbaijan,1869,24.9
Azerbaijan,1870,24.8
Azerbaijan,1871,24.8
Azerbaijan,1872,24.7
Azerbaijan,1873,24.7
Azerbaijan,1874,24.8
Azerbaijan,1875,24.9
Azerbaijan,1876,24.9
Azerbaijan,1877,25
Azerbaijan,1878,25.1
Azerbaijan,1879,25.2
Azerbaijan,1880,25.3
Azerbaijan,1881,25.4
Azerbaijan,1882,25.5
Azerbaijan,1883,25.5
Azerbaijan,1884,25.6
Azerbaijan,1885,25.7
Azerbaijan,1886,25.8
Azerbaijan,1887,25.9
Azerbaijan,1888,25.9
Azerbaijan,1889,26
Azerbaijan,1890,26.1
Azerbaijan,1891,26.1
Azerbaijan,1892,26.2
Azerbaijan,1893,26.3
Azerbaijan,1894,26.3
Azerbaijan,1895,26.4
Azerbaijan,1896,26.5
Azerbaijan,1897,26.5
Azerbaijan,1898,26.3
Azerbaijan,1899,26
Azerbaijan,1900,25.8
Azerbaijan,1901,25.9
Azerbaijan,1902,26
Azerbaijan,1903,26.1
Azerbaijan,1904,26.2
Azerbaijan,1905,26.3
Azerbaijan,1906,26.4
Azerbaijan,1907,26.4
Azerbaijan,1908,26.5
Azerbaijan,1909,26.6
Azerbaijan,1910,26.7
Azerbaijan,1911,28.9
Azerbaijan,1912,29.1
Azerbaijan,1913,27.3
Azerbaijan,1914,26.9
Azerbaijan,1915,26.4
Azerbaijan,1916,26.3
Azerbaijan,1917,23.9
Azerbaijan,1918,16.9
Azerbaijan,1919,24.5
Azerbaijan,1920,22.9
Azerbaijan,1921,25
Azerbaijan,1922,25.7
Azerbaijan,1923,26.3
Azerbaijan,1924,28.1
Azerbaijan,1925,27.3
Azerbaijan,1926,29.5
Azerbaijan,1927,28.9
Azerbaijan,1928,29.9
Azerbaijan,1929,28.8
Azerbaijan,1930,28.2
Azerbaijan,1931,26.8
Azerbaijan,1932,24.9
Azerbaijan,1933,19.4
Azerbaijan,1934,29.4
Azerbaijan,1935,30.3
Azerbaijan,1936,31.4
Azerbaijan,1937,30.5
Azerbaijan,1938,31.6
Azerbaijan,1939,33.1
Azerbaijan,1940,31.2
Azerbaijan,1941,20.9
Azerbaijan,1942,18.4
Azerbaijan,1943,17
Azerbaijan,1944,21.8
Azerbaijan,1945,28.5
Azerbaijan,1946,35
Azerbaijan,1947,29.5
Azerbaijan,1948,34.8
Azerbaijan,1949,36.5
Azerbaijan,1950,37.8
Azerbaijan,1951,38.4
Azerbaijan,1952,39.4
Azerbaijan,1953,40.3
Azerbaijan,1954,41.1
Azerbaijan,1955,42.2
Azerbaijan,1956,43.5
Azerbaijan,1957,44.5
Azerbaijan,1958,45.3
Azerbaijan,1959,46.9
Azerbaijan,1960,48.6
Azerbaijan,1961,50.2
Azerbaijan,1962,51.7
Azerbaijan,1963,53.1
Azerbaijan,1964,54.4
Azerbaijan,1965,55.6
Azerbaijan,1966,56.6
Azerbaijan,1967,57.5
Azerbaijan,1968,58.2
Azerbaijan,1969,58.4
Azerbaijan,1970,59.9
Azerbaijan,1971,61
Azerbaijan,1972,61.9
Azerbaijan,1973,62.8
Azerbaijan,1974,63.7
Azerbaijan,1975,64.3
Azerbaijan,1976,65.2
Azerbaijan,1977,65.3
Azerbaijan,1978,64.8
Azerbaijan,1979,65.6
Azerbaijan,1980,66.2
Azerbaijan,1981,66.3
Azerbaijan,1982,66.6
Azerbaijan,1983,66.8
Azerbaijan,1984,66.8
Azerbaijan,1985,66.9
Azerbaijan,1986,66.9
Azerbaijan,1987,66.8
Azerbaijan,1988,66.8
Azerbaijan,1989,67
Azerbaijan,1990,66.9
Azerbaijan,1991,66.3
Azerbaijan,1992,64.5
Azerbaijan,1993,64.3
Azerbaijan,1994,63.8
Azerbaijan,1995,64.7
Azerbaijan,1996,65.3
Azerbaijan,1997,65.7
Azerbaijan,1998,66
Azerbaijan,1999,66.2
Azerbaijan,2000,66.5
Azerbaijan,2001,67.1
Azerbaijan,2002,67.2
Azerbaijan,2003,67.1
Azerbaijan,2004,67.2
Azerbaijan,2005,67.3
Azerbaijan,2006,67.7
Azerbaijan,2007,68.2
Azerbaijan,2008,68.5
Azerbaijan,2009,68.8
Azerbaijan,2010,69
Azerbaijan,2011,69.2
Azerbaijan,2012,69.5
Azerbaijan,2013,69.7
Azerbaijan,2014,69.9
Azerbaijan,2015,70.2
Azerbaijan,2016,70.3
Azerbaijan,2017,70.4
Azerbaijan,2018,70.8
Azerbaijan,2019,71
Azerbaijan,2020,64.9
Azerbaijan,2021,67.4
Azerbaijan,2022,71.4
Azerbaijan,2023,71.5
Azerbaijan,2024,71.6
Burundi,1800,31.5
Burundi,1801,31.5
Burundi,1802,31.5
Burundi,1803,31.5
Burundi,1804,31.5
Burundi,1805,31.5
Burundi,1806,31.5
Burundi,1807,31.5
Burundi,1808,31.5
Burundi,1809,31.5
Burundi,1810,31.5
Burundi,1811,31.5
Burundi,1812,31.5
Burundi,1813,31.5
Burundi,1814,31.5
Burundi,1815,31.5
Burundi,1816,31.5
Burundi,1817,31.5
Burundi,1818,31.5
Burundi,1819,31.5
Burundi,1820,31.5
Burundi,1821,31.5
Burundi,1822,31.5
Burundi,1823,31.5
Burundi,1824,31.5
Burundi,1825,31.5
Burundi,1826,31.5
Burundi,1827,31.5
Burundi,1828,31.5
Burundi,1829,31.5
Burundi,1830,31.5
Burundi,1831,31.5
Burundi,1832,31.5
Burundi,1833,31.5
Burundi,1834,31.5
Burundi,1835,31.5
Burundi,1836,31.5
Burundi,1837,31.5
Burundi,1838,31.5
Burundi,1839,31.5
Burundi,1840,31.5
Burundi,1841,31.5
Burundi,1842,31.5
Burundi,1843,31.5
Burundi,1844,31.5
Burundi,1845,31.5
Burundi,1846,31.5
Burundi,1847,31.5
Burundi,1848,31.5
Burundi,1849,31.5
Burundi,1850,31.5
Burundi,1851,31.5
Burundi,1852,31.5
Burundi,1853,31.6
Burundi,1854,31.6
Burundi,1855,31.6
Burundi,1856,31.6
Burundi,1857,31.6
Burundi,1858,31.6
Burundi,1859,31.7
Burundi,1860,31.7
Burundi,1861,31.7
Burundi,1862,31.7
Burundi,1863,31.7
Burundi,1864,31.8
Burundi,1865,31.8
Burundi,1866,31.8
Burundi,1867,31.8
Burundi,1868,31.8
Burundi,1869,31.8
Burundi,1870,31.9
Burundi,1871,31.9
Burundi,1872,31.9
Burundi,1873,31.9
Burundi,1874,31.9
Burundi,1875,31.9
Burundi,1876,32
Burundi,1877,32
Burundi,1878,32
Burundi,1879,32
Burundi,1880,32
Burundi,1881,32
Burundi,1882,32.1
Burundi,1883,32.1
Burundi,1884,32.1
Burundi,1885,32.1
Burundi,1886,32.1
Burundi,1887,32.1
Burundi,1888,32.2
Burundi,1889,32.2
Burundi,1890,32.2
Burundi,1891,32.2
Burundi,1892,32.2
Burundi,1893,32.3
Burundi,1894,32.3
Burundi,1895,32.3
Burundi,1896,32.3
Burundi,1897,32.3
Burundi,1898,32.4
Burundi,1899,32.4
Burundi,1900,32.4
Burundi,1901,32.4
Burundi,1902,32.4
Burundi,1903,32.4
Burundi,1904,32.5
Burundi,1905,32.5
Burundi,1906,32.5
Burundi,1907,32.5
Burundi,1908,32.5
Burundi,1909,32.5
Burundi,1910,32.6
Burundi,1911,32.6
Burundi,1912,32.6
Burundi,1913,32.6
Burundi,1914,32.6
Burundi,1915,32.6
Burundi,1916,32.7
Burundi,1917,32.7
Burundi,1918,12.6
Burundi,1919,32.7
Burundi,1920,32.7
Burundi,1921,29.1
Burundi,1922,25.5
Burundi,1923,32.8
Burundi,1924,32.8
Burundi,1925,29.2
Burundi,1926,27.1
Burundi,1927,25.6
Burundi,1928,27.1
Burundi,1929,27.1
Burundi,1930,32.9
Burundi,1931,32.9
Burundi,1932,33
Burundi,1933,33
Burundi,1934,33
Burundi,1935,33
Burundi,1936,33
Burundi,1937,33
Burundi,1938,33
Burundi,1939,33.1
Burundi,1940,33.1
Burundi,1941,33.1
Burundi,1942,33
Burundi,1943,31.6
Burundi,1944,18.3
Burundi,1945,33
Burundi,1946,34.4
Burundi,1947,35.9
Burundi,1948,37.3
Burundi,1949,38.8
Burundi,1950,40.2
Burundi,1951,40.5
Burundi,1952,40.8
Burundi,1953,41
Burundi,1954,41.5
Burundi,1955,41.9
Burundi,1956,42.2
Burundi,1957,42.6
Burundi,1958,43.1
Burundi,1959,43.5
Burundi,1960,43.9
Burundi,1961,44.2
Burundi,1962,44.4
Burundi,1963,44.7
Burundi,1964,45
Burundi,1965,45.3
Burundi,1966,45.4
Burundi,1967,45.6
Burundi,1968,45.7
Burundi,1969,45.7
Burundi,1970,46
Burundi,1971,46.2
Burundi,1972,17.1
Burundi,1973,46.8
Burundi,1974,47
Burundi,1975,47.2
Burundi,1976,47.4
Burundi,1977,47.8
Burundi,1978,48.1
Burundi,1979,48.3
Burundi,1980,48.5
Burundi,1981,48.7
Burundi,1982,48.9
Burundi,1983,49.1
Burundi,1984,49.2
Burundi,1985,49.3
Burundi,1986,49.4
Burundi,1987,49.4
Burundi,1988,49.3
Burundi,1989,49
Burundi,1990,48.7
Burundi,1991,48.1
Burundi,1992,47.5
Burundi,1993,47.4
Burundi,1994,43.9
Burundi,1995,43.4
Burundi,1996,43
Burundi,1997,43
Burundi,1998,43.9
Burundi,1999,44.3
Burundi,2000,44.7
Burundi,2001,45.8
Burundi,2002,46.9
Burundi,2003,47.9
Burundi,2004,49.2
Burundi,2005,50.3
Burundi,2006,54.5
Burundi,2007,55.7
Burundi,2008,56.8
Burundi,2009,57.7
Burundi,2010,58.5
Burundi,2011,59.4
Burundi,2012,60.2
Burundi,2013,60.8
Burundi,2014,61.4
Burundi,2015,61.8
Burundi,2016,62.4
Burundi,2017,63
Burundi,2018,63.4
Burundi,2019,63.8
Burundi,2020,63
Burundi,2021,63.1
Burundi,2022,63.5
Burundi,2023,64
Burundi,2024,64.8
Belgium,1800,40
Belgium,1801,40
Belgium,1802,40
Belgium,1803,40
Belgium,1804,40
Belgium,1805,40
Belgium,1806,40
Belgium,1807,40.1
Belgium,1808,40.1
Belgium,1809,40.1
Belgium,1810,40.1
Belgium,1811,40.1
Belgium,1812,40.1
Belgium,1813,40.1
Belgium,1814,40.1
Belgium,1815,40.1
Belgium,1816,40.1
Belgium,1817,40.1
Belgium,1818,40.1
Belgium,1819,40.1
Belgium,1820,40.2
Belgium,1821,40.2
Belgium,1822,40.2
Belgium,1823,40.2
Belgium,1824,40.2
Belgium,1825,40.2
Belgium,1826,40.2
Belgium,1827,40.2
Belgium,1828,40.2
Belgium,1829,40.2
Belgium,1830,40.2
Belgium,1831,40.3
Belgium,1832,40.3
Belgium,1833,40.3
Belgium,1834,40.3
Belgium,1835,40.3
Belgium,1836,40.3
Belgium,1837,40.3
Belgium,1838,40.3
Belgium,1839,40.3
Belgium,1840,40.3
Belgium,1841,40.3
Belgium,1842,38.7
Belgium,1843,40.4
Belgium,1844,41.9
Belgium,1845,41
Belgium,1846,37.8
Belgium,1847,35.1
Belgium,1848,38
Belgium,1849,34.5
Belgium,1850,42.3
Belgium,1851,41.9
Belgium,1852,41.8
Belgium,1853,41.3
Belgium,1854,39.8
Belgium,1855,37.5
Belgium,1856,40.9
Belgium,1857,40.5
Belgium,1858,40.2
Belgium,1859,39
Belgium,1860,45.1
Belgium,1861,41.3
Belgium,1862,43.1
Belgium,1863,41.4
Belgium,1864,39.8
Belgium,1865,37.8
Belgium,1866,32.5
Belgium,1867,43.1
Belgium,1868,42.6
Belgium,1869,42.6
Belgium,1870,41
Belgium,1871,34.4
Belgium,1872,40.1
Belgium,1873,43.5
Belgium,1874,44.7
Belgium,1875,42.2
Belgium,1876,43.7
Belgium,1877,44.5
Belgium,1878,44.3
Belgium,1879,43.9
Belgium,1880,42.5
Belgium,1881,44.5
Belgium,1882,45.6
Belgium,1883,45
Belgium,1884,44.3
Belgium,1885,45.5
Belgium,1886,43.4
Belgium,1887,46.1
Belgium,1888,45
Belgium,1889,45.1
Belgium,1890,44.2
Belgium,1891,44.1
Belgium,1892,43.2
Belgium,1893,44.5
Belgium,1894,46.7
Belgium,1895,45.5
Belgium,1896,48.2
Belgium,1897,48.9
Belgium,1898,48.2
Belgium,1899,46.6
Belgium,1900,46.7
Belgium,1901,49.5
Belgium,1902,49.3
Belgium,1903,49.4
Belgium,1904,49.4
Belgium,1905,50.1
Belgium,1906,49.9
Belgium,1907,51.2
Belgium,1908,49.8
Belgium,1909,50.8
Belgium,1910,51.5
Belgium,1911,49.4
Belgium,1912,52.4
Belgium,1913,52.7
Belgium,1914,42.1
Belgium,1915,40.1
Belgium,1916,42.1
Belgium,1917,43.1
Belgium,1918,35
Belgium,1919,50
Belgium,1920,53.8
Belgium,1921,54.9
Belgium,1922,55.3
Belgium,1923,57
Belgium,1924,57.7
Belgium,1925,57.4
Belgium,1926,57.2
Belgium,1927,57.4
Belgium,1928,57.7
Belgium,1929,55.3
Belgium,1930,57.4
Belgium,1931,58.7
Belgium,1932,58.8
Belgium,1933,59
Belgium,1934,60.6
Belgium,1935,60.2
Belgium,1936,60.2
Belgium,1937,60.2
Belgium,1938,60.4
Belgium,1939,60.3
Belgium,1940,56.2
Belgium,1941,59.2
Belgium,1942,59.4
Belgium,1943,60.6
Belgium,1944,57.2
Belgium,1945,58.6
Belgium,1946,62.2
Belgium,1947,63.7
Belgium,1948,65.3
Belgium,1949,65.7
Belgium,1950,66.6
Belgium,1951,67.1
Belgium,1952,68
Belgium,1953,68.5
Belgium,1954,68.7
Belgium,1955,68.8
Belgium,1956,69
Belgium,1957,69.5
Belgium,1958,70
Belgium,1959,70.2
Belgium,1960,70.1
Belgium,1961,70.4
Belgium,1962,70.4
Belgium,1963,70.4
Belgium,1964,70.7
Belgium,1965,70.8
Belgium,1966,70.8
Belgium,1967,70.8
Belgium,1968,70.8
Belgium,1969,70.9
Belgium,1970,71.1
Belgium,1971,71.3
Belgium,1972,71.5
Belgium,1973,71.8
Belgium,1974,72
Belgium,1975,72.2
Belgium,1976,72.4
Belgium,1977,72.8
Belgium,1978,72.9
Belgium,1979,73.2
Belgium,1980,73.3
Belgium,1981,73.6
Belgium,1982,73.8
Belgium,1983,74
Belgium,1984,74.3
Belgium,1985,74.6
Belgium,1986,74.9
Belgium,1987,75.3
Belgium,1988,75.7
Belgium,1989,75.9
Belgium,1990,76.2
Belgium,1991,76.4
Belgium,1992,76.5
Belgium,1993,76.6
Belgium,1994,76.8
Belgium,1995,77
Belgium,1996,77.3
Belgium,1997,77.5
Belgium,1998,77.7
Belgium,1999,77.8
Belgium,2000,78
Belgium,2001,78.3
Belgium,2002,78.5
Belgium,2003,78.7
Belgium,2004,79.1
Belgium,2005,79.3
Belgium,2006,79.6
Belgium,2007,79.8
Belgium,2008,79.9
Belgium,2009,80
Belgium,2010,80.2
Belgium,2011,80.4
Belgium,2012,80.5
Belgium,2013,80.7
Belgium,2014,81
Belgium,2015,81.1
Belgium,2016,81.3
Belgium,2017,81.4
Belgium,2018,81.4
Belgium,2019,81.4
Belgium,2020,80.4
Belgium,2021,81.5
Belgium,2022,81.9
Belgium,2023,82
Belgium,2024,82.2
Benin,1800,31
Benin,1801,31
Benin,1802,31
Benin,1803,31
Benin,1804,31
Benin,1805,31
Benin,1806,31
Benin,1807,31
Benin,1808,31
Benin,1809,31
Benin,1810,31
Benin,1811,31
Benin,1812,31
Benin,1813,31
Benin,1814,31
Benin,1815,31
Benin,1816,31
Benin,1817,31
Benin,1818,31
Benin,1819,31
Benin,1820,31
Benin,1821,31
Benin,1822,31
Benin,1823,31
Benin,1824,31
Benin,1825,31
Benin,1826,31
Benin,1827,31
Benin,1828,31
Benin,1829,31
Benin,1830,31
Benin,1831,31
Benin,1832,31
Benin,1833,31
Benin,1834,31
Benin,1835,31
Benin,1836,31
Benin,1837,31
Benin,1838,31
Benin,1839,31
Benin,1840,31
Benin,1841,31
Benin,1842,31
Benin,1843,31
Benin,1844,31
Benin,1845,31
Benin,1846,31
Benin,1847,31
Benin,1848,31
Benin,1849,31
Benin,1850,31
Benin,1851,31.1
Benin,1852,31.2
Benin,1853,31.3
Benin,1854,31.4
Benin,1855,31.5
Benin,1856,31.6
Benin,1857,31.7
Benin,1858,31.8
Benin,1859,31.9
Benin,1860,32
Benin,1861,32.1
Benin,1862,32.2
Benin,1863,32.3
Benin,1864,32.4
Benin,1865,32.5
Benin,1866,32.5
Benin,1867,32.6
Benin,1868,32.8
Benin,1869,32.8
Benin,1870,32.9
Benin,1871,33
Benin,1872,33.1
Benin,1873,33.2
Benin,1874,33.3
Benin,1875,33.4
Benin,1876,33.5
Benin,1877,33.6
Benin,1878,33.7
Benin,1879,33.8
Benin,1880,33.9
Benin,1881,34
Benin,1882,34.1
Benin,1883,34.2
Benin,1884,34.3
Benin,1885,34.4
Benin,1886,34.5
Benin,1887,34.6
Benin,1888,34.7
Benin,1889,34.8
Benin,1890,34.9
Benin,1891,35
Benin,1892,35.1
Benin,1893,35.2
Benin,1894,35.3
Benin,1895,35.4
Benin,1896,35.5
Benin,1897,35.6
Benin,1898,35.6
Benin,1899,35.8
Benin,1900,35.9
Benin,1901,35.9
Benin,1902,36
Benin,1903,36.1
Benin,1904,36.2
Benin,1905,36.3
Benin,1906,36.4
Benin,1907,36.5
Benin,1908,36.6
Benin,1909,36.7
Benin,1910,36.8
Benin,1911,36.9
Benin,1912,37
Benin,1913,37.1
Benin,1914,37.2
Benin,1915,37.3
Benin,1916,37.4
Benin,1917,37.5
Benin,1918,14.5
Benin,1919,37.7
Benin,1920,37.8
Benin,1921,37.9
Benin,1922,38
Benin,1923,38.1
Benin,1924,38.2
Benin,1925,38.3
Benin,1926,38.4
Benin,1927,38.5
Benin,1928,38.6
Benin,1929,38.7
Benin,1930,38.8
Benin,1931,38.9
Benin,1932,39
Benin,1933,39
Benin,1934,39.1
Benin,1935,39.2
Benin,1936,39.3
Benin,1937,39.4
Benin,1938,39.5
Benin,1939,39.6
Benin,1940,39.7
Benin,1941,39.9
Benin,1942,40
Benin,1943,40.2
Benin,1944,40.4
Benin,1945,40.9
Benin,1946,41.5
Benin,1947,42
Benin,1948,42.5
Benin,1949,43
Benin,1950,43.6
Benin,1951,43.7
Benin,1952,43.8
Benin,1953,43.9
Benin,1954,44
Benin,1955,44.1
Benin,1956,44.2
Benin,1957,44.2
Benin,1958,44.4
Benin,1959,44.5
Benin,1960,44.8
Benin,1961,45
Benin,1962,45.3
Benin,1963,45.8
Benin,1964,46.3
Benin,1965,46.8
Benin,1966,47.2
Benin,1967,47.6
Benin,1968,48
Benin,1969,48.2
Benin,1970,48.5
Benin,1971,48.8
Benin,1972,49.3
Benin,1973,49.9
Benin,1974,50.4
Benin,1975,50.8
Benin,1976,51.2
Benin,1977,51.6
Benin,1978,52
Benin,1979,52.4
Benin,1980,52.7
Benin,1981,53
Benin,1982,53.2
Benin,1983,53.4
Benin,1984,53.6
Benin,1985,53.9
Benin,1986,54.3
Benin,1987,54.7
Benin,1988,55.2
Benin,1989,55.3
Benin,1990,55.7
Benin,1991,56
Benin,1992,56.4
Benin,1993,56.7
Benin,1994,56.8
Benin,1995,56.9
Benin,1996,56.9
Benin,1997,57.1
Benin,1998,57.2
Benin,1999,57.3
Benin,2000,57.4
Benin,2001,57.6
Benin,2002,57.9
Benin,2003,58.1
Benin,2004,58.5
Benin,2005,58.8
Benin,2006,59.1
Benin,2007,59.5
Benin,2008,60.1
Benin,2009,60.7
Benin,2010,61.1
Benin,2011,61.4
Benin,2012,61.7
Benin,2013,62
Benin,2014,62.3
Benin,2015,62.6
Benin,2016,63
Benin,2017,63.4
Benin,2018,64
Benin,2019,64.5
Benin,2020,64.1
Benin,2021,63.8
Benin,2022,64
Benin,2023,64.5
Benin,2024,65.5
Burkina Faso,1800,29.2
Burkina Faso,1801,29.2
Burkina Faso,1802,29.2
Burkina Faso,1803,29.2
Burkina Faso,1804,29.2
Burkina Faso,1805,29.2
Burkina Faso,1806,29.2
Burkina Faso,1807,29.2
Burkina Faso,1808,29.2
Burkina Faso,1809,29.2
Burkina Faso,1810,29.2
Burkina Faso,1811,29.2
Burkina Faso,1812,29.2
Burkina Faso,1813,29.2
Burkina Faso,1814,29.2
Burkina Faso,1815,29.2
Burkina Faso,1816,29.2
Burkina Faso,1817,29.2
Burkina Faso,1818,29.2
Burkina Faso,1819,29.2
Burkina Faso,1820,29.2
Burkina Faso,1821,29.2
Burkina Faso,1822,29.2
Burkina Faso,1823,29.2
Burkina Faso,1824,29.2
Burkina Faso,1825,29.2
Burkina Faso,1826,29.2
Burkina Faso,1827,29.2
Burkina Faso,1828,29.2
Burkina Faso,1829,29.2
Burkina Faso,1830,29.2
Burkina Faso,1831,29.2
Burkina Faso,1832,29.2
Burkina Faso,1833,29.2
Burkina Faso,1834,29.2
Burkina Faso,1835,29.2
Burkina Faso,1836,29.2
Burkina Faso,1837,29.2
Burkina Faso,1838,29.2
Burkina Faso,1839,29.2
Burkina Faso,1840,29.2
Burkina Faso,1841,29.2
Burkina Faso,1842,29.2
Burkina Faso,1843,29.2
Burkina Faso,1844,29.2
Burkina Faso,1845,29.2
Burkina Faso,1846,29.2
Burkina Faso,1847,29.2
Burkina Faso,1848,29.2
Burkina Faso,1849,29.2
Burkina Faso,1850,29.2
Burkina Faso,1851,29.3
Burkina Faso,1852,29.3
Burkina Faso,1853,29.4
Burkina Faso,1854,29.4
Burkina Faso,1855,29.5
Burkina Faso,1856,29.5
Burkina Faso,1857,29.6
Burkina Faso,1858,29.6
Burkina Faso,1859,29.7
Burkina Faso,1860,29.8
Burkina Faso,1861,29.8
Burkina Faso,1862,29.9
Burkina Faso,1863,29.9
Burkina Faso,1864,30
Burkina Faso,1865,30
Burkina Faso,1866,30.1
Burkina Faso,1867,30.1
Burkina Faso,1868,30.2
Burkina Faso,1869,30.2
Burkina Faso,1870,30.3
Burkina Faso,1871,30.4
Burkina Faso,1872,30.4
Burkina Faso,1873,30.5
Burkina Faso,1874,30.5
Burkina Faso,1875,30.6
Burkina Faso,1876,30.6
Burkina Faso,1877,30.7
Burkina Faso,1878,30.7
Burkina Faso,1879,30.8
Burkina Faso,1880,30.8
Burkina Faso,1881,30.9
Burkina Faso,1882,30.9
Burkina Faso,1883,31
Burkina Faso,1884,31.1
Burkina Faso,1885,31.1
Burkina Faso,1886,31.2
Burkina Faso,1887,31.2
Burkina Faso,1888,31.3
Burkina Faso,1889,31.3
Burkina Faso,1890,31.4
Burkina Faso,1891,31.4
Burkina Faso,1892,31.5
Burkina Faso,1893,31.6
Burkina Faso,1894,31.6
Burkina Faso,1895,31.7
Burkina Faso,1896,31.7
Burkina Faso,1897,31.8
Burkina Faso,1898,31.8
Burkina Faso,1899,31.9
Burkina Faso,1900,31.9
Burkina Faso,1901,32
Burkina Faso,1902,32
Burkina Faso,1903,32.1
Burkina Faso,1904,32.2
Burkina Faso,1905,32.2
Burkina Faso,1906,32.3
Burkina Faso,1907,32.3
Burkina Faso,1908,32.4
Burkina Faso,1909,32.4
Burkina Faso,1910,32.5
Burkina Faso,1911,32.5
Burkina Faso,1912,32.6
Burkina Faso,1913,32.6
Burkina Faso,1914,32.7
Burkina Faso,1915,32.8
Burkina Faso,1916,32.8
Burkina Faso,1917,32.9
Burkina Faso,1918,12.7
Burkina Faso,1919,33
Burkina Faso,1920,33
Burkina Faso,1921,33.1
Burkina Faso,1922,33.1
Burkina Faso,1923,33.2
Burkina Faso,1924,33.3
Burkina Faso,1925,33.3
Burkina Faso,1926,33.4
Burkina Faso,1927,33.4
Burkina Faso,1928,33.5
Burkina Faso,1929,33.5
Burkina Faso,1930,33.6
Burkina Faso,1931,33.6
Burkina Faso,1932,33.7
Burkina Faso,1933,33.7
Burkina Faso,1934,33.8
Burkina Faso,1935,33.9
Burkina Faso,1936,33.9
Burkina Faso,1937,34
Burkina Faso,1938,34
Burkina Faso,1939,34.1
Burkina Faso,1940,34.1
Burkina Faso,1941,34.2
Burkina Faso,1942,34.3
Burkina Faso,1943,34.4
Burkina Faso,1944,34.5
Burkina Faso,1945,34.6
Burkina Faso,1946,34.9
Burkina Faso,1947,35.2
Burkina Faso,1948,35.5
Burkina Faso,1949,35.8
Burkina Faso,1950,36.1
Burkina Faso,1951,36.4
Burkina Faso,1952,36.7
Burkina Faso,1953,37.1
Burkina Faso,1954,37.4
Burkina Faso,1955,37.7
Burkina Faso,1956,38.1
Burkina Faso,1957,38.4
Burkina Faso,1958,38.7
Burkina Faso,1959,39.1
Burkina Faso,1960,39.5
Burkina Faso,1961,39.9
Burkina Faso,1962,40.4
Burkina Faso,1963,40.9
Burkina Faso,1964,41.4
Burkina Faso,1965,42
Burkina Faso,1966,42.5
Burkina Faso,1967,42.8
Burkina Faso,1968,43.2
Burkina Faso,1969,43.6
Burkina Faso,1970,44.1
Burkina Faso,1971,44.3
Burkina Faso,1972,44.8
Burkina Faso,1973,45
Burkina Faso,1974,45.5
Burkina Faso,1975,46
Burkina Faso,1976,46.5
Burkina Faso,1977,46.9
Burkina Faso,1978,47.5
Burkina Faso,1979,48
Burkina Faso,1980,48.6
Burkina Faso,1981,48.9
Burkina Faso,1982,49.5
Burkina Faso,1983,49.9
Burkina Faso,1984,50.3
Burkina Faso,1985,50.6
Burkina Faso,1986,50.9
Burkina Faso,1987,50.9
Burkina Faso,1988,50.8
Burkina Faso,1989,50.9
Burkina Faso,1990,50.7
Burkina Faso,1991,50.6
Burkina Faso,1992,50.5
Burkina Faso,1993,50.5
Burkina Faso,1994,50.6
Burkina Faso,1995,50.7
Burkina Faso,1996,50
Burkina Faso,1997,50.8
Burkina Faso,1998,51.6
Burkina Faso,1999,52.1
Burkina Faso,2000,52.5
Burkina Faso,2001,52.9
Burkina Faso,2002,53.4
Burkina Faso,2003,54
Burkina Faso,2004,54.6
Burkina Faso,2005,55.3
Burkina Faso,2006,56
Burkina Faso,2007,56.5
Burkina Faso,2008,57.1
Burkina Faso,2009,57.6
Burkina Faso,2010,57.9
Burkina Faso,2011,58.3
Burkina Faso,2012,58.6
Burkina Faso,2013,58.9
Burkina Faso,2014,59.4
Burkina Faso,2015,59.9
Burkina Faso,2016,60.3
Burkina Faso,2017,60.8
Burkina Faso,2018,61.3
Burkina Faso,2019,61.7
Burkina Faso,2020,61.4
Burkina Faso,2021,60.9
Burkina Faso,2022,61.4
Burkina Faso,2023,62.2
Burkina Faso,2024,62.7
Bangladesh,1800,25.5
Bangladesh,1801,25.5
Bangladesh,1802,25.5
Bangladesh,1803,25.5
Bangladesh,1804,25.5
Bangladesh,1805,25.5
Bangladesh,1806,25.5
Bangladesh,1807,25.5
Bangladesh,1808,25.5
Bangladesh,1809,25.5
Bangladesh,1810,25.5
Bangladesh,1811,25.5
Bangladesh,1812,25.5
Bangladesh,1813,25.5
Bangladesh,1814,25.5
Bangladesh,1815,25.5
Bangladesh,1816,25.5
Bangladesh,1817,25.5
Bangladesh,1818,25.5
Bangladesh,1819,25.5
Bangladesh,1820,25.5
Bangladesh,1821,25.5
Bangladesh,1822,25.5
Bangladesh,1823,25.5
Bangladesh,1824,25.5
Bangladesh,1825,25.5
Bangladesh,1826,25.5
Bangladesh,1827,25.5
Bangladesh,1828,25.5
Bangladesh,1829,25.5
Bangladesh,1830,25.5
Bangladesh,1831,25.5
Bangladesh,1832,25.5
Bangladesh,1833,25.5
Bangladesh,1834,25.5
Bangladesh,1835,25.5
Bangladesh,1836,25.5
Bangladesh,1837,25.5
Bangladesh,1838,25.5
Bangladesh,1839,25.5
Bangladesh,1840,25.5
Bangladesh,1841,25.5
Bangladesh,1842,25.5
Bangladesh,1843,25.5
Bangladesh,1844,25.5
Bangladesh,1845,25.5
Bangladesh,1846,25.5
Bangladesh,1847,25.5
Bangladesh,1848,25.5
Bangladesh,1849,25.5
Bangladesh,1850,25.5
Bangladesh,1851,25.5
Bangladesh,1852,25.5
Bangladesh,1853,25.4
Bangladesh,1854,25.4
Bangladesh,1855,25.4
Bangladesh,1856,25.4
Bangladesh,1857,25.4
Bangladesh,1858,25.4
Bangladesh,1859,25.4
Bangladesh,1860,25.3
Bangladesh,1861,25.3
Bangladesh,1862,25.3
Bangladesh,1863,25.3
Bangladesh,1864,24.8
Bangladesh,1865,23.8
Bangladesh,1866,24.9
Bangladesh,1867,25.2
Bangladesh,1868,25.2
Bangladesh,1869,25.2
Bangladesh,1870,25.2
Bangladesh,1871,25.1
Bangladesh,1872,25.1
Bangladesh,1873,25.1
Bangladesh,1874,25.1
Bangladesh,1875,25.1
Bangladesh,1876,25.1
Bangladesh,1877,24.8
Bangladesh,1878,24.6
Bangladesh,1879,24.3
Bangladesh,1880,24.1
Bangladesh,1881,23.9
Bangladesh,1882,23.6
Bangladesh,1883,23.4
Bangladesh,1884,23.1
Bangladesh,1885,22.9
Bangladesh,1886,22.6
Bangladesh,1887,22.5
Bangladesh,1888,22.4
Bangladesh,1889,22.3
Bangladesh,1890,22.1
Bangladesh,1891,21
Bangladesh,1892,20.4
Bangladesh,1893,21.7
Bangladesh,1894,21.5
Bangladesh,1895,21.4
Bangladesh,1896,19.4
Bangladesh,1897,18.4
Bangladesh,1898,21.2
Bangladesh,1899,21.1
Bangladesh,1900,21.1
Bangladesh,1901,21
Bangladesh,1902,20.9
Bangladesh,1903,20.9
Bangladesh,1904,20.8
Bangladesh,1905,20.8
Bangladesh,1906,20.7
Bangladesh,1907,20.9
Bangladesh,1908,21
Bangladesh,1909,21.2
Bangladesh,1910,21.3
Bangladesh,1911,21.5
Bangladesh,1912,21.6
Bangladesh,1913,21.8
Bangladesh,1914,21.9
Bangladesh,1915,22.1
Bangladesh,1916,22.2
Bangladesh,1917,22.3
Bangladesh,1918,12.5
Bangladesh,1919,22.6
Bangladesh,1920,22.8
Bangladesh,1921,22.9
Bangladesh,1922,23.1
Bangladesh,1923,23.2
Bangladesh,1924,23.4
Bangladesh,1925,23.5
Bangladesh,1926,23.7
Bangladesh,1927,24.4
Bangladesh,1928,25.1
Bangladesh,1929,25.7
Bangladesh,1930,26.4
Bangladesh,1931,27.1
Bangladesh,1932,27.8
Bangladesh,1933,28.5
Bangladesh,1934,29.2
Bangladesh,1935,29.9
Bangladesh,1936,30.6
Bangladesh,1937,31.2
Bangladesh,1938,31.9
Bangladesh,1939,32.6
Bangladesh,1940,33.3
Bangladesh,1941,33.9
Bangladesh,1942,31.7
Bangladesh,1943,22
Bangladesh,1944,24.2
Bangladesh,1945,34.6
Bangladesh,1946,40.1
Bangladesh,1947,34.4
Bangladesh,1948,35.8
Bangladesh,1949,38.9
Bangladesh,1950,39.7
Bangladesh,1951,39.9
Bangladesh,1952,40.4
Bangladesh,1953,40.9
Bangladesh,1954,41.5
Bangladesh,1955,41.9
Bangladesh,1956,42.4
Bangladesh,1957,42.9
Bangladesh,1958,42.9
Bangladesh,1959,43.9
Bangladesh,1960,43.8
Bangladesh,1961,44.6
Bangladesh,1962,45.5
Bangladesh,1963,45.4
Bangladesh,1964,46.7
Bangladesh,1965,45.9
Bangladesh,1966,47.7
Bangladesh,1967,48
Bangladesh,1968,48.4
Bangladesh,1969,48.7
Bangladesh,1970,42.2
Bangladesh,1971,42.4
Bangladesh,1972,49.4
Bangladesh,1973,49.9
Bangladesh,1974,49.6
Bangladesh,1975,50.6
Bangladesh,1976,51.2
Bangladesh,1977,51.6
Bangladesh,1978,52.1
Bangladesh,1979,52.9
Bangladesh,1980,53.2
Bangladesh,1981,53.4
Bangladesh,1982,53.6
Bangladesh,1983,53.1
Bangladesh,1984,53.6
Bangladesh,1985,53.8
Bangladesh,1986,55
Bangladesh,1987,55.8
Bangladesh,1988,56.5
Bangladesh,1989,57.7
Bangladesh,1990,58.2
Bangladesh,1991,56.8
Bangladesh,1992,60.2
Bangladesh,1993,61
Bangladesh,1994,61.8
Bangladesh,1995,62.2
Bangladesh,1996,63.1
Bangladesh,1997,63.8
Bangladesh,1998,64.5
Bangladesh,1999,65.1
Bangladesh,2000,65.5
Bangladesh,2001,66
Bangladesh,2002,66.3
Bangladesh,2003,66.7
Bangladesh,2004,67.1
Bangladesh,2005,67.4
Bangladesh,2006,67.8
Bangladesh,2007,68.2
Bangladesh,2008,69
Bangladesh,2009,69.6
Bangladesh,2010,70
Bangladesh,2011,71.1
Bangladesh,2012,72.3
Bangladesh,2013,72.8
Bangladesh,2014,73
Bangladesh,2015,73.6
Bangladesh,2016,73.9
Bangladesh,2017,73.9
Bangladesh,2018,74.2
Bangladesh,2019,74.5
Bangladesh,2020,73.7
Bangladesh,2021,74.1
Bangladesh,2022,75.5
Bangladesh,2023,75.8
Bangladesh,2024,76
Bulgaria,1800,35.8
Bulgaria,1801,35.8
Bulgaria,1802,35.9
Bulgaria,1803,35.9
Bulgaria,1804,36
Bulgaria,1805,36
Bulgaria,1806,36.1
Bulgaria,1807,36.1
Bulgaria,1808,36.1
Bulgaria,1809,36.2
Bulgaria,1810,36.2
Bulgaria,1811,36.3
Bulgaria,1812,36.3
Bulgaria,1813,36.4
Bulgaria,1814,36.4
Bulgaria,1815,36.5
Bulgaria,1816,36.5
Bulgaria,1817,36.5
Bulgaria,1818,36.6
Bulgaria,1819,36.6
Bulgaria,1820,36.7
Bulgaria,1821,36.7
Bulgaria,1822,36.8
Bulgaria,1823,36.8
Bulgaria,1824,36.9
Bulgaria,1825,36.9
Bulgaria,1826,36.9
Bulgaria,1827,37
Bulgaria,1828,37
Bulgaria,1829,37.1
Bulgaria,1830,37.1
Bulgaria,1831,37.2
Bulgaria,1832,37.2
Bulgaria,1833,37.3
Bulgaria,1834,37.3
Bulgaria,1835,37.3
Bulgaria,1836,37.4
Bulgaria,1837,37.4
Bulgaria,1838,37.5
Bulgaria,1839,37.5
Bulgaria,1840,37.6
Bulgaria,1841,37.6
Bulgaria,1842,37.6
Bulgaria,1843,37.7
Bulgaria,1844,37.7
Bulgaria,1845,37.8
Bulgaria,1846,37.8
Bulgaria,1847,37.9
Bulgaria,1848,37.9
Bulgaria,1849,38
Bulgaria,1850,38
Bulgaria,1851,38
Bulgaria,1852,38.1
Bulgaria,1853,38.1
Bulgaria,1854,38.2
Bulgaria,1855,38.2
Bulgaria,1856,38.3
Bulgaria,1857,38.3
Bulgaria,1858,38.3
Bulgaria,1859,38.4
Bulgaria,1860,38.4
Bulgaria,1861,38.5
Bulgaria,1862,38.5
Bulgaria,1863,38.5
Bulgaria,1864,38.6
Bulgaria,1865,38.6
Bulgaria,1866,38.7
Bulgaria,1867,38.7
Bulgaria,1868,38.8
Bulgaria,1869,38.8
Bulgaria,1870,38.8
Bulgaria,1871,38.9
Bulgaria,1872,38.9
Bulgaria,1873,39
Bulgaria,1874,39
Bulgaria,1875,39
Bulgaria,1876,39.1
Bulgaria,1877,39.1
Bulgaria,1878,39.2
Bulgaria,1879,39.2
Bulgaria,1880,39.3
Bulgaria,1881,39.3
Bulgaria,1882,39.3
Bulgaria,1883,39.4
Bulgaria,1884,39.4
Bulgaria,1885,39.5
Bulgaria,1886,39.5
Bulgaria,1887,39.5
Bulgaria,1888,39.6
Bulgaria,1889,39.6
Bulgaria,1890,39.7
Bulgaria,1891,39.7
Bulgaria,1892,39.8
Bulgaria,1893,39.8
Bulgaria,1894,39.8
Bulgaria,1895,39.9
Bulgaria,1896,39.9
Bulgaria,1897,40
Bulgaria,1898,40
Bulgaria,1899,40
Bulgaria,1900,40.1
Bulgaria,1901,41.2
Bulgaria,1902,42.4
Bulgaria,1903,42.6
Bulgaria,1904,42.9
Bulgaria,1905,43.2
Bulgaria,1906,43.2
Bulgaria,1907,43.3
Bulgaria,1908,43.4
Bulgaria,1909,43.4
Bulgaria,1910,43.5
Bulgaria,1911,43.6
Bulgaria,1912,43.6
Bulgaria,1913,43.7
Bulgaria,1914,43.8
Bulgaria,1915,43.9
Bulgaria,1916,43.9
Bulgaria,1917,44
Bulgaria,1918,33.6
Bulgaria,1919,44.1
Bulgaria,1920,44.2
Bulgaria,1921,44.3
Bulgaria,1922,44.3
Bulgaria,1923,44.4
Bulgaria,1924,44.6
Bulgaria,1925,44.9
Bulgaria,1926,45.1
Bulgaria,1927,45.8
Bulgaria,1928,46.6
Bulgaria,1929,47.3
Bulgaria,1930,48.1
Bulgaria,1931,48.6
Bulgaria,1932,49.1
Bulgaria,1933,49.5
Bulgaria,1934,50
Bulgaria,1935,50.5
Bulgaria,1936,51
Bulgaria,1937,51.5
Bulgaria,1938,51.8
Bulgaria,1939,52
Bulgaria,1940,52.2
Bulgaria,1941,52.4
Bulgaria,1942,51.7
Bulgaria,1943,51.2
Bulgaria,1944,49.7
Bulgaria,1945,51.7
Bulgaria,1946,53.3
Bulgaria,1947,53.8
Bulgaria,1948,55.5
Bulgaria,1949,57.6
Bulgaria,1950,61
Bulgaria,1951,60.2
Bulgaria,1952,60.1
Bulgaria,1953,64
Bulgaria,1954,64.6
Bulgaria,1955,64.9
Bulgaria,1956,65.7
Bulgaria,1957,66.8
Bulgaria,1958,68.7
Bulgaria,1959,67.2
Bulgaria,1960,69.4
Bulgaria,1961,70.3
Bulgaria,1962,70
Bulgaria,1963,70.5
Bulgaria,1964,71.3
Bulgaria,1965,71.5
Bulgaria,1966,71.4
Bulgaria,1967,70.9
Bulgaria,1968,71.4
Bulgaria,1969,70.7
Bulgaria,1970,71.5
Bulgaria,1971,71
Bulgaria,1972,71.1
Bulgaria,1973,71.5
Bulgaria,1974,71.3
Bulgaria,1975,71.3
Bulgaria,1976,71.4
Bulgaria,1977,71
Bulgaria,1978,71.2
Bulgaria,1979,71.1
Bulgaria,1980,71.2
Bulgaria,1981,71.3
Bulgaria,1982,71
Bulgaria,1983,70.9
Bulgaria,1984,70.5
Bulgaria,1985,70.4
Bulgaria,1986,70.4
Bulgaria,1987,70.3
Bulgaria,1988,70.1
Bulgaria,1989,70.1
Bulgaria,1990,70.1
Bulgaria,1991,70.1
Bulgaria,1992,69.8
Bulgaria,1993,69.7
Bulgaria,1994,69.3
Bulgaria,1995,69.4
Bulgaria,1996,69.3
Bulgaria,1997,68.9
Bulgaria,1998,69.4
Bulgaria,1999,70
Bulgaria,2000,70.2
Bulgaria,2001,70.4
Bulgaria,2002,70.7
Bulgaria,2003,70.9
Bulgaria,2004,71
Bulgaria,2005,71.1
Bulgaria,2006,71.2
Bulgaria,2007,71.5
Bulgaria,2008,71.9
Bulgaria,2009,72.1
Bulgaria,2010,72.3
Bulgaria,2011,72.7
Bulgaria,2012,73
Bulgaria,2013,73.3
Bulgaria,2014,73
Bulgaria,2015,73.2
Bulgaria,2016,73.3
Bulgaria,2017,73.3
Bulgaria,2018,73.3
Bulgaria,2019,73.3
Bulgaria,2020,72
Bulgaria,2021,70.2
Bulgaria,2022,69.9
Bulgaria,2023,71.2
Bulgaria,2024,74.2
Bahrain,1800,30.3
Bahrain,1801,30.3
Bahrain,1802,30.3
Bahrain,1803,30.3
Bahrain,1804,30.3
Bahrain,1805,30.3
Bahrain,1806,30.3
Bahrain,1807,30.3
Bahrain,1808,30.3
Bahrain,1809,30.3
Bahrain,1810,30.3
Bahrain,1811,30.3
Bahrain,1812,30.3
Bahrain,1813,30.3
Bahrain,1814,30.3
Bahrain,1815,30.3
Bahrain,1816,30.3
Bahrain,1817,30.3
Bahrain,1818,30.3
Bahrain,1819,30.3
Bahrain,1820,30.3
Bahrain,1821,30.3
Bahrain,1822,30.3
Bahrain,1823,30.3
Bahrain,1824,30.3
Bahrain,1825,30.3
Bahrain,1826,30.3
Bahrain,1827,30.3
Bahrain,1828,30.3
Bahrain,1829,30.3
Bahrain,1830,30.3
Bahrain,1831,30.3
Bahrain,1832,30.3
Bahrain,1833,30.3
Bahrain,1834,30.3
Bahrain,1835,30.3
Bahrain,1836,30.3
Bahrain,1837,30.3
Bahrain,1838,30.3
Bahrain,1839,30.3
Bahrain,1840,30.3
Bahrain,1841,30.3
Bahrain,1842,30.3
Bahrain,1843,30.3
Bahrain,1844,30.3
Bahrain,1845,30.3
Bahrain,1846,30.3
Bahrain,1847,30.3
Bahrain,1848,30.3
Bahrain,1849,30.3
Bahrain,1850,30.3
Bahrain,1851,30.4
Bahrain,1852,30.4
Bahrain,1853,30.5
Bahrain,1854,30.6
Bahrain,1855,30.7
Bahrain,1856,30.7
Bahrain,1857,30.8
Bahrain,1858,30.9
Bahrain,1859,30.9
Bahrain,1860,31
Bahrain,1861,31.1
Bahrain,1862,31.2
Bahrain,1863,31.2
Bahrain,1864,31.3
Bahrain,1865,31.4
Bahrain,1866,31.4
Bahrain,1867,31.5
Bahrain,1868,31.6
Bahrain,1869,31.7
Bahrain,1870,31.7
Bahrain,1871,31.8
Bahrain,1872,31.9
Bahrain,1873,31.9
Bahrain,1874,32
Bahrain,1875,32.1
Bahrain,1876,32.2
Bahrain,1877,32.2
Bahrain,1878,32.3
Bahrain,1879,32.4
Bahrain,1880,32.5
Bahrain,1881,32.5
Bahrain,1882,32.6
Bahrain,1883,32.7
Bahrain,1884,32.7
Bahrain,1885,32.8
Bahrain,1886,32.9
Bahrain,1887,33
Bahrain,1888,33
Bahrain,1889,33.1
Bahrain,1890,33.2
Bahrain,1891,33.2
Bahrain,1892,33.3
Bahrain,1893,33.4
Bahrain,1894,33.5
Bahrain,1895,33.5
Bahrain,1896,33.6
Bahrain,1897,33.7
Bahrain,1898,33.7
Bahrain,1899,33.8
Bahrain,1900,33.9
Bahrain,1901,34
Bahrain,1902,34
Bahrain,1903,34.1
Bahrain,1904,34.2
Bahrain,1905,34.2
Bahrain,1906,34.3
Bahrain,1907,34.4
Bahrain,1908,34.5
Bahrain,1909,34.5
Bahrain,1910,34.6
Bahrain,1911,34.7
Bahrain,1912,34.7
Bahrain,1913,34.8
Bahrain,1914,34.9
Bahrain,1915,35
Bahrain,1916,35
Bahrain,1917,35.1
Bahrain,1918,29.2
Bahrain,1919,35.2
Bahrain,1920,35.3
Bahrain,1921,35.4
Bahrain,1922,35.5
Bahrain,1923,35.5
Bahrain,1924,35.6
Bahrain,1925,35.7
Bahrain,1926,35.7
Bahrain,1927,35.8
Bahrain,1928,35.9
Bahrain,1929,36
Bahrain,1930,36
Bahrain,1931,36.1
Bahrain,1932,36.2
Bahrain,1933,36.2
Bahrain,1934,36.3
Bahrain,1935,36.4
Bahrain,1936,37.3
Bahrain,1937,38.3
Bahrain,1938,39.2
Bahrain,1939,40.2
Bahrain,1940,41.1
Bahrain,1941,42.1
Bahrain,1942,43
Bahrain,1943,44
Bahrain,1944,44.9
Bahrain,1945,45.9
Bahrain,1946,46.9
Bahrain,1947,47.8
Bahrain,1948,48.8
Bahrain,1949,49.8
Bahrain,1950,50.7
Bahrain,1951,51
Bahrain,1952,51.1
Bahrain,1953,52.1
Bahrain,1954,52.8
Bahrain,1955,53.4
Bahrain,1956,53.8
Bahrain,1957,54.9
Bahrain,1958,55.7
Bahrain,1959,56.4
Bahrain,1960,57.3
Bahrain,1961,58.1
Bahrain,1962,58.8
Bahrain,1963,59.5
Bahrain,1964,60.2
Bahrain,1965,60.9
Bahrain,1966,61.5
Bahrain,1967,62.1
Bahrain,1968,62.9
Bahrain,1969,63.5
Bahrain,1970,64.2
Bahrain,1971,64.9
Bahrain,1972,65.4
Bahrain,1973,66
Bahrain,1974,66.4
Bahrain,1975,66.8
Bahrain,1976,67.2
Bahrain,1977,67.5
Bahrain,1978,66.9
Bahrain,1979,68.2
Bahrain,1980,68.4
Bahrain,1981,68.7
Bahrain,1982,69
Bahrain,1983,69.2
Bahrain,1984,69.2
Bahrain,1985,69.4
Bahrain,1986,69
Bahrain,1987,69.4
Bahrain,1988,69.4
Bahrain,1989,69.5
Bahrain,1990,69.5
Bahrain,1991,69.5
Bahrain,1992,69.8
Bahrain,1993,70.1
Bahrain,1994,70.3
Bahrain,1995,70.5
Bahrain,1996,70.7
Bahrain,1997,70.9
Bahrain,1998,71
Bahrain,1999,71.2
Bahrain,2000,71.7
Bahrain,2001,73.4
Bahrain,2002,72.7
Bahrain,2003,72.2
Bahrain,2004,72.3
Bahrain,2005,72.7
Bahrain,2006,73
Bahrain,2007,73.6
Bahrain,2008,74
Bahrain,2009,74.5
Bahrain,2010,75
Bahrain,2011,75.3
Bahrain,2012,75.7
Bahrain,2013,76.2
Bahrain,2014,76.6
Bahrain,2015,76.8
Bahrain,2016,76.8
Bahrain,2017,76.8
Bahrain,2018,77
Bahrain,2019,77
Bahrain,2020,76.2
Bahrain,2021,75.8
Bahrain,2022,76.3
Bahrain,2023,77.7
Bahrain,2024,77.8
Bahamas,1800,35.2
Bahamas,1801,35.2
Bahamas,1802,35.2
Bahamas,1803,35.2
Bahamas,1804,35.2
Bahamas,1805,35.2
Bahamas,1806,35.2
Bahamas,1807,35.2
Bahamas,1808,35.2
Bahamas,1809,35.2
Bahamas,1810,35.2
Bahamas,1811,35.2
Bahamas,1812,35.2
Bahamas,1813,35.2
Bahamas,1814,35.2
Bahamas,1815,35.2
Bahamas,1816,35.2
Bahamas,1817,35.2
Bahamas,1818,35.2
Bahamas,1819,35.2
Bahamas,1820,35.2
Bahamas,1821,35.2
Bahamas,1822,35.2
Bahamas,1823,35.2
Bahamas,1824,35.2
Bahamas,1825,35.2
Bahamas,1826,35.2
Bahamas,1827,35.2
Bahamas,1828,35.2
Bahamas,1829,35.2
Bahamas,1830,35.2
Bahamas,1831,35.2
Bahamas,1832,35.2
Bahamas,1833,35.2
Bahamas,1834,35.2
Bahamas,1835,35.2
Bahamas,1836,35.2
Bahamas,1837,35.2
Bahamas,1838,35.2
Bahamas,1839,35.2
Bahamas,1840,35.2
Bahamas,1841,35.2
Bahamas,1842,35.2
Bahamas,1843,35.2
Bahamas,1844,35.2
Bahamas,1845,35.2
Bahamas,1846,35.2
Bahamas,1847,35.2
Bahamas,1848,35.2
Bahamas,1849,35.2
Bahamas,1850,35.2
Bahamas,1851,35.2
Bahamas,1852,35.2
Bahamas,1853,35.2
Bahamas,1854,35.2
Bahamas,1855,35.2
Bahamas,1856,35.2
Bahamas,1857,35.1
Bahamas,1858,35.1
Bahamas,1859,35.1
Bahamas,1860,35.1
Bahamas,1861,35.1
Bahamas,1862,35.1
Bahamas,1863,35.1
Bahamas,1864,35.1
Bahamas,1865,35.1
Bahamas,1866,35.1
Bahamas,1867,35.1
Bahamas,1868,35.1
Bahamas,1869,35.1
Bahamas,1870,35.1
Bahamas,1871,35.1
Bahamas,1872,35.1
Bahamas,1873,35.1
Bahamas,1874,35.1
Bahamas,1875,35.1
Bahamas,1876,35.1
Bahamas,1877,35.1
Bahamas,1878,35.1
Bahamas,1879,35.1
Bahamas,1880,35.1
Bahamas,1881,35
Bahamas,1882,35
Bahamas,1883,35
Bahamas,1884,35
Bahamas,1885,35
Bahamas,1886,35
Bahamas,1887,35
Bahamas,1888,35
Bahamas,1889,35
Bahamas,1890,35
Bahamas,1891,35
Bahamas,1892,35
Bahamas,1893,35
Bahamas,1894,35
Bahamas,1895,35
Bahamas,1896,35
Bahamas,1897,35
Bahamas,1898,35
Bahamas,1899,35
Bahamas,1900,35
Bahamas,1901,35
Bahamas,1902,35
Bahamas,1903,35
Bahamas,1904,35
Bahamas,1905,35
Bahamas,1906,35
Bahamas,1907,34.9
Bahamas,1908,34.9
Bahamas,1909,34.9
Bahamas,1910,34.9
Bahamas,1911,34.9
Bahamas,1912,34.9
Bahamas,1913,34.9
Bahamas,1914,34.9
Bahamas,1915,34.9
Bahamas,1916,34.9
Bahamas,1917,34.9
Bahamas,1918,22.6
Bahamas,1919,34.9
Bahamas,1920,34.9
Bahamas,1921,34.9
Bahamas,1922,35.7
Bahamas,1923,36.5
Bahamas,1924,37.3
Bahamas,1925,38.1
Bahamas,1926,39
Bahamas,1927,39.8
Bahamas,1928,40.6
Bahamas,1929,41.4
Bahamas,1930,42.2
Bahamas,1931,43
Bahamas,1932,43.9
Bahamas,1933,44.7
Bahamas,1934,45.5
Bahamas,1935,46.3
Bahamas,1936,47.1
Bahamas,1937,47.9
Bahamas,1938,48.7
Bahamas,1939,49.6
Bahamas,1940,50.4
Bahamas,1941,51.1
Bahamas,1942,51.9
Bahamas,1943,52.7
Bahamas,1944,53.4
Bahamas,1945,54.2
Bahamas,1946,55
Bahamas,1947,55.8
Bahamas,1948,56.5
Bahamas,1949,57.3
Bahamas,1950,58
Bahamas,1951,58.5
Bahamas,1952,58.9
Bahamas,1953,59.2
Bahamas,1954,59.6
Bahamas,1955,60
Bahamas,1956,60.4
Bahamas,1957,60.8
Bahamas,1958,61.1
Bahamas,1959,61.5
Bahamas,1960,61.9
Bahamas,1961,62.7
Bahamas,1962,63.1
Bahamas,1963,63.6
Bahamas,1964,64.4
Bahamas,1965,63.3
Bahamas,1966,64.6
Bahamas,1967,64.4
Bahamas,1968,64.7
Bahamas,1969,65.1
Bahamas,1970,65.4
Bahamas,1971,65.8
Bahamas,1972,66.3
Bahamas,1973,66.8
Bahamas,1974,67.5
Bahamas,1975,68.2
Bahamas,1976,68.4
Bahamas,1977,68.4
Bahamas,1978,68.5
Bahamas,1979,68.6
Bahamas,1980,68.6
Bahamas,1981,68.7
Bahamas,1982,69.4
Bahamas,1983,70
Bahamas,1984,70.3
Bahamas,1985,70.2
Bahamas,1986,70
Bahamas,1987,70.2
Bahamas,1988,70.4
Bahamas,1989,70.6
Bahamas,1990,70.9
Bahamas,1991,71
Bahamas,1992,71
Bahamas,1993,70.7
Bahamas,1994,70.5
Bahamas,1995,70.8
Bahamas,1996,70.4
Bahamas,1997,71.1
Bahamas,1998,71.4
Bahamas,1999,70.8
Bahamas,2000,71.3
Bahamas,2001,71.3
Bahamas,2002,71.9
Bahamas,2003,72.4
Bahamas,2004,72.4
Bahamas,2005,73.2
Bahamas,2006,73
Bahamas,2007,73.6
Bahamas,2008,73.5
Bahamas,2009,73.2
Bahamas,2010,73.2
Bahamas,2011,73.2
Bahamas,2012,73.3
Bahamas,2013,73.5
Bahamas,2014,73.6
Bahamas,2015,73.3
Bahamas,2016,73.7
Bahamas,2017,73.8
Bahamas,2018,73.8
Bahamas,2019,73.4
Bahamas,2020,74.9
Bahamas,2021,73.8
Bahamas,2022,76.6
Bahamas,2023,76.8
Bahamas,2024,76.9
Bosnia and Herzegovina,1800,35.1
Bosnia and Herzegovina,1801,35.1
Bosnia and Herzegovina,1802,35.1
Bosnia and Herzegovina,1803,35.1
Bosnia and Herzegovina,1804,35.1
Bosnia and Herzegovina,1805,35.1
Bosnia and Herzegovina,1806,35.1
Bosnia and Herzegovina,1807,35.1
Bosnia and Herzegovina,1808,35.1
Bosnia and Herzegovina,1809,35.1
Bosnia and Herzegovina,1810,35.1
Bosnia and Herzegovina,1811,35.1
Bosnia and Herzegovina,1812,35.1
Bosnia and Herzegovina,1813,35.1
Bosnia and Herzegovina,1814,35.1
Bosnia and Herzegovina,1815,35.1
Bosnia and Herzegovina,1816,35.1
Bosnia and Herzegovina,1817,35.1
Bosnia and Herzegovina,1818,35.1
Bosnia and Herzegovina,1819,35.1
Bosnia and Herzegovina,1820,35.1
Bosnia and Herzegovina,1821,35.1
Bosnia and Herzegovina,1822,35.1
Bosnia and Herzegovina,1823,35.1
Bosnia and Herzegovina,1824,35.1
Bosnia and Herzegovina,1825,35.1
Bosnia and Herzegovina,1826,35.1
Bosnia and Herzegovina,1827,35.1
Bosnia and Herzegovina,1828,35.1
Bosnia and Herzegovina,1829,35.1
Bosnia and Herzegovina,1830,35.1
Bosnia and Herzegovina,1831,35.1
Bosnia and Herzegovina,1832,35.1
Bosnia and Herzegovina,1833,35.1
Bosnia and Herzegovina,1834,35.1
Bosnia and Herzegovina,1835,35.1
Bosnia and Herzegovina,1836,35.1
Bosnia and Herzegovina,1837,35.1
Bosnia and Herzegovina,1838,35.1
Bosnia and Herzegovina,1839,35.1
Bosnia and Herzegovina,1840,35.1
Bosnia and Herzegovina,1841,35.1
Bosnia and Herzegovina,1842,35.1
Bosnia and Herzegovina,1843,35.1
Bosnia and Herzegovina,1844,35.1
Bosnia and Herzegovina,1845,35.1
Bosnia and Herzegovina,1846,35.1
Bosnia and Herzegovina,1847,35.1
Bosnia and Herzegovina,1848,35.1
Bosnia and Herzegovina,1849,35.1
Bosnia and Herzegovina,1850,35.1
Bosnia and Herzegovina,1851,35.1
Bosnia and Herzegovina,1852,35.1
Bosnia and Herzegovina,1853,35.1
Bosnia and Herzegovina,1854,35.1
Bosnia and Herzegovina,1855,35
Bosnia and Herzegovina,1856,35
Bosnia and Herzegovina,1857,35
Bosnia and Herzegovina,1858,35
Bosnia and Herzegovina,1859,35
Bosnia and Herzegovina,1860,35
Bosnia and Herzegovina,1861,35
Bosnia and Herzegovina,1862,35
Bosnia and Herzegovina,1863,35
Bosnia and Herzegovina,1864,35
Bosnia and Herzegovina,1865,35
Bosnia and Herzegovina,1866,34.9
Bosnia and Herzegovina,1867,34.9
Bosnia and Herzegovina,1868,34.9
Bosnia and Herzegovina,1869,34.9
Bosnia and Herzegovina,1870,34.9
Bosnia and Herzegovina,1871,34.9
Bosnia and Herzegovina,1872,34.9
Bosnia and Herzegovina,1873,34.9
Bosnia and Herzegovina,1874,34.9
Bosnia and Herzegovina,1875,34.9
Bosnia and Herzegovina,1876,34.9
Bosnia and Herzegovina,1877,34.8
Bosnia and Herzegovina,1878,34.8
Bosnia and Herzegovina,1879,34.8
Bosnia and Herzegovina,1880,34.8
Bosnia and Herzegovina,1881,34.8
Bosnia and Herzegovina,1882,34.8
Bosnia and Herzegovina,1883,34.8
Bosnia and Herzegovina,1884,34.8
Bosnia and Herzegovina,1885,34.8
Bosnia and Herzegovina,1886,34.8
Bosnia and Herzegovina,1887,34.7
Bosnia and Herzegovina,1888,34.7
Bosnia and Herzegovina,1889,34.7
Bosnia and Herzegovina,1890,34.7
Bosnia and Herzegovina,1891,34.7
Bosnia and Herzegovina,1892,34.7
Bosnia and Herzegovina,1893,34.7
Bosnia and Herzegovina,1894,34.7
Bosnia and Herzegovina,1895,34.7
Bosnia and Herzegovina,1896,34.6
Bosnia and Herzegovina,1897,34.6
Bosnia and Herzegovina,1898,34.6
Bosnia and Herzegovina,1899,34.6
Bosnia and Herzegovina,1900,34.6
Bosnia and Herzegovina,1901,34.6
Bosnia and Herzegovina,1902,34.6
Bosnia and Herzegovina,1903,34.6
Bosnia and Herzegovina,1904,34.6
Bosnia and Herzegovina,1905,34.6
Bosnia and Herzegovina,1906,34.5
Bosnia and Herzegovina,1907,34.5
Bosnia and Herzegovina,1908,34.5
Bosnia and Herzegovina,1909,34.5
Bosnia and Herzegovina,1910,34.5
Bosnia and Herzegovina,1911,34.5
Bosnia and Herzegovina,1912,34.5
Bosnia and Herzegovina,1913,34.5
Bosnia and Herzegovina,1914,34.5
Bosnia and Herzegovina,1915,34.5
Bosnia and Herzegovina,1916,34.5
Bosnia and Herzegovina,1917,34.5
Bosnia and Herzegovina,1918,18.9
Bosnia and Herzegovina,1919,34.4
Bosnia and Herzegovina,1920,34.4
Bosnia and Herzegovina,1921,34.9
Bosnia and Herzegovina,1922,35.5
Bosnia and Herzegovina,1923,36
Bosnia and Herzegovina,1924,36.5
Bosnia and Herzegovina,1925,37
Bosnia and Herzegovina,1926,37.5
Bosnia and Herzegovina,1927,38.1
Bosnia and Herzegovina,1928,38.6
Bosnia and Herzegovina,1929,39.1
Bosnia and Herzegovina,1930,39.6
Bosnia and Herzegovina,1931,40.2
Bosnia and Herzegovina,1932,40.7
Bosnia and Herzegovina,1933,41.2
Bosnia and Herzegovina,1934,41.7
Bosnia and Herzegovina,1935,42.2
Bosnia and Herzegovina,1936,42.8
Bosnia and Herzegovina,1937,43.3
Bosnia and Herzegovina,1938,43.8
Bosnia and Herzegovina,1939,44.3
Bosnia and Herzegovina,1940,44.8
Bosnia and Herzegovina,1941,30.7
Bosnia and Herzegovina,1942,27
Bosnia and Herzegovina,1943,23.5
Bosnia and Herzegovina,1944,21.6
Bosnia and Herzegovina,1945,25.8
Bosnia and Herzegovina,1946,40.5
Bosnia and Herzegovina,1947,48.4
Bosnia and Herzegovina,1948,49.5
Bosnia and Herzegovina,1949,50.3
Bosnia and Herzegovina,1950,51.1
Bosnia and Herzegovina,1951,49.2
Bosnia and Herzegovina,1952,53.7
Bosnia and Herzegovina,1953,53.6
Bosnia and Herzegovina,1954,56.6
Bosnia and Herzegovina,1955,55.5
Bosnia and Herzegovina,1956,57.1
Bosnia and Herzegovina,1957,57.5
Bosnia and Herzegovina,1958,61.2
Bosnia and Herzegovina,1959,60.7
Bosnia and Herzegovina,1960,61.3
Bosnia and Herzegovina,1961,63
Bosnia and Herzegovina,1962,62.2
Bosnia and Herzegovina,1963,63.5
Bosnia and Herzegovina,1964,63.4
Bosnia and Herzegovina,1965,64.2
Bosnia and Herzegovina,1966,65.8
Bosnia and Herzegovina,1967,65.3
Bosnia and Herzegovina,1968,65.5
Bosnia and Herzegovina,1969,65
Bosnia and Herzegovina,1970,65.9
Bosnia and Herzegovina,1971,66.6
Bosnia and Herzegovina,1972,66.7
Bosnia and Herzegovina,1973,67.6
Bosnia and Herzegovina,1974,68.1
Bosnia and Herzegovina,1975,68.3
Bosnia and Herzegovina,1976,68.9
Bosnia and Herzegovina,1977,69.2
Bosnia and Herzegovina,1978,69.2
Bosnia and Herzegovina,1979,69.5
Bosnia and Herzegovina,1980,69.7
Bosnia and Herzegovina,1981,69.9
Bosnia and Herzegovina,1982,70
Bosnia and Herzegovina,1983,69.6
Bosnia and Herzegovina,1984,70.2
Bosnia and Herzegovina,1985,71.4
Bosnia and Herzegovina,1986,71.9
Bosnia and Herzegovina,1987,72
Bosnia and Herzegovina,1988,72.2
Bosnia and Herzegovina,1989,72.3
Bosnia and Herzegovina,1990,73.2
Bosnia and Herzegovina,1991,72.5
Bosnia and Herzegovina,1992,68.1
Bosnia and Herzegovina,1993,69
Bosnia and Herzegovina,1994,70.7
Bosnia and Herzegovina,1995,66.2
Bosnia and Herzegovina,1996,73.5
Bosnia and Herzegovina,1997,73.9
Bosnia and Herzegovina,1998,74.9
Bosnia and Herzegovina,1999,75.4
Bosnia and Herzegovina,2000,75.5
Bosnia and Herzegovina,2001,75.3
Bosnia and Herzegovina,2002,75.1
Bosnia and Herzegovina,2003,75.3
Bosnia and Herzegovina,2004,75.5
Bosnia and Herzegovina,2005,75.3
Bosnia and Herzegovina,2006,75.6
Bosnia and Herzegovina,2007,75.3
Bosnia and Herzegovina,2008,75.9
Bosnia and Herzegovina,2009,76.1
Bosnia and Herzegovina,2010,76.3
Bosnia and Herzegovina,2011,76.4
Bosnia and Herzegovina,2012,76.7
Bosnia and Herzegovina,2013,76.6
Bosnia and Herzegovina,2014,76.7
Bosnia and Herzegovina,2015,76.5
Bosnia and Herzegovina,2016,76.7
Bosnia and Herzegovina,2017,76.8
Bosnia and Herzegovina,2018,76.9
Bosnia and Herzegovina,2019,77
Bosnia and Herzegovina,2020,76
Bosnia and Herzegovina,2021,75
Bosnia and Herzegovina,2022,75
Bosnia and Herzegovina,2023,75.9
Bosnia and Herzegovina,2024,77.8
Belarus,1800,36.2
Belarus,1801,36.2
Belarus,1802,36.2
Belarus,1803,36.2
Belarus,1804,36.2
Belarus,1805,36.2
Belarus,1806,36.2
Belarus,1807,36.2
Belarus,1808,36.2
Belarus,1809,36.2
Belarus,1810,36.2
Belarus,1811,36.2
Belarus,1812,36.2
Belarus,1813,36.2
Belarus,1814,36.2
Belarus,1815,36.2
Belarus,1816,36.2
Belarus,1817,36.2
Belarus,1818,36.2
Belarus,1819,36.2
Belarus,1820,36.2
Belarus,1821,36.2
Belarus,1822,36.2
Belarus,1823,36.2
Belarus,1824,36.2
Belarus,1825,36.2
Belarus,1826,36.2
Belarus,1827,36.2
Belarus,1828,36.2
Belarus,1829,36.2
Belarus,1830,36.2
Belarus,1831,36.2
Belarus,1832,36.2
Belarus,1833,36.2
Belarus,1834,36.2
Belarus,1835,36.2
Belarus,1836,36.2
Belarus,1837,36.2
Belarus,1838,36.2
Belarus,1839,36.2
Belarus,1840,36.2
Belarus,1841,36.2
Belarus,1842,36.2
Belarus,1843,36.2
Belarus,1844,36.2
Belarus,1845,36.2
Belarus,1846,36.2
Belarus,1847,36.2
Belarus,1848,36.2
Belarus,1849,36.2
Belarus,1850,36.2
Belarus,1851,36.2
Belarus,1852,36.2
Belarus,1853,36.3
Belarus,1854,36.3
Belarus,1855,36.3
Belarus,1856,36.3
Belarus,1857,36.3
Belarus,1858,36.4
Belarus,1859,36.4
Belarus,1860,36.4
Belarus,1861,36.4
Belarus,1862,36.4
Belarus,1863,36.4
Belarus,1864,36.5
Belarus,1865,36.5
Belarus,1866,36.5
Belarus,1867,36.5
Belarus,1868,36.5
Belarus,1869,36.5
Belarus,1870,36.6
Belarus,1871,36.6
Belarus,1872,36.6
Belarus,1873,36.6
Belarus,1874,36.6
Belarus,1875,36.7
Belarus,1876,36.7
Belarus,1877,36.7
Belarus,1878,36.7
Belarus,1879,36.7
Belarus,1880,36.8
Belarus,1881,36.8
Belarus,1882,36.8
Belarus,1883,36.8
Belarus,1884,36.8
Belarus,1885,36.9
Belarus,1886,36.9
Belarus,1887,36.9
Belarus,1888,36.9
Belarus,1889,36.9
Belarus,1890,36.9
Belarus,1891,37
Belarus,1892,37
Belarus,1893,37
Belarus,1894,37
Belarus,1895,37
Belarus,1896,37
Belarus,1897,37.1
Belarus,1898,37.1
Belarus,1899,37.1
Belarus,1900,37.1
Belarus,1901,37.8
Belarus,1902,38.4
Belarus,1903,39.1
Belarus,1904,39.7
Belarus,1905,40.4
Belarus,1906,41
Belarus,1907,41.7
Belarus,1908,42.3
Belarus,1909,43
Belarus,1910,43.6
Belarus,1911,44.3
Belarus,1912,44.9
Belarus,1913,45.6
Belarus,1914,44.3
Belarus,1915,38.6
Belarus,1916,38.6
Belarus,1917,36.6
Belarus,1918,32.5
Belarus,1919,34.5
Belarus,1920,31.5
Belarus,1921,34.9
Belarus,1922,35.9
Belarus,1923,45.1
Belarus,1924,47.8
Belarus,1925,46.9
Belarus,1926,50.2
Belarus,1927,49.3
Belarus,1928,51
Belarus,1929,49
Belarus,1930,49
Belarus,1931,50.1
Belarus,1932,41
Belarus,1933,27.1
Belarus,1934,43.9
Belarus,1935,54.2
Belarus,1936,55
Belarus,1937,53.7
Belarus,1938,55
Belarus,1939,54.9
Belarus,1940,54.7
Belarus,1941,20.9
Belarus,1942,15.7
Belarus,1943,14.6
Belarus,1944,21.9
Belarus,1945,31.4
Belarus,1946,60.4
Belarus,1947,49.9
Belarus,1948,63.2
Belarus,1949,66.1
Belarus,1950,68.2
Belarus,1951,68.3
Belarus,1952,68.5
Belarus,1953,68.8
Belarus,1954,69.1
Belarus,1955,69.3
Belarus,1956,69.7
Belarus,1957,70
Belarus,1958,70.1
Belarus,1959,69.7
Belarus,1960,71
Belarus,1961,71.5
Belarus,1962,71.2
Belarus,1963,71.8
Belarus,1964,72.8
Belarus,1965,72.6
Belarus,1966,72.8
Belarus,1967,72.6
Belarus,1968,72.7
Belarus,1969,72.5
Belarus,1970,72.1
Belarus,1971,72.4
Belarus,1972,72.2
Belarus,1973,72.3
Belarus,1974,72.5
Belarus,1975,71.9
Belarus,1976,71.7
Belarus,1977,71.6
Belarus,1978,71.5
Belarus,1979,71.2
Belarus,1980,71
Belarus,1981,71.3
Belarus,1982,71.4
Belarus,1983,71.2
Belarus,1984,70.5
Belarus,1985,71.1
Belarus,1986,72.3
Belarus,1987,72.2
Belarus,1988,72.2
Belarus,1989,71.6
Belarus,1990,71.3
Belarus,1991,70.8
Belarus,1992,70.3
Belarus,1993,69.3
Belarus,1994,69.1
Belarus,1995,68.7
Belarus,1996,68.9
Belarus,1997,68.7
Belarus,1998,68.4
Belarus,1999,68.2
Belarus,2000,69
Belarus,2001,68.6
Belarus,2002,68
Belarus,2003,68.6
Belarus,2004,69
Belarus,2005,68.8
Belarus,2006,69.5
Belarus,2007,70.4
Belarus,2008,70.5
Belarus,2009,70.6
Belarus,2010,70.6
Belarus,2011,70.5
Belarus,2012,72.3
Belarus,2013,72.8
Belarus,2014,73.1
Belarus,2015,73.7
Belarus,2016,73.8
Belarus,2017,73.8
Belarus,2018,74
Belarus,2019,74
Belarus,2020,72.3
Belarus,2021,72.2
Belarus,2022,73
Belarus,2023,74.8
Belarus,2024,75
Belize,1800,26.5
Belize,1801,26.5
Belize,1802,26.5
Belize,1803,26.5
Belize,1804,26.5
Belize,1805,26.5
Belize,1806,26.5
Belize,1807,26.5
Belize,1808,26.5
Belize,1809,26.5
Belize,1810,26.5
Belize,1811,26.5
Belize,1812,26.5
Belize,1813,26.5
Belize,1814,26.5
Belize,1815,26.5
Belize,1816,26.5
Belize,1817,26.5
Belize,1818,26.5
Belize,1819,26.5
Belize,1820,26.5
Belize,1821,26.5
Belize,1822,26.5
Belize,1823,26.5
Belize,1824,26.5
Belize,1825,26.5
Belize,1826,26.5
Belize,1827,26.5
Belize,1828,26.5
Belize,1829,26.5
Belize,1830,26.5
Belize,1831,26.5
Belize,1832,26.5
Belize,1833,26.5
Belize,1834,26.5
Belize,1835,26.5
Belize,1836,26.5
Belize,1837,26.5
Belize,1838,26.5
Belize,1839,26.5
Belize,1840,26.5
Belize,1841,26.5
Belize,1842,26.5
Belize,1843,26.5
Belize,1844,26.5
Belize,1845,26.5
Belize,1846,26.5
Belize,1847,26.5
Belize,1848,26.5
Belize,1849,26.5
Belize,1850,26.5
Belize,1851,26.5
Belize,1852,26.5
Belize,1853,26.5
Belize,1854,26.5
Belize,1855,26.5
Belize,1856,26.5
Belize,1857,26.5
Belize,1858,26.5
Belize,1859,26.5
Belize,1860,26.5
Belize,1861,26.5
Belize,1862,26.5
Belize,1863,26.5
Belize,1864,26.5
Belize,1865,26.5
Belize,1866,26.6
Belize,1867,26.6
Belize,1868,26.6
Belize,1869,26.6
Belize,1870,26.6
Belize,1871,26.6
Belize,1872,26.6
Belize,1873,26.6
Belize,1874,26.6
Belize,1875,26.6
Belize,1876,26.6
Belize,1877,26.6
Belize,1878,26.6
Belize,1879,26.6
Belize,1880,26.6
Belize,1881,26.6
Belize,1882,26.6
Belize,1883,26.6
Belize,1884,26.6
Belize,1885,26.6
Belize,1886,26.6
Belize,1887,26.6
Belize,1888,26.6
Belize,1889,26.6
Belize,1890,26.6
Belize,1891,26.6
Belize,1892,26.6
Belize,1893,26.6
Belize,1894,26.6
Belize,1895,26.6
Belize,1896,26.6
Belize,1897,26.6
Belize,1898,26.6
Belize,1899,26.6
Belize,1900,26.6
Belize,1901,26.6
Belize,1902,26.6
Belize,1903,26.6
Belize,1904,26.6
Belize,1905,26.7
Belize,1906,26.7
Belize,1907,26.7
Belize,1908,26.7
Belize,1909,26.7
Belize,1910,26.7
Belize,1911,27.2
Belize,1912,27.8
Belize,1913,28.4
Belize,1914,28.9
Belize,1915,29.5
Belize,1916,30.1
Belize,1917,30.7
Belize,1918,27.1
Belize,1919,31.8
Belize,1920,32.4
Belize,1921,32.9
Belize,1922,33.5
Belize,1923,34.1
Belize,1924,34.6
Belize,1925,35.2
Belize,1926,35.8
Belize,1927,36.4
Belize,1928,36.9
Belize,1929,37.5
Belize,1930,38.1
Belize,1931,38.6
Belize,1932,39.2
Belize,1933,39.8
Belize,1934,40.4
Belize,1935,41.3
Belize,1936,42.2
Belize,1937,43.2
Belize,1938,44.1
Belize,1939,45
Belize,1940,46
Belize,1941,46.9
Belize,1942,47.9
Belize,1943,48.8
Belize,1944,49.8
Belize,1945,50.7
Belize,1946,51.6
Belize,1947,52.6
Belize,1948,53.6
Belize,1949,54.5
Belize,1950,55.5
Belize,1951,56
Belize,1952,56.9
Belize,1953,57.6
Belize,1954,58.1
Belize,1955,58.8
Belize,1956,60.5
Belize,1957,61
Belize,1958,61.9
Belize,1959,62.9
Belize,1960,63.9
Belize,1961,57.9
Belize,1962,64.9
Belize,1963,65.5
Belize,1964,66
Belize,1965,66.4
Belize,1966,66.5
Belize,1967,66.7
Belize,1968,67.1
Belize,1969,67.3
Belize,1970,67.5
Belize,1971,68
Belize,1972,68.2
Belize,1973,68.5
Belize,1974,69.1
Belize,1975,69.6
Belize,1976,69.6
Belize,1977,69.9
Belize,1978,70
Belize,1979,70.7
Belize,1980,70.9
Belize,1981,71.3
Belize,1982,71.6
Belize,1983,71.7
Belize,1984,71.9
Belize,1985,72.1
Belize,1986,72.4
Belize,1987,72.8
Belize,1988,72.9
Belize,1989,72.8
Belize,1990,72.8
Belize,1991,73.1
Belize,1992,73.6
Belize,1993,73.5
Belize,1994,73.2
Belize,1995,72.9
Belize,1996,72.2
Belize,1997,71.4
Belize,1998,70.6
Belize,1999,70.3
Belize,2000,70
Belize,2001,70.6
Belize,2002,71.4
Belize,2003,71.8
Belize,2004,72
Belize,2005,72.4
Belize,2006,72.6
Belize,2007,73.1
Belize,2008,73.6
Belize,2009,73.7
Belize,2010,73.6
Belize,2011,73.8
Belize,2012,74.3
Belize,2013,74.3
Belize,2014,74.3
Belize,2015,74.2
Belize,2016,74.4
Belize,2017,74.5
Belize,2018,74.4
Belize,2019,74.5
Belize,2020,73.4
Belize,2021,71
Belize,2022,71.5
Belize,2023,75.2
Belize,2024,75.3
Bolivia,1800,33
Bolivia,1801,33
Bolivia,1802,33
Bolivia,1803,33
Bolivia,1804,33
Bolivia,1805,33
Bolivia,1806,33
Bolivia,1807,33
Bolivia,1808,33
Bolivia,1809,33
Bolivia,1810,33
Bolivia,1811,33
Bolivia,1812,33
Bolivia,1813,33
Bolivia,1814,33
Bolivia,1815,33
Bolivia,1816,33
Bolivia,1817,33
Bolivia,1818,33
Bolivia,1819,33
Bolivia,1820,33
Bolivia,1821,33
Bolivia,1822,33
Bolivia,1823,33
Bolivia,1824,33
Bolivia,1825,33
Bolivia,1826,33
Bolivia,1827,33
Bolivia,1828,33
Bolivia,1829,33
Bolivia,1830,33
Bolivia,1831,33
Bolivia,1832,33
Bolivia,1833,33
Bolivia,1834,33
Bolivia,1835,33
Bolivia,1836,33
Bolivia,1837,33
Bolivia,1838,33
Bolivia,1839,33
Bolivia,1840,33
Bolivia,1841,33
Bolivia,1842,33
Bolivia,1843,33
Bolivia,1844,33
Bolivia,1845,33
Bolivia,1846,33
Bolivia,1847,33
Bolivia,1848,33
Bolivia,1849,33
Bolivia,1850,33
Bolivia,1851,33
Bolivia,1852,32.9
Bolivia,1853,32.9
Bolivia,1854,32.9
Bolivia,1855,32.8
Bolivia,1856,32.8
Bolivia,1857,32.8
Bolivia,1858,32.7
Bolivia,1859,32.7
Bolivia,1860,32.7
Bolivia,1861,32.6
Bolivia,1862,32.6
Bolivia,1863,32.6
Bolivia,1864,32.5
Bolivia,1865,32.5
Bolivia,1866,32.5
Bolivia,1867,32.5
Bolivia,1868,32.4
Bolivia,1869,32.4
Bolivia,1870,32.4
Bolivia,1871,32.3
Bolivia,1872,32.3
Bolivia,1873,32.3
Bolivia,1874,32.2
Bolivia,1875,32.2
Bolivia,1876,32.1
Bolivia,1877,32.1
Bolivia,1878,32.1
Bolivia,1879,32.1
Bolivia,1880,32
Bolivia,1881,32
Bolivia,1882,32
Bolivia,1883,31.9
Bolivia,1884,31.9
Bolivia,1885,31.9
Bolivia,1886,31.8
Bolivia,1887,31.8
Bolivia,1888,31.8
Bolivia,1889,31.7
Bolivia,1890,31.7
Bolivia,1891,31.7
Bolivia,1892,31.6
Bolivia,1893,31.6
Bolivia,1894,31.6
Bolivia,1895,31.5
Bolivia,1896,31.5
Bolivia,1897,31.5
Bolivia,1898,31.4
Bolivia,1899,31.4
Bolivia,1900,31.4
Bolivia,1901,31.3
Bolivia,1902,31.3
Bolivia,1903,31.3
Bolivia,1904,31.2
Bolivia,1905,31.2
Bolivia,1906,31.2
Bolivia,1907,31.1
Bolivia,1908,31.1
Bolivia,1909,31.1
Bolivia,1910,31.1
Bolivia,1911,31
Bolivia,1912,31
Bolivia,1913,30.9
Bolivia,1914,30.9
Bolivia,1915,30.9
Bolivia,1916,30.9
Bolivia,1917,30.8
Bolivia,1918,27.2
Bolivia,1919,30.8
Bolivia,1920,30.7
Bolivia,1921,30.7
Bolivia,1922,30.7
Bolivia,1923,30.6
Bolivia,1924,30.6
Bolivia,1925,30.6
Bolivia,1926,30.5
Bolivia,1927,30.5
Bolivia,1928,30.5
Bolivia,1929,30.4
Bolivia,1930,30.4
Bolivia,1931,30.4
Bolivia,1932,30.3
Bolivia,1933,30.3
Bolivia,1934,30.3
Bolivia,1935,30.2
Bolivia,1936,30.2
Bolivia,1937,30.2
Bolivia,1938,30.1
Bolivia,1939,30.1
Bolivia,1940,30.1
Bolivia,1941,30.7
Bolivia,1942,31.4
Bolivia,1943,32
Bolivia,1944,32.6
Bolivia,1945,33.3
Bolivia,1946,33.9
Bolivia,1947,34.5
Bolivia,1948,35.2
Bolivia,1949,35.8
Bolivia,1950,36.4
Bolivia,1951,37.1
Bolivia,1952,37.2
Bolivia,1953,38.7
Bolivia,1954,39.6
Bolivia,1955,40.5
Bolivia,1956,41.2
Bolivia,1957,41.8
Bolivia,1958,42.3
Bolivia,1959,42.6
Bolivia,1960,43
Bolivia,1961,43.3
Bolivia,1962,43.9
Bolivia,1963,44.8
Bolivia,1964,45.5
Bolivia,1965,46.2
Bolivia,1966,47
Bolivia,1967,47.9
Bolivia,1968,48.6
Bolivia,1969,49.4
Bolivia,1970,50.1
Bolivia,1971,50.8
Bolivia,1972,51.4
Bolivia,1973,52.2
Bolivia,1974,52.9
Bolivia,1975,53.7
Bolivia,1976,54.3
Bolivia,1977,54.9
Bolivia,1978,55.4
Bolivia,1979,56.1
Bolivia,1980,56.8
Bolivia,1981,57.3
Bolivia,1982,57.6
Bolivia,1983,57.8
Bolivia,1984,58.5
Bolivia,1985,59.1
Bolivia,1986,59.7
Bolivia,1987,60.1
Bolivia,1988,60.5
Bolivia,1989,61.1
Bolivia,1990,61.7
Bolivia,1991,62
Bolivia,1992,62.5
Bolivia,1993,62.9
Bolivia,1994,63.6
Bolivia,1995,64
Bolivia,1996,64.6
Bolivia,1997,65
Bolivia,1998,65.5
Bolivia,1999,66
Bolivia,2000,66.5
Bolivia,2001,67.2
Bolivia,2002,67.6
Bolivia,2003,68.1
Bolivia,2004,68.6
Bolivia,2005,69
Bolivia,2006,69.3
Bolivia,2007,69.6
Bolivia,2008,69.8
Bolivia,2009,70.1
Bolivia,2010,70.3
Bolivia,2011,70.5
Bolivia,2012,70.7
Bolivia,2013,70.9
Bolivia,2014,71.1
Bolivia,2015,71.3
Bolivia,2016,71.5
Bolivia,2017,71.7
Bolivia,2018,71.8
Bolivia,2019,72
Bolivia,2020,68.4
Bolivia,2021,67.5
Bolivia,2022,68.9
Bolivia,2023,73
Bolivia,2024,73.2
Brazil,1800,32
Brazil,1801,32
Brazil,1802,32
Brazil,1803,32
Brazil,1804,32
Brazil,1805,32
Brazil,1806,32
Brazil,1807,32
Brazil,1808,32
Brazil,1809,32
Brazil,1810,32
Brazil,1811,32
Brazil,1812,32
Brazil,1813,32
Brazil,1814,32
Brazil,1815,32
Brazil,1816,32
Brazil,1817,32
Brazil,1818,32
Brazil,1819,32
Brazil,1820,32
Brazil,1821,32
Brazil,1822,32
Brazil,1823,32
Brazil,1824,32
Brazil,1825,32
Brazil,1826,32
Brazil,1827,32
Brazil,1828,32
Brazil,1829,32
Brazil,1830,32
Brazil,1831,32
Brazil,1832,32
Brazil,1833,32
Brazil,1834,32
Brazil,1835,32
Brazil,1836,32
Brazil,1837,32
Brazil,1838,32
Brazil,1839,32
Brazil,1840,32
Brazil,1841,32
Brazil,1842,32
Brazil,1843,32
Brazil,1844,32
Brazil,1845,32
Brazil,1846,32
Brazil,1847,32
Brazil,1848,32
Brazil,1849,32
Brazil,1850,32
Brazil,1851,32
Brazil,1852,31.9
Brazil,1853,31.9
Brazil,1854,31.9
Brazil,1855,31.9
Brazil,1856,31.9
Brazil,1857,31.9
Brazil,1858,31.9
Brazil,1859,31.8
Brazil,1860,31.8
Brazil,1861,31.8
Brazil,1862,31.8
Brazil,1863,31.8
Brazil,1864,31.7
Brazil,1865,31.7
Brazil,1866,31.7
Brazil,1867,31.7
Brazil,1868,31.7
Brazil,1869,31.7
Brazil,1870,31.6
Brazil,1871,31.6
Brazil,1872,31.6
Brazil,1873,31.6
Brazil,1874,31.6
Brazil,1875,31.6
Brazil,1876,31.5
Brazil,1877,31.5
Brazil,1878,31.5
Brazil,1879,31.5
Brazil,1880,31.4
Brazil,1881,31.4
Brazil,1882,31.4
Brazil,1883,31.4
Brazil,1884,31.4
Brazil,1885,31.4
Brazil,1886,31.4
Brazil,1887,31.3
Brazil,1888,31.3
Brazil,1889,31.3
Brazil,1890,31.3
Brazil,1891,31.3
Brazil,1892,31.2
Brazil,1893,31.2
Brazil,1894,31.2
Brazil,1895,31.2
Brazil,1896,31.2
Brazil,1897,31.2
Brazil,1898,31.1
Brazil,1899,31.1
Brazil,1900,31.1
Brazil,1901,31.1
Brazil,1902,31.1
Brazil,1903,31.1
Brazil,1904,31
Brazil,1905,31
Brazil,1906,31
Brazil,1907,31
Brazil,1908,31
Brazil,1909,30.9
Brazil,1910,30.9
Brazil,1911,30.9
Brazil,1912,30.9
Brazil,1913,30.9
Brazil,1914,30.9
Brazil,1915,30.8
Brazil,1916,30.8
Brazil,1917,30.8
Brazil,1918,26
Brazil,1919,30.8
Brazil,1920,30.8
Brazil,1921,30.7
Brazil,1922,30.7
Brazil,1923,30.7
Brazil,1924,30.7
Brazil,1925,30.7
Brazil,1926,30.7
Brazil,1927,30.6
Brazil,1928,30.6
Brazil,1929,30.6
Brazil,1930,30.6
Brazil,1931,31
Brazil,1932,31.4
Brazil,1933,31.9
Brazil,1934,32.3
Brazil,1935,32.7
Brazil,1936,33.1
Brazil,1937,33.6
Brazil,1938,34
Brazil,1939,34.4
Brazil,1940,34.8
Brazil,1941,35.9
Brazil,1942,37
Brazil,1943,38.1
Brazil,1944,39.1
Brazil,1945,40.2
Brazil,1946,41.7
Brazil,1947,43.2
Brazil,1948,44.6
Brazil,1949,46.1
Brazil,1950,47.6
Brazil,1951,48
Brazil,1952,48.5
Brazil,1953,49
Brazil,1954,49.5
Brazil,1955,49.9
Brazil,1956,50.4
Brazil,1957,50.9
Brazil,1958,51.4
Brazil,1959,51.9
Brazil,1960,52.4
Brazil,1961,53
Brazil,1962,53.5
Brazil,1963,54
Brazil,1964,54.4
Brazil,1965,54.8
Brazil,1966,55.2
Brazil,1967,55.6
Brazil,1968,56.1
Brazil,1969,56.5
Brazil,1970,56.9
Brazil,1971,57.5
Brazil,1972,58
Brazil,1973,58.6
Brazil,1974,59.2
Brazil,1975,59.8
Brazil,1976,60.4
Brazil,1977,61.1
Brazil,1978,61.7
Brazil,1979,62.3
Brazil,1980,62.7
Brazil,1981,63.3
Brazil,1982,63.9
Brazil,1983,64.1
Brazil,1984,64.2
Brazil,1985,64.6
Brazil,1986,65.1
Brazil,1987,65.7
Brazil,1988,66.1
Brazil,1989,66.7
Brazil,1990,67.3
Brazil,1991,67.9
Brazil,1992,68.3
Brazil,1993,68.4
Brazil,1994,68.8
Brazil,1995,69.2
Brazil,1996,69.5
Brazil,1997,70.1
Brazil,1998,70.4
Brazil,1999,70.8
Brazil,2000,71.2
Brazil,2001,71.5
Brazil,2002,71.8
Brazil,2003,72
Brazil,2004,72.3
Brazil,2005,72.8
Brazil,2006,73.1
Brazil,2007,73.3
Brazil,2008,73.5
Brazil,2009,73.7
Brazil,2010,73.8
Brazil,2011,74
Brazil,2012,74.3
Brazil,2013,74.5
Brazil,2014,74.8
Brazil,2015,75
Brazil,2016,75
Brazil,2017,75.4
Brazil,2018,75.7
Brazil,2019,75.8
Brazil,2020,74.5
Brazil,2021,73.2
Brazil,2022,73.9
Brazil,2023,76.7
Brazil,2024,76.9
Barbados,1800,32.1
Barbados,1801,32.1
Barbados,1802,32.1
Barbados,1803,32.1
Barbados,1804,32.1
Barbados,1805,32.1
Barbados,1806,32.1
Barbados,1807,32.1
Barbados,1808,32.1
Barbados,1809,32.1
Barbados,1810,32.1
Barbados,1811,32.1
Barbados,1812,32.1
Barbados,1813,32.1
Barbados,1814,32.1
Barbados,1815,32.1
Barbados,1816,32.1
Barbados,1817,32.1
Barbados,1818,32.1
Barbados,1819,32.1
Barbados,1820,32.1
Barbados,1821,32.1
Barbados,1822,32.1
Barbados,1823,32.1
Barbados,1824,32.1
Barbados,1825,32.1
Barbados,1826,32.1
Barbados,1827,32.1
Barbados,1828,32.1
Barbados,1829,32.1
Barbados,1830,32.1
Barbados,1831,32.1
Barbados,1832,32.1
Barbados,1833,32.1
Barbados,1834,32.1
Barbados,1835,32.1
Barbados,1836,32.1
Barbados,1837,32.1
Barbados,1838,32.1
Barbados,1839,32.1
Barbados,1840,32.1
Barbados,1841,32.1
Barbados,1842,32.1
Barbados,1843,32.1
Barbados,1844,32.1
Barbados,1845,32.1
Barbados,1846,32.1
Barbados,1847,32.1
Barbados,1848,32.1
Barbados,1849,32.1
Barbados,1850,32.1
Barbados,1851,32.1
Barbados,1852,32.1
Barbados,1853,32.2
Barbados,1854,32.2
Barbados,1855,32.2
Barbados,1856,32.2
Barbados,1857,32.2
Barbados,1858,32.2
Barbados,1859,32.2
Barbados,1860,32.3
Barbados,1861,32.3
Barbados,1862,32.3
Barbados,1863,32.3
Barbados,1864,32.3
Barbados,1865,32.3
Barbados,1866,32.3
Barbados,1867,32.3
Barbados,1868,32.4
Barbados,1869,32.4
Barbados,1870,32.4
Barbados,1871,32.4
Barbados,1872,32.4
Barbados,1873,32.4
Barbados,1874,32.4
Barbados,1875,32.4
Barbados,1876,32.5
Barbados,1877,32.5
Barbados,1878,32.5
Barbados,1879,32.5
Barbados,1880,32.5
Barbados,1881,32.5
Barbados,1882,32.5
Barbados,1883,32.5
Barbados,1884,32.6
Barbados,1885,32.6
Barbados,1886,32.6
Barbados,1887,32.6
Barbados,1888,32.6
Barbados,1889,32.6
Barbados,1890,32.6
Barbados,1891,32.6
Barbados,1892,32.7
Barbados,1893,32.7
Barbados,1894,32.7
Barbados,1895,32.7
Barbados,1896,32.7
Barbados,1897,32.7
Barbados,1898,32.7
Barbados,1899,32.8
Barbados,1900,32.8
Barbados,1901,32.8
Barbados,1902,32.8
Barbados,1903,32.8
Barbados,1904,32.8
Barbados,1905,32.8
Barbados,1906,32.8
Barbados,1907,32.9
Barbados,1908,32.9
Barbados,1909,32.9
Barbados,1910,32.9
Barbados,1911,32.9
Barbados,1912,32.9
Barbados,1913,32.9
Barbados,1914,33
Barbados,1915,33
Barbados,1916,33
Barbados,1917,33
Barbados,1918,21.4
Barbados,1919,33
Barbados,1920,33
Barbados,1921,33
Barbados,1922,33.9
Barbados,1923,34.8
Barbados,1924,35.6
Barbados,1925,36.5
Barbados,1926,37.4
Barbados,1927,38.2
Barbados,1928,39.1
Barbados,1929,40
Barbados,1930,40.8
Barbados,1931,41.7
Barbados,1932,42.6
Barbados,1933,43.5
Barbados,1934,44.3
Barbados,1935,45.2
Barbados,1936,46.1
Barbados,1937,47
Barbados,1938,47.8
Barbados,1939,48.7
Barbados,1940,49.6
Barbados,1941,50.5
Barbados,1942,51.4
Barbados,1943,52.3
Barbados,1944,53.3
Barbados,1945,54.2
Barbados,1946,55.1
Barbados,1947,56
Barbados,1948,56.9
Barbados,1949,57.9
Barbados,1950,58.8
Barbados,1951,59.2
Barbados,1952,59.9
Barbados,1953,60.9
Barbados,1954,62
Barbados,1955,62.1
Barbados,1956,63.5
Barbados,1957,64.3
Barbados,1958,65
Barbados,1959,65.7
Barbados,1960,66.1
Barbados,1961,66.5
Barbados,1962,67
Barbados,1963,67.5
Barbados,1964,67.8
Barbados,1965,68.2
Barbados,1966,68.5
Barbados,1967,68.7
Barbados,1968,68.8
Barbados,1969,68.9
Barbados,1970,69.2
Barbados,1971,69.5
Barbados,1972,69.8
Barbados,1973,70
Barbados,1974,70.1
Barbados,1975,70.3
Barbados,1976,69.7
Barbados,1977,71
Barbados,1978,71.6
Barbados,1979,72.3
Barbados,1980,73
Barbados,1981,73.5
Barbados,1982,73.9
Barbados,1983,73.9
Barbados,1984,74
Barbados,1985,74
Barbados,1986,74.2
Barbados,1987,74
Barbados,1988,74
Barbados,1989,74
Barbados,1990,73.9
Barbados,1991,74.2
Barbados,1992,73.9
Barbados,1993,73.9
Barbados,1994,73.8
Barbados,1995,73.9
Barbados,1996,74.1
Barbados,1997,74.2
Barbados,1998,74.5
Barbados,1999,74.8
Barbados,2000,74.7
Barbados,2001,75.2
Barbados,2002,75.1
Barbados,2003,74.9
Barbados,2004,74.9
Barbados,2005,75.2
Barbados,2006,75.4
Barbados,2007,75.5
Barbados,2008,75.8
Barbados,2009,76.1
Barbados,2010,76.2
Barbados,2011,76.2
Barbados,2012,76.5
Barbados,2013,76.5
Barbados,2014,76.5
Barbados,2015,76.5
Barbados,2016,76.5
Barbados,2017,76.5
Barbados,2018,76.5
Barbados,2019,76.2
Barbados,2020,76.3
Barbados,2021,76.5
Barbados,2022,76.6
Barbados,2023,76.8
Barbados,2024,76.9
Brunei,1800,29.2
Brunei,1801,29.2
Brunei,1802,29.2
Brunei,1803,29.2
Brunei,1804,29.2
Brunei,1805,29.2
Brunei,1806,29.2
Brunei,1807,29.2
Brunei,1808,29.2
Brunei,1809,29.2
Brunei,1810,29.2
Brunei,1811,29.2
Brunei,1812,29.2
Brunei,1813,29.2
Brunei,1814,29.2
Brunei,1815,29.2
Brunei,1816,29.2
Brunei,1817,29.2
Brunei,1818,29.2
Brunei,1819,29.2
Brunei,1820,29.2
Brunei,1821,29.2
Brunei,1822,29.2
Brunei,1823,29.2
Brunei,1824,29.2
Brunei,1825,29.2
Brunei,1826,29.2
Brunei,1827,29.2
Brunei,1828,29.2
Brunei,1829,29.2
Brunei,1830,29.2
Brunei,1831,29.2
Brunei,1832,29.2
Brunei,1833,29.2
Brunei,1834,29.2
Brunei,1835,29.2
Brunei,1836,29.2
Brunei,1837,29.2
Brunei,1838,29.2
Brunei,1839,29.2
Brunei,1840,29.2
Brunei,1841,29.2
Brunei,1842,29.2
Brunei,1843,29.2
Brunei,1844,29.2
Brunei,1845,29.2
Brunei,1846,29.2
Brunei,1847,29.2
Brunei,1848,29.2
Brunei,1849,29.2
Brunei,1850,29.2
Brunei,1851,29.2
Brunei,1852,29.1
Brunei,1853,29.1
Brunei,1854,29.1
Brunei,1855,29.1
Brunei,1856,29.1
Brunei,1857,29
Brunei,1858,29
Brunei,1859,29
Brunei,1860,28.9
Brunei,1861,28.9
Brunei,1862,28.9
Brunei,1863,28.9
Brunei,1864,28.8
Brunei,1865,28.8
Brunei,1866,28.8
Brunei,1867,28.8
Brunei,1868,28.7
Brunei,1869,28.7
Brunei,1870,28.7
Brunei,1871,28.7
Brunei,1872,28.6
Brunei,1873,28.6
Brunei,1874,28.6
Brunei,1875,28.6
Brunei,1876,28.5
Brunei,1877,28.5
Brunei,1878,28.5
Brunei,1879,28.5
Brunei,1880,28.4
Brunei,1881,28.4
Brunei,1882,28.4
Brunei,1883,28.4
Brunei,1884,28.3
Brunei,1885,28.3
Brunei,1886,28.3
Brunei,1887,28.3
Brunei,1888,28.2
Brunei,1889,28.2
Brunei,1890,28.2
Brunei,1891,28.1
Brunei,1892,28.1
Brunei,1893,28.1
Brunei,1894,28.1
Brunei,1895,28.1
Brunei,1896,28
Brunei,1897,28
Brunei,1898,28
Brunei,1899,27.9
Brunei,1900,27.9
Brunei,1901,27.9
Brunei,1902,27.9
Brunei,1903,27.8
Brunei,1904,27.8
Brunei,1905,27.8
Brunei,1906,27.8
Brunei,1907,27.7
Brunei,1908,27.7
Brunei,1909,27.7
Brunei,1910,27.7
Brunei,1911,27.6
Brunei,1912,28.3
Brunei,1913,28.9
Brunei,1914,29.6
Brunei,1915,30.2
Brunei,1916,30.8
Brunei,1917,31.4
Brunei,1918,26.1
Brunei,1919,32.7
Brunei,1920,33.3
Brunei,1921,34
Brunei,1922,34.6
Brunei,1923,35.2
Brunei,1924,35.9
Brunei,1925,36.5
Brunei,1926,37.1
Brunei,1927,37.7
Brunei,1928,38.3
Brunei,1929,39
Brunei,1930,39.6
Brunei,1931,40.2
Brunei,1932,40.8
Brunei,1933,41.4
Brunei,1934,42
Brunei,1935,42.6
Brunei,1936,43.3
Brunei,1937,43.9
Brunei,1938,44.5
Brunei,1939,45.1
Brunei,1940,45.7
Brunei,1941,46.3
Brunei,1942,46.9
Brunei,1943,47.5
Brunei,1944,48.1
Brunei,1945,48.7
Brunei,1946,49.3
Brunei,1947,49.9
Brunei,1948,50.5
Brunei,1949,51.1
Brunei,1950,51.7
Brunei,1951,52.6
Brunei,1952,52.3
Brunei,1953,52.6
Brunei,1954,53
Brunei,1955,52.9
Brunei,1956,52.6
Brunei,1957,52.5
Brunei,1958,53.6
Brunei,1959,54.5
Brunei,1960,55.8
Brunei,1961,57.3
Brunei,1962,57.7
Brunei,1963,59.5
Brunei,1964,60.6
Brunei,1965,61.9
Brunei,1966,62.9
Brunei,1967,63
Brunei,1968,62.3
Brunei,1969,62.5
Brunei,1970,63
Brunei,1971,63.6
Brunei,1972,64.1
Brunei,1973,64.7
Brunei,1974,65.4
Brunei,1975,65.7
Brunei,1976,66.3
Brunei,1977,66.4
Brunei,1978,66.7
Brunei,1979,67.1
Brunei,1980,67.5
Brunei,1981,67.9
Brunei,1982,68
Brunei,1983,68.2
Brunei,1984,68.4
Brunei,1985,68.5
Brunei,1986,68.6
Brunei,1987,68.9
Brunei,1988,69.2
Brunei,1989,69.3
Brunei,1990,69.4
Brunei,1991,69.7
Brunei,1992,70
Brunei,1993,70.4
Brunei,1994,71
Brunei,1995,71.5
Brunei,1996,72
Brunei,1997,72.1
Brunei,1998,72.2
Brunei,1999,72.3
Brunei,2000,72.5
Brunei,2001,72.8
Brunei,2002,72.9
Brunei,2003,72.9
Brunei,2004,72.9
Brunei,2005,73
Brunei,2006,73.2
Brunei,2007,73.5
Brunei,2008,73.8
Brunei,2009,73.8
Brunei,2010,73.8
Brunei,2011,73.9
Brunei,2012,74
Brunei,2013,73.9
Brunei,2014,74
Brunei,2015,74
Brunei,2016,74.1
Brunei,2017,74.1
Brunei,2018,74.2
Brunei,2019,74.4
Brunei,2020,74.4
Brunei,2021,74.3
Brunei,2022,74.2
Brunei,2023,74.2
Brunei,2024,74.2
Bhutan,1800,28.8
Bhutan,1801,28.8
Bhutan,1802,28.8
Bhutan,1803,28.8
Bhutan,1804,28.8
Bhutan,1805,28.8
Bhutan,1806,28.8
Bhutan,1807,28.8
Bhutan,1808,28.8
Bhutan,1809,28.8
Bhutan,1810,28.8
Bhutan,1811,28.8
Bhutan,1812,28.8
Bhutan,1813,28.8
Bhutan,1814,28.8
Bhutan,1815,28.8
Bhutan,1816,28.8
Bhutan,1817,28.8
Bhutan,1818,28.8
Bhutan,1819,28.8
Bhutan,1820,28.8
Bhutan,1821,28.8
Bhutan,1822,28.8
Bhutan,1823,28.8
Bhutan,1824,28.8
Bhutan,1825,28.8
Bhutan,1826,28.8
Bhutan,1827,28.8
Bhutan,1828,28.8
Bhutan,1829,28.8
Bhutan,1830,28.8
Bhutan,1831,28.8
Bhutan,1832,28.8
Bhutan,1833,28.8
Bhutan,1834,28.8
Bhutan,1835,28.8
Bhutan,1836,28.8
Bhutan,1837,28.8
Bhutan,1838,28.8
Bhutan,1839,28.8
Bhutan,1840,28.8
Bhutan,1841,28.8
Bhutan,1842,28.8
Bhutan,1843,28.8
Bhutan,1844,28.8
Bhutan,1845,28.8
Bhutan,1846,28.8
Bhutan,1847,28.8
Bhutan,1848,28.8
Bhutan,1849,28.8
Bhutan,1850,28.8
Bhutan,1851,28.9
Bhutan,1852,28.9
Bhutan,1853,29
Bhutan,1854,29
Bhutan,1855,29.1
Bhutan,1856,29.2
Bhutan,1857,29.2
Bhutan,1858,29.3
Bhutan,1859,29.3
Bhutan,1860,29.4
Bhutan,1861,29.5
Bhutan,1862,29.5
Bhutan,1863,29.6
Bhutan,1864,29.6
Bhutan,1865,29.7
Bhutan,1866,29.8
Bhutan,1867,29.8
Bhutan,1868,29.9
Bhutan,1869,29.9
Bhutan,1870,30
Bhutan,1871,30.1
Bhutan,1872,30.1
Bhutan,1873,30.2
Bhutan,1874,30.2
Bhutan,1875,30.3
Bhutan,1876,30.4
Bhutan,1877,30.4
Bhutan,1878,30.5
Bhutan,1879,30.5
Bhutan,1880,30.6
Bhutan,1881,30.6
Bhutan,1882,30.7
Bhutan,1883,30.8
Bhutan,1884,30.8
Bhutan,1885,30.9
Bhutan,1886,30.9
Bhutan,1887,31
Bhutan,1888,31.1
Bhutan,1889,31.1
Bhutan,1890,31.2
Bhutan,1891,31.3
Bhutan,1892,31.3
Bhutan,1893,31.4
Bhutan,1894,31.4
Bhutan,1895,31.5
Bhutan,1896,31.6
Bhutan,1897,31.6
Bhutan,1898,31.7
Bhutan,1899,31.7
Bhutan,1900,31.8
Bhutan,1901,31.8
Bhutan,1902,31.9
Bhutan,1903,32
Bhutan,1904,32
Bhutan,1905,32.1
Bhutan,1906,32.1
Bhutan,1907,32.2
Bhutan,1908,32.3
Bhutan,1909,32.3
Bhutan,1910,32.4
Bhutan,1911,32.4
Bhutan,1912,32.5
Bhutan,1913,32.6
Bhutan,1914,32.6
Bhutan,1915,32.7
Bhutan,1916,32.7
Bhutan,1917,32.8
Bhutan,1918,21.1
Bhutan,1919,32.9
Bhutan,1920,33
Bhutan,1921,33
Bhutan,1922,33.1
Bhutan,1923,33.2
Bhutan,1924,33.2
Bhutan,1925,33.3
Bhutan,1926,33.3
Bhutan,1927,33.4
Bhutan,1928,33.5
Bhutan,1929,33.5
Bhutan,1930,33.6
Bhutan,1931,33.6
Bhutan,1932,33.7
Bhutan,1933,33.8
Bhutan,1934,33.8
Bhutan,1935,33.9
Bhutan,1936,33.9
Bhutan,1937,34
Bhutan,1938,34
Bhutan,1939,34.1
Bhutan,1940,34.2
Bhutan,1941,34.5
Bhutan,1942,34.7
Bhutan,1943,35
Bhutan,1944,35.3
Bhutan,1945,35.5
Bhutan,1946,35.8
Bhutan,1947,36.1
Bhutan,1948,36.4
Bhutan,1949,36.6
Bhutan,1950,36.9
Bhutan,1951,37.4
Bhutan,1952,37.8
Bhutan,1953,38.3
Bhutan,1954,38.9
Bhutan,1955,39.4
Bhutan,1956,39.9
Bhutan,1957,40.5
Bhutan,1958,41
Bhutan,1959,41.6
Bhutan,1960,42.2
Bhutan,1961,42.9
Bhutan,1962,43.5
Bhutan,1963,44.2
Bhutan,1964,44.9
Bhutan,1965,45.5
Bhutan,1966,46.2
Bhutan,1967,46.8
Bhutan,1968,47.5
Bhutan,1969,48.1
Bhutan,1970,48.8
Bhutan,1971,49.4
Bhutan,1972,49.9
Bhutan,1973,50.3
Bhutan,1974,50.7
Bhutan,1975,51
Bhutan,1976,51.4
Bhutan,1977,51.7
Bhutan,1978,52.1
Bhutan,1979,52.5
Bhutan,1980,52.8
Bhutan,1981,53.4
Bhutan,1982,54.1
Bhutan,1983,54.8
Bhutan,1984,55.6
Bhutan,1985,56.2
Bhutan,1986,57.1
Bhutan,1987,58
Bhutan,1988,58.8
Bhutan,1989,59.6
Bhutan,1990,60.3
Bhutan,1991,60.9
Bhutan,1992,61.5
Bhutan,1993,62.2
Bhutan,1994,62.6
Bhutan,1995,63.4
Bhutan,1996,64.2
Bhutan,1997,64.8
Bhutan,1998,65.4
Bhutan,1999,66
Bhutan,2000,65.7
Bhutan,2001,67.1
Bhutan,2002,67.7
Bhutan,2003,68.2
Bhutan,2004,68.6
Bhutan,2005,69
Bhutan,2006,69.5
Bhutan,2007,69.9
Bhutan,2008,70.3
Bhutan,2009,70.5
Bhutan,2010,71
Bhutan,2011,71.3
Bhutan,2012,71.6
Bhutan,2013,71.8
Bhutan,2014,72.1
Bhutan,2015,72.3
Bhutan,2016,72.5
Bhutan,2017,72.7
Bhutan,2018,73
Bhutan,2019,73.2
Bhutan,2020,73.4
Bhutan,2021,73.6
Bhutan,2022,74
Bhutan,2023,74.3
Bhutan,2024,74.6
Botswana,1800,33.6
Botswana,1801,33.6
Botswana,1802,33.6
Botswana,1803,33.6
Botswana,1804,33.6
Botswana,1805,33.6
Botswana,1806,33.6
Botswana,1807,33.6
Botswana,1808,33.6
Botswana,1809,33.6
Botswana,1810,33.6
Botswana,1811,33.6
Botswana,1812,33.6
Botswana,1813,33.6
Botswana,1814,33.6
Botswana,1815,33.6
Botswana,1816,33.6
Botswana,1817,33.6
Botswana,1818,33.6
Botswana,1819,33.6
Botswana,1820,33.6
Botswana,1821,33.6
Botswana,1822,33.6
Botswana,1823,33.6
Botswana,1824,33.6
Botswana,1825,33.6
Botswana,1826,33.6
Botswana,1827,33.6
Botswana,1828,33.6
Botswana,1829,33.6
Botswana,1830,33.6
Botswana,1831,33.6
Botswana,1832,33.6
Botswana,1833,33.6
Botswana,1834,33.6
Botswana,1835,33.6
Botswana,1836,33.6
Botswana,1837,33.6
Botswana,1838,33.6
Botswana,1839,33.6
Botswana,1840,33.6
Botswana,1841,33.6
Botswana,1842,33.6
Botswana,1843,33.6
Botswana,1844,33.6
Botswana,1845,33.6
Botswana,1846,33.6
Botswana,1847,33.6
Botswana,1848,33.6
Botswana,1849,33.6
Botswana,1850,33.6
Botswana,1851,33.6
Botswana,1852,33.7
Botswana,1853,33.8
Botswana,1854,33.8
Botswana,1855,33.9
Botswana,1856,33.9
Botswana,1857,34
Botswana,1858,34
Botswana,1859,34
Botswana,1860,34.1
Botswana,1861,34.1
Botswana,1862,34.2
Botswana,1863,34.3
Botswana,1864,34.3
Botswana,1865,34.4
Botswana,1866,34.4
Botswana,1867,34.5
Botswana,1868,34.5
Botswana,1869,34.6
Botswana,1870,34.6
Botswana,1871,34.7
Botswana,1872,34.7
Botswana,1873,34.8
Botswana,1874,34.8
Botswana,1875,34.9
Botswana,1876,34.9
Botswana,1877,35
Botswana,1878,35
Botswana,1879,35.1
Botswana,1880,35.1
Botswana,1881,35.2
Botswana,1882,35.2
Botswana,1883,35.3
Botswana,1884,35.3
Botswana,1885,35.4
Botswana,1886,35.4
Botswana,1887,35.5
Botswana,1888,35.5
Botswana,1889,35.6
Botswana,1890,35.6
Botswana,1891,35.7
Botswana,1892,35.7
Botswana,1893,35.8
Botswana,1894,35.8
Botswana,1895,35.9
Botswana,1896,35.9
Botswana,1897,36
Botswana,1898,36
Botswana,1899,36.1
Botswana,1900,36.1
Botswana,1901,36.2
Botswana,1902,36.2
Botswana,1903,36.3
Botswana,1904,36.3
Botswana,1905,36.4
Botswana,1906,36.4
Botswana,1907,36.5
Botswana,1908,36.5
Botswana,1909,36.6
Botswana,1910,36.6
Botswana,1911,36.7
Botswana,1912,36.7
Botswana,1913,36.8
Botswana,1914,36.8
Botswana,1915,36.9
Botswana,1916,36.9
Botswana,1917,37
Botswana,1918,12
Botswana,1919,37.1
Botswana,1920,37.1
Botswana,1921,37.2
Botswana,1922,37.2
Botswana,1923,37.3
Botswana,1924,37.3
Botswana,1925,37.4
Botswana,1926,37.4
Botswana,1927,37.5
Botswana,1928,37.5
Botswana,1929,37.6
Botswana,1930,37.6
Botswana,1931,37.7
Botswana,1932,37.7
Botswana,1933,37.8
Botswana,1934,37.8
Botswana,1935,37.9
Botswana,1936,37.9
Botswana,1937,38
Botswana,1938,38
Botswana,1939,38.1
Botswana,1940,38.1
Botswana,1941,38.2
Botswana,1942,38.2
Botswana,1943,38.2
Botswana,1944,38.3
Botswana,1945,38.3
Botswana,1946,41.4
Botswana,1947,44.4
Botswana,1948,47.5
Botswana,1949,50.6
Botswana,1950,53.7
Botswana,1951,53.8
Botswana,1952,53.8
Botswana,1953,53.9
Botswana,1954,53.9
Botswana,1955,54
Botswana,1956,54
Botswana,1957,54.1
Botswana,1958,54.2
Botswana,1959,54.3
Botswana,1960,54.4
Botswana,1961,54.5
Botswana,1962,54.6
Botswana,1963,54.8
Botswana,1964,55
Botswana,1965,55.1
Botswana,1966,55.3
Botswana,1967,55.5
Botswana,1968,55.8
Botswana,1969,56.1
Botswana,1970,56.5
Botswana,1971,57
Botswana,1972,57.5
Botswana,1973,58.1
Botswana,1974,58.6
Botswana,1975,59.1
Botswana,1976,59.6
Botswana,1977,59.9
Botswana,1978,60.3
Botswana,1979,60.6
Botswana,1980,61
Botswana,1981,61.3
Botswana,1982,61.6
Botswana,1983,62
Botswana,1984,62.2
Botswana,1985,62.5
Botswana,1986,62.6
Botswana,1987,62.7
Botswana,1988,62.2
Botswana,1989,62.1
Botswana,1990,61.3
Botswana,1991,60.2
Botswana,1992,58.6
Botswana,1993,56.7
Botswana,1994,54.6
Botswana,1995,52.5
Botswana,1996,50.6
Botswana,1997,49
Botswana,1998,47.6
Botswana,1999,46.4
Botswana,2000,45.5
Botswana,2001,45
Botswana,2002,44.9
Botswana,2003,45.7
Botswana,2004,47.5
Botswana,2005,49.9
Botswana,2006,51.4
Botswana,2007,53.4
Botswana,2008,54.7
Botswana,2009,56.1
Botswana,2010,57
Botswana,2011,57.8
Botswana,2012,58.6
Botswana,2013,59.4
Botswana,2014,60.1
Botswana,2015,60.6
Botswana,2016,61.2
Botswana,2017,61.5
Botswana,2018,61.8
Botswana,2019,62.3
Botswana,2020,62.4
Botswana,2021,58.1
Botswana,2022,62.7
Botswana,2023,62.8
Botswana,2024,63
Central African Republic,1800,30
Central African Republic,1801,30
Central African Republic,1802,30
Central African Republic,1803,30
Central African Republic,1804,30
Central African Republic,1805,30
Central African Republic,1806,30
Central African Republic,1807,30
Central African Republic,1808,30
Central African Republic,1809,30
Central African Republic,1810,30
Central African Republic,1811,30
Central African Republic,1812,30
Central African Republic,1813,30
Central African Republic,1814,30
Central African Republic,1815,30
Central African Republic,1816,30
Central African Republic,1817,30
Central African Republic,1818,30
Central African Republic,1819,30
Central African Republic,1820,30
Central African Republic,1821,30
Central African Republic,1822,30
Central African Republic,1823,30
Central African Republic,1824,30
Central African Republic,1825,30
Central African Republic,1826,30
Central African Republic,1827,30
Central African Republic,1828,30
Central African Republic,1829,30
Central African Republic,1830,30
Central African Republic,1831,30
Central African Republic,1832,30
Central African Republic,1833,30
Central African Republic,1834,30
Central African Republic,1835,30
Central African Republic,1836,30
Central African Republic,1837,30
Central African Republic,1838,30
Central African Republic,1839,30
Central African Republic,1840,30
Central African Republic,1841,30
Central African Republic,1842,30
Central African Republic,1843,30
Central African Republic,1844,30
Central African Republic,1845,30
Central African Republic,1846,30
Central African Republic,1847,30
Central African Republic,1848,30
Central African Republic,1849,30
Central African Republic,1850,30
Central African Republic,1851,30.1
Central African Republic,1852,30.2
Central African Republic,1853,30.3
Central African Republic,1854,30.4
Central African Republic,1855,30.5
Central African Republic,1856,30.6
Central African Republic,1857,30.7
Central African Republic,1858,30.8
Central African Republic,1859,30.9
Central African Republic,1860,31
Central African Republic,1861,31.1
Central African Republic,1862,31.1
Central African Republic,1863,31.2
Central African Republic,1864,31.3
Central African Republic,1865,31.4
Central African Republic,1866,31.5
Central African Republic,1867,31.6
Central African Republic,1868,31.7
Central African Republic,1869,31.8
Central African Republic,1870,31.9
Central African Republic,1871,32
Central African Republic,1872,32.1
Central African Republic,1873,32.2
Central African Republic,1874,32.3
Central African Republic,1875,32.4
Central African Republic,1876,32.5
Central African Republic,1877,32.6
Central African Republic,1878,32.7
Central African Republic,1879,32.8
Central African Republic,1880,32.9
Central African Republic,1881,33
Central African Republic,1882,33.1
Central African Republic,1883,33.2
Central African Republic,1884,33.3
Central African Republic,1885,33.4
Central African Republic,1886,33.5
Central African Republic,1887,33.5
Central African Republic,1888,33.6
Central African Republic,1889,33.7
Central African Republic,1890,33.8
Central African Republic,1891,33.9
Central African Republic,1892,34
Central African Republic,1893,34.1
Central African Republic,1894,34.2
Central African Republic,1895,34.3
Central African Republic,1896,34.4
Central African Republic,1897,34.5
Central African Republic,1898,34.6
Central African Republic,1899,34.7
Central African Republic,1900,34.8
Central African Republic,1901,34.9
Central African Republic,1902,35
Central African Republic,1903,35.1
Central African Republic,1904,35.2
Central African Republic,1905,35.3
Central African Republic,1906,35.4
Central African Republic,1907,35.5
Central African Republic,1908,35.5
Central African Republic,1909,35.6
Central African Republic,1910,35.7
Central African Republic,1911,35.8
Central African Republic,1912,35.9
Central African Republic,1913,36
Central African Republic,1914,36.1
Central African Republic,1915,36.2
Central African Republic,1916,36.3
Central African Republic,1917,36.4
Central African Republic,1918,14.1
Central African Republic,1919,36.6
Central African Republic,1920,36.7
Central African Republic,1921,36.8
Central African Republic,1922,36.9
Central African Republic,1923,37
Central African Republic,1924,37.1
Central African Republic,1925,37.2
Central African Republic,1926,37.3
Central African Republic,1927,37.4
Central African Republic,1928,37.5
Central African Republic,1929,37.6
Central African Republic,1930,37.7
Central African Republic,1931,37.8
Central African Republic,1932,37.9
Central African Republic,1933,38
Central African Republic,1934,38
Central African Republic,1935,38.1
Central African Republic,1936,38.2
Central African Republic,1937,38.3
Central African Republic,1938,38.4
Central African Republic,1939,38.5
Central African Republic,1940,38.6
Central African Republic,1941,38.8
Central African Republic,1942,38.9
Central African Republic,1943,39.1
Central African Republic,1944,39.3
Central African Republic,1945,39.4
Central African Republic,1946,39.6
Central African Republic,1947,40.6
Central African Republic,1948,41.6
Central African Republic,1949,42.6
Central African Republic,1950,43.6
Central African Republic,1951,43.8
Central African Republic,1952,43.9
Central African Republic,1953,44
Central African Republic,1954,44.1
Central African Republic,1955,44.2
Central African Republic,1956,44.3
Central African Republic,1957,44.7
Central African Republic,1958,45.1
Central African Republic,1959,45.3
Central African Republic,1960,45.8
Central African Republic,1961,46.1
Central African Republic,1962,46.5
Central African Republic,1963,46.8
Central African Republic,1964,47
Central African Republic,1965,47.3
Central African Republic,1966,47.4
Central African Republic,1967,47.5
Central African Republic,1968,47.8
Central African Republic,1969,48
Central African Republic,1970,48.1
Central African Republic,1971,48.2
Central African Republic,1972,48.2
Central African Republic,1973,48.3
Central African Republic,1974,48.4
Central African Republic,1975,48.4
Central African Republic,1976,48.6
Central African Republic,1977,48.7
Central African Republic,1978,48.9
Central African Republic,1979,49
Central African Republic,1980,49.2
Central African Republic,1981,49.3
Central African Republic,1982,49.5
Central African Republic,1983,49.5
Central African Republic,1984,49.4
Central African Republic,1985,49.5
Central African Republic,1986,49.5
Central African Republic,1987,49.4
Central African Republic,1988,49
Central African Republic,1989,48.7
Central African Republic,1990,48.1
Central African Republic,1991,47.5
Central African Republic,1992,46.8
Central African Republic,1993,46
Central African Republic,1994,45.3
Central African Republic,1995,44.7
Central African Republic,1996,44.2
Central African Republic,1997,43.8
Central African Republic,1998,43.8
Central African Republic,1999,43.8
Central African Republic,2000,43.8
Central African Republic,2001,43.9
Central African Republic,2002,44.2
Central African Republic,2003,44.5
Central African Republic,2004,44.8
Central African Republic,2005,45.2
Central African Republic,2006,45.6
Central African Republic,2007,46.1
Central African Republic,2008,46.8
Central African Republic,2009,47.4
Central African Republic,2010,47.8
Central African Republic,2011,48.3
Central African Republic,2012,48.8
Central African Republic,2013,47.5
Central African Republic,2014,47.5
Central African Republic,2015,49.7
Central African Republic,2016,50.3
Central African Republic,2017,50.4
Central African Republic,2018,51.5
Central African Republic,2019,52.4
Central African Republic,2020,52
Central African Republic,2021,51.3
Central African Republic,2022,51.8
Central African Republic,2023,52.8
Central African Republic,2024,53.4
Canada,1800,39
Canada,1801,39
Canada,1802,39
Canada,1803,39
Canada,1804,39
Canada,1805,39
Canada,1806,39
Canada,1807,39
Canada,1808,39
Canada,1809,39
Canada,1810,39
Canada,1811,39
Canada,1812,39
Canada,1813,39
Canada,1814,39
Canada,1815,39
Canada,1816,39
Canada,1817,39
Canada,1818,39
Canada,1819,39
Canada,1820,39
Canada,1821,39
Canada,1822,39
Canada,1823,39
Canada,1824,39
Canada,1825,39
Canada,1826,39
Canada,1827,39
Canada,1828,39
Canada,1829,39
Canada,1830,39
Canada,1831,39
Canada,1832,39.2
Canada,1833,39.3
Canada,1834,39.4
Canada,1835,39.5
Canada,1836,39.7
Canada,1837,39.8
Canada,1838,39.9
Canada,1839,40.1
Canada,1840,40.2
Canada,1841,40.3
Canada,1842,40.4
Canada,1843,40.5
Canada,1844,40.5
Canada,1845,40.6
Canada,1846,40.7
Canada,1847,40.8
Canada,1848,40.8
Canada,1849,40.9
Canada,1850,41
Canada,1851,41.1
Canada,1852,41.1
Canada,1853,41.2
Canada,1854,41.2
Canada,1855,41.3
Canada,1856,41.3
Canada,1857,41.4
Canada,1858,41.4
Canada,1859,41.5
Canada,1860,41.5
Canada,1861,41.6
Canada,1862,41.7
Canada,1863,41.8
Canada,1864,41.9
Canada,1865,42
Canada,1866,42.1
Canada,1867,42.2
Canada,1868,42.3
Canada,1869,42.4
Canada,1870,42.5
Canada,1871,42.6
Canada,1872,42.8
Canada,1873,43
Canada,1874,43.3
Canada,1875,43.5
Canada,1876,43.7
Canada,1877,43.9
Canada,1878,44.1
Canada,1879,44.4
Canada,1880,44.6
Canada,1881,44.8
Canada,1882,44.8
Canada,1883,44.9
Canada,1884,44.9
Canada,1885,45
Canada,1886,45
Canada,1887,45.1
Canada,1888,45.1
Canada,1889,45.1
Canada,1890,45.2
Canada,1891,45.2
Canada,1892,45.6
Canada,1893,45.9
Canada,1894,46.3
Canada,1895,46.6
Canada,1896,47
Canada,1897,47.3
Canada,1898,47.7
Canada,1899,48
Canada,1900,48.4
Canada,1901,48.7
Canada,1902,49.1
Canada,1903,49.5
Canada,1904,49.9
Canada,1905,50.3
Canada,1906,50.7
Canada,1907,51.1
Canada,1908,51.5
Canada,1909,51.9
Canada,1910,52.2
Canada,1911,52.6
Canada,1912,53.1
Canada,1913,53.5
Canada,1914,54
Canada,1915,54.4
Canada,1916,54.9
Canada,1917,55.4
Canada,1918,47.3
Canada,1919,56.3
Canada,1920,56.7
Canada,1921,57.2
Canada,1922,57.2
Canada,1923,57.2
Canada,1924,59
Canada,1925,59.5
Canada,1926,58.1
Canada,1927,58.8
Canada,1928,58.7
Canada,1929,58.1
Canada,1930,59.1
Canada,1931,60.5
Canada,1932,61.6
Canada,1933,62.5
Canada,1934,63
Canada,1935,62.7
Canada,1936,62.9
Canada,1937,61.5
Canada,1938,63.5
Canada,1939,63.9
Canada,1940,64.2
Canada,1941,64
Canada,1942,64.9
Canada,1943,64.8
Canada,1944,65.6
Canada,1945,66.5
Canada,1946,66.8
Canada,1947,67
Canada,1948,67.5
Canada,1949,67.9
Canada,1950,68.5
Canada,1951,68.8
Canada,1952,69
Canada,1953,69.5
Canada,1954,70.1
Canada,1955,70.3
Canada,1956,70.3
Canada,1957,70.4
Canada,1958,70.7
Canada,1959,70.9
Canada,1960,71.2
Canada,1961,71.3
Canada,1962,71.4
Canada,1963,71.5
Canada,1964,71.8
Canada,1965,71.9
Canada,1966,72
Canada,1967,72.2
Canada,1968,72.4
Canada,1969,72.6
Canada,1970,72.8
Canada,1971,73
Canada,1972,73
Canada,1973,73.2
Canada,1974,73.4
Canada,1975,73.6
Canada,1976,74
Canada,1977,74.3
Canada,1978,74.6
Canada,1979,74.9
Canada,1980,75.2
Canada,1981,75.5
Canada,1982,75.8
Canada,1983,76.1
Canada,1984,76.3
Canada,1985,76.4
Canada,1986,76.6
Canada,1987,76.8
Canada,1988,77
Canada,1989,77.2
Canada,1990,77.4
Canada,1991,77.6
Canada,1992,77.8
Canada,1993,77.8
Canada,1994,78
Canada,1995,78.1
Canada,1996,78.4
Canada,1997,78.6
Canada,1998,78.8
Canada,1999,79.1
Canada,2000,79.4
Canada,2001,79.6
Canada,2002,79.8
Canada,2003,80
Canada,2004,80.2
Canada,2005,80.4
Canada,2006,80.7
Canada,2007,80.9
Canada,2008,81.1
Canada,2009,81.4
Canada,2010,81.6
Canada,2011,81.9
Canada,2012,82
Canada,2013,82.1
Canada,2014,82.2
Canada,2015,82.3
Canada,2016,82.3
Canada,2017,82.4
Canada,2018,82.2
Canada,2019,82.2
Canada,2020,81.9
Canada,2021,82.5
Canada,2022,82.7
Canada,2023,82.8
Canada,2024,83
Switzerland,1800,38
Switzerland,1801,38
Switzerland,1802,38
Switzerland,1803,38
Switzerland,1804,38
Switzerland,1805,38
Switzerland,1806,38
Switzerland,1807,38
Switzerland,1808,38
Switzerland,1809,38
Switzerland,1810,38
Switzerland,1811,38
Switzerland,1812,38
Switzerland,1813,38
Switzerland,1814,38
Switzerland,1815,38
Switzerland,1816,38
Switzerland,1817,38
Switzerland,1818,38
Switzerland,1819,38
Switzerland,1820,38
Switzerland,1821,38
Switzerland,1822,38
Switzerland,1823,38
Switzerland,1824,38
Switzerland,1825,38
Switzerland,1826,38
Switzerland,1827,38
Switzerland,1828,38
Switzerland,1829,38
Switzerland,1830,38
Switzerland,1831,38
Switzerland,1832,38
Switzerland,1833,38
Switzerland,1834,38
Switzerland,1835,38
Switzerland,1836,38
Switzerland,1837,38
Switzerland,1838,38
Switzerland,1839,38
Switzerland,1840,38
Switzerland,1841,38
Switzerland,1842,38
Switzerland,1843,38
Switzerland,1844,38
Switzerland,1845,38
Switzerland,1846,38
Switzerland,1847,38
Switzerland,1848,38
Switzerland,1849,38
Switzerland,1850,38
Switzerland,1851,38
Switzerland,1852,38
Switzerland,1853,38
Switzerland,1854,38
Switzerland,1855,38
Switzerland,1856,38
Switzerland,1857,38
Switzerland,1858,38
Switzerland,1859,38
Switzerland,1860,38
Switzerland,1861,38
Switzerland,1862,38
Switzerland,1863,38
Switzerland,1864,38
Switzerland,1865,38
Switzerland,1866,38
Switzerland,1867,38
Switzerland,1868,38
Switzerland,1869,38
Switzerland,1870,38
Switzerland,1871,38
Switzerland,1872,38
Switzerland,1873,38
Switzerland,1874,38
Switzerland,1875,38
Switzerland,1876,40.1
Switzerland,1877,40
Switzerland,1878,40.5
Switzerland,1879,41.8
Switzerland,1880,42.4
Switzerland,1881,41.9
Switzerland,1882,43
Switzerland,1883,45
Switzerland,1884,45
Switzerland,1885,43.9
Switzerland,1886,44.7
Switzerland,1887,45.5
Switzerland,1888,46
Switzerland,1889,45.2
Switzerland,1890,45
Switzerland,1891,44.7
Switzerland,1892,47.3
Switzerland,1893,46.1
Switzerland,1894,45.8
Switzerland,1895,46.9
Switzerland,1896,48.9
Switzerland,1897,49.1
Switzerland,1898,48.2
Switzerland,1899,49.3
Switzerland,1900,47.5
Switzerland,1901,49
Switzerland,1902,50.4
Switzerland,1903,50.1
Switzerland,1904,49.2
Switzerland,1905,49.7
Switzerland,1906,50.8
Switzerland,1907,51.2
Switzerland,1908,52.3
Switzerland,1909,51.6
Switzerland,1910,52.9
Switzerland,1911,51.8
Switzerland,1912,54.5
Switzerland,1913,54.3
Switzerland,1914,55.2
Switzerland,1915,56
Switzerland,1916,56.6
Switzerland,1917,55.9
Switzerland,1918,46.3
Switzerland,1919,55
Switzerland,1920,54.4
Switzerland,1921,57.9
Switzerland,1922,58.5
Switzerland,1923,60.1
Switzerland,1924,59.5
Switzerland,1925,60
Switzerland,1926,60.7
Switzerland,1927,60.1
Switzerland,1928,60.5
Switzerland,1929,60.2
Switzerland,1930,61.5
Switzerland,1931,61.3
Switzerland,1932,61.3
Switzerland,1933,62.5
Switzerland,1934,63
Switzerland,1935,62.2
Switzerland,1936,63.2
Switzerland,1937,63.6
Switzerland,1938,63.9
Switzerland,1939,64.1
Switzerland,1940,63.6
Switzerland,1941,65
Switzerland,1942,65.7
Switzerland,1943,65.9
Switzerland,1944,64.9
Switzerland,1945,65.5
Switzerland,1946,66.2
Switzerland,1947,66.3
Switzerland,1948,67.4
Switzerland,1949,68
Switzerland,1950,69
Switzerland,1951,69
Switzerland,1952,69.6
Switzerland,1953,69.8
Switzerland,1954,70.1
Switzerland,1955,70.3
Switzerland,1956,70.5
Switzerland,1957,70.8
Switzerland,1958,71.4
Switzerland,1959,71.6
Switzerland,1960,71.8
Switzerland,1961,71.9
Switzerland,1962,71.7
Switzerland,1963,71.8
Switzerland,1964,72.3
Switzerland,1965,72.5
Switzerland,1966,72.7
Switzerland,1967,72.9
Switzerland,1968,73
Switzerland,1969,73.1
Switzerland,1970,73.3
Switzerland,1971,73.6
Switzerland,1972,74
Switzerland,1973,74.3
Switzerland,1974,74.7
Switzerland,1975,75
Switzerland,1976,75.3
Switzerland,1977,75.5
Switzerland,1978,75.7
Switzerland,1979,75.9
Switzerland,1980,76
Switzerland,1981,76.2
Switzerland,1982,76.4
Switzerland,1983,76.6
Switzerland,1984,77
Switzerland,1985,77.2
Switzerland,1986,77.4
Switzerland,1987,77.7
Switzerland,1988,77.8
Switzerland,1989,77.9
Switzerland,1990,77.9
Switzerland,1991,78.1
Switzerland,1992,78.4
Switzerland,1993,78.7
Switzerland,1994,79
Switzerland,1995,78.9
Switzerland,1996,79.3
Switzerland,1997,79.6
Switzerland,1998,79.9
Switzerland,1999,80.1
Switzerland,2000,80.3
Switzerland,2001,80.6
Switzerland,2002,80.9
Switzerland,2003,81.1
Switzerland,2004,81.4
Switzerland,2005,81.7
Switzerland,2006,81.9
Switzerland,2007,82.2
Switzerland,2008,82.4
Switzerland,2009,82.5
Switzerland,2010,82.8
Switzerland,2011,83
Switzerland,2012,83.1
Switzerland,2013,83.3
Switzerland,2014,83.5
Switzerland,2015,83.6
Switzerland,2016,83.8
Switzerland,2017,83.9
Switzerland,2018,83.9
Switzerland,2019,84
Switzerland,2020,83.3
Switzerland,2021,84.2
Switzerland,2022,84.5
Switzerland,2023,84.6
Switzerland,2024,84.7
Chile,1800,32
Chile,1801,32
Chile,1802,32
Chile,1803,32
Chile,1804,32
Chile,1805,32
Chile,1806,32
Chile,1807,32
Chile,1808,32
Chile,1809,32
Chile,1810,32
Chile,1811,32
Chile,1812,32
Chile,1813,32
Chile,1814,32
Chile,1815,32
Chile,1816,32
Chile,1817,32
Chile,1818,32
Chile,1819,32
Chile,1820,32
Chile,1821,32
Chile,1822,32
Chile,1823,32
Chile,1824,32
Chile,1825,32
Chile,1826,32
Chile,1827,32
Chile,1828,32
Chile,1829,32
Chile,1830,32
Chile,1831,32
Chile,1832,32
Chile,1833,32
Chile,1834,32
Chile,1835,32
Chile,1836,32
Chile,1837,32
Chile,1838,32
Chile,1839,32
Chile,1840,32
Chile,1841,32
Chile,1842,32
Chile,1843,32
Chile,1844,32
Chile,1845,32
Chile,1846,32
Chile,1847,32
Chile,1848,32
Chile,1849,32
Chile,1850,32
Chile,1851,32
Chile,1852,31.9
Chile,1853,31.9
Chile,1854,31.9
Chile,1855,31.9
Chile,1856,31.9
Chile,1857,31.8
Chile,1858,31.8
Chile,1859,31.8
Chile,1860,31.8
Chile,1861,31.7
Chile,1862,31.7
Chile,1863,31.7
Chile,1864,31.7
Chile,1865,31.6
Chile,1866,31.6
Chile,1867,31.6
Chile,1868,31.6
Chile,1869,31.6
Chile,1870,31.5
Chile,1871,31.5
Chile,1872,31.5
Chile,1873,31.5
Chile,1874,31.4
Chile,1875,31.4
Chile,1876,31.4
Chile,1877,31.4
Chile,1878,31.3
Chile,1879,31.3
Chile,1880,31.3
Chile,1881,31.3
Chile,1882,31.3
Chile,1883,31.2
Chile,1884,31.2
Chile,1885,31.2
Chile,1886,31.1
Chile,1887,31.1
Chile,1888,31.1
Chile,1889,31.1
Chile,1890,31.1
Chile,1891,31
Chile,1892,31
Chile,1893,31
Chile,1894,31
Chile,1895,30.9
Chile,1896,30.9
Chile,1897,30.9
Chile,1898,30.9
Chile,1899,30.9
Chile,1900,30.8
Chile,1901,30.8
Chile,1902,30.8
Chile,1903,30.5
Chile,1904,30.1
Chile,1905,29.8
Chile,1906,29.5
Chile,1907,29.2
Chile,1908,29.5
Chile,1909,29.7
Chile,1910,30
Chile,1911,30.2
Chile,1912,30.4
Chile,1913,30.5
Chile,1914,30.5
Chile,1915,30.5
Chile,1916,30.6
Chile,1917,30.6
Chile,1918,26.9
Chile,1919,30.3
Chile,1920,30.2
Chile,1921,30.1
Chile,1922,29.9
Chile,1923,30.9
Chile,1924,31.9
Chile,1925,32.9
Chile,1926,33.9
Chile,1927,34.9
Chile,1928,35.2
Chile,1929,35.5
Chile,1930,35.8
Chile,1931,36.1
Chile,1932,36.4
Chile,1933,36.4
Chile,1934,36.5
Chile,1935,36.5
Chile,1936,36.5
Chile,1937,36.6
Chile,1938,37.5
Chile,1939,38.4
Chile,1940,39.3
Chile,1941,40.1
Chile,1942,41
Chile,1943,41.7
Chile,1944,42.4
Chile,1945,43
Chile,1946,43.7
Chile,1947,44.4
Chile,1948,46.4
Chile,1949,48.3
Chile,1950,50.3
Chile,1951,50.9
Chile,1952,53.5
Chile,1953,55.3
Chile,1954,54.6
Chile,1955,54.8
Chile,1956,56.1
Chile,1957,55.5
Chile,1958,55.8
Chile,1959,56.1
Chile,1960,54.2
Chile,1961,57.5
Chile,1962,56.8
Chile,1963,57.1
Chile,1964,57.6
Chile,1965,58.7
Chile,1966,59.2
Chile,1967,60.2
Chile,1968,61
Chile,1969,61.5
Chile,1970,62
Chile,1971,62.6
Chile,1972,62.3
Chile,1973,63.2
Chile,1974,64.9
Chile,1975,66.2
Chile,1976,66.2
Chile,1977,67.2
Chile,1978,68.2
Chile,1979,68.6
Chile,1980,69.4
Chile,1981,70.5
Chile,1982,71
Chile,1983,70.9
Chile,1984,71.3
Chile,1985,72
Chile,1986,72.6
Chile,1987,73.2
Chile,1988,73.2
Chile,1989,73.2
Chile,1990,73.4
Chile,1991,74.2
Chile,1992,74.7
Chile,1993,75
Chile,1994,75.2
Chile,1995,75.3
Chile,1996,75.5
Chile,1997,76
Chile,1998,76.2
Chile,1999,76.5
Chile,2000,76.9
Chile,2001,77
Chile,2002,77.4
Chile,2003,77.4
Chile,2004,77.6
Chile,2005,77.9
Chile,2006,78.2
Chile,2007,78.4
Chile,2008,78.7
Chile,2009,78.6
Chile,2010,78.6
Chile,2011,79
Chile,2012,79.2
Chile,2013,79.3
Chile,2014,79.5
Chile,2015,79.6
Chile,2016,80
Chile,2017,80
Chile,2018,80.1
Chile,2019,80.2
Chile,2020,79.2
Chile,2021,78.8
Chile,2022,79.3
Chile,2023,81
Chile,2024,81.2
China,1800,32
China,1801,32
China,1802,32
China,1803,32
China,1804,32
China,1805,32
China,1806,32
China,1807,32
China,1808,32
China,1809,32
China,1810,32
China,1811,32
China,1812,32
China,1813,32
China,1814,32
China,1815,32
China,1816,32
China,1817,32
China,1818,32
China,1819,32
China,1820,32
China,1821,32
China,1822,32
China,1823,32
China,1824,32
China,1825,32
China,1826,32
China,1827,32
China,1828,32
China,1829,32
China,1830,32
China,1831,32
China,1832,32
China,1833,32
China,1834,32
China,1835,32
China,1836,32
China,1837,32
China,1838,32
China,1839,32
China,1840,32
China,1841,32
China,1842,32
China,1843,32
China,1844,32
China,1845,32
China,1846,32
China,1847,32
China,1848,32
China,1849,32
China,1850,32
China,1851,31.1
China,1852,30.1
China,1853,29.2
China,1854,28.3
China,1855,27.3
China,1856,26.4
China,1857,27.2
China,1858,28
China,1859,28.8
China,1860,29.6
China,1861,30.4
China,1862,31.2
China,1863,32
China,1864,32.8
China,1865,32.9
China,1866,33
China,1867,33.1
China,1868,33.3
China,1869,33.4
China,1870,33.5
China,1871,33.6
China,1872,33.7
China,1873,33.8
China,1874,33.9
China,1875,33.9
China,1876,31.4
China,1877,29.3
China,1878,26.9
China,1879,30.5
China,1880,34.3
China,1881,34.4
China,1882,34.5
China,1883,34.6
China,1884,34.6
China,1885,34.7
China,1886,34.8
China,1887,34.9
China,1888,35
China,1889,35
China,1890,35.1
China,1891,35.2
China,1892,35.3
China,1893,35.3
China,1894,35.4
China,1895,35.5
China,1896,35.6
China,1897,35.6
China,1898,35.7
China,1899,35.8
China,1900,35.9
China,1901,36
China,1902,36
China,1903,36.1
China,1904,36.2
China,1905,36.3
China,1906,36.4
China,1907,36.4
China,1908,36.5
China,1909,36.6
China,1910,36.7
China,1911,36.7
China,1912,36.8
China,1913,36.9
China,1914,37
China,1915,37
China,1916,37.1
China,1917,37.2
China,1918,26.1
China,1919,37.4
China,1920,37.4
China,1921,37.5
China,1922,37.6
China,1923,37.7
China,1924,37.7
China,1925,37.8
China,1926,38.3
China,1927,30.4
China,1928,39.3
China,1929,35.6
China,1930,40.4
China,1931,40.9
China,1932,41.5
China,1933,42
China,1934,42.6
China,1935,43.2
China,1936,43.8
China,1937,41.2
China,1938,41.1
China,1939,41.5
China,1940,41.9
China,1941,41.4
China,1942,39
China,1943,35.4
China,1944,42.7
China,1945,45.2
China,1946,47.1
China,1947,48.5
China,1948,49.1
China,1949,49.7
China,1950,51
China,1951,51.7
China,1952,52.4
China,1953,53
China,1954,53.4
China,1955,53.9
China,1956,54.4
China,1957,54.9
China,1958,48.9
China,1959,41
China,1960,27.8
China,1961,40.8
China,1962,53.5
China,1963,57.4
China,1964,57.9
China,1965,58.5
China,1966,59
China,1967,59.5
China,1968,59.9
China,1969,60.4
China,1970,60.9
China,1971,61.4
China,1972,61.9
China,1973,62.4
China,1974,62.5
China,1975,62.8
China,1976,62.6
China,1977,63.5
China,1978,63.8
China,1979,64
China,1980,64.4
China,1981,64.7
China,1982,65.3
China,1983,65.7
China,1984,66.1
China,1985,66.6
China,1986,67.1
China,1987,67.3
China,1988,67.5
China,1989,67.7
China,1990,68.1
China,1991,68.4
China,1992,68.7
China,1993,69
China,1994,69.4
China,1995,69.8
China,1996,70.1
China,1997,70.5
China,1998,70.9
China,1999,71.2
China,2000,71.3
China,2001,71.7
China,2002,72
China,2003,72.3
China,2004,72.5
China,2005,73
China,2006,73.7
China,2007,74.2
China,2008,74.3
China,2009,74.7
China,2010,74.9
China,2011,75.3
China,2012,75.7
China,2013,76.1
China,2014,76.4
China,2015,76.8
China,2016,77
China,2017,77.2
China,2018,77.4
China,2019,77.6
China,2020,77.7
China,2021,77.8
China,2022,78.2
China,2023,78.4
China,2024,78.6
Cote d'Ivoire,1800,31.2
Cote d'Ivoire,1801,31.2
Cote d'Ivoire,1802,31.2
Cote d'Ivoire,1803,31.2
Cote d'Ivoire,1804,31.2
Cote d'Ivoire,1805,31.2
Cote d'Ivoire,1806,31.2
Cote d'Ivoire,1807,31.2
Cote d'Ivoire,1808,31.2
Cote d'Ivoire,1809,31.2
Cote d'Ivoire,1810,31.2
Cote d'Ivoire,1811,31.2
Cote d'Ivoire,1812,31.2
Cote d'Ivoire,1813,31.2
Cote d'Ivoire,1814,31.2
Cote d'Ivoire,1815,31.2
Cote d'Ivoire,1816,31.2
Cote d'Ivoire,1817,31.2
Cote d'Ivoire,1818,31.2
Cote d'Ivoire,1819,31.2
Cote d'Ivoire,1820,31.2
Cote d'Ivoire,1821,31.2
Cote d'Ivoire,1822,31.2
Cote d'Ivoire,1823,31.2
Cote d'Ivoire,1824,31.2
Cote d'Ivoire,1825,31.2
Cote d'Ivoire,1826,31.2
Cote d'Ivoire,1827,31.2
Cote d'Ivoire,1828,31.2
Cote d'Ivoire,1829,31.2
Cote d'Ivoire,1830,31.2
Cote d'Ivoire,1831,31.2
Cote d'Ivoire,1832,31.2
Cote d'Ivoire,1833,31.2
Cote d'Ivoire,1834,31.2
Cote d'Ivoire,1835,31.2
Cote d'Ivoire,1836,31.2
Cote d'Ivoire,1837,31.2
Cote d'Ivoire,1838,31.2
Cote d'Ivoire,1839,31.2
Cote d'Ivoire,1840,31.2
Cote d'Ivoire,1841,31.2
Cote d'Ivoire,1842,31.2
Cote d'Ivoire,1843,31.2
Cote d'Ivoire,1844,31.2
Cote d'Ivoire,1845,31.2
Cote d'Ivoire,1846,31.2
Cote d'Ivoire,1847,31.2
Cote d'Ivoire,1848,31.2
Cote d'Ivoire,1849,31.2
Cote d'Ivoire,1850,31.2
Cote d'Ivoire,1851,31.3
Cote d'Ivoire,1852,31.4
Cote d'Ivoire,1853,31.5
Cote d'Ivoire,1854,31.6
Cote d'Ivoire,1855,31.6
Cote d'Ivoire,1856,31.8
Cote d'Ivoire,1857,31.9
Cote d'Ivoire,1858,31.9
Cote d'Ivoire,1859,32
Cote d'Ivoire,1860,32.1
Cote d'Ivoire,1861,32.3
Cote d'Ivoire,1862,32.4
Cote d'Ivoire,1863,32.5
Cote d'Ivoire,1864,32.5
Cote d'Ivoire,1865,32.6
Cote d'Ivoire,1866,32.7
Cote d'Ivoire,1867,32.8
Cote d'Ivoire,1868,32.9
Cote d'Ivoire,1869,33
Cote d'Ivoire,1870,33.1
Cote d'Ivoire,1871,33.2
Cote d'Ivoire,1872,33.3
Cote d'Ivoire,1873,33.4
Cote d'Ivoire,1874,33.5
Cote d'Ivoire,1875,33.6
Cote d'Ivoire,1876,33.7
Cote d'Ivoire,1877,33.8
Cote d'Ivoire,1878,33.9
Cote d'Ivoire,1879,34
Cote d'Ivoire,1880,34.1
Cote d'Ivoire,1881,34.2
Cote d'Ivoire,1882,34.3
Cote d'Ivoire,1883,34.4
Cote d'Ivoire,1884,34.5
Cote d'Ivoire,1885,34.6
Cote d'Ivoire,1886,34.7
Cote d'Ivoire,1887,34.8
Cote d'Ivoire,1888,34.9
Cote d'Ivoire,1889,35
Cote d'Ivoire,1890,35.1
Cote d'Ivoire,1891,35.2
Cote d'Ivoire,1892,35.3
Cote d'Ivoire,1893,35.4
Cote d'Ivoire,1894,35.5
Cote d'Ivoire,1895,35.6
Cote d'Ivoire,1896,35.7
Cote d'Ivoire,1897,35.8
Cote d'Ivoire,1898,35.9
Cote d'Ivoire,1899,36
Cote d'Ivoire,1900,36.1
Cote d'Ivoire,1901,36.2
Cote d'Ivoire,1902,36.3
Cote d'Ivoire,1903,36.4
Cote d'Ivoire,1904,36.5
Cote d'Ivoire,1905,36.6
Cote d'Ivoire,1906,36.7
Cote d'Ivoire,1907,36.8
Cote d'Ivoire,1908,36.9
Cote d'Ivoire,1909,37
Cote d'Ivoire,1910,37.1
Cote d'Ivoire,1911,37.2
Cote d'Ivoire,1912,37.3
Cote d'Ivoire,1913,37.4
Cote d'Ivoire,1914,37.5
Cote d'Ivoire,1915,37.6
Cote d'Ivoire,1916,37.7
Cote d'Ivoire,1917,37.8
Cote d'Ivoire,1918,14.7
Cote d'Ivoire,1919,38
Cote d'Ivoire,1920,38.1
Cote d'Ivoire,1921,38.2
Cote d'Ivoire,1922,38.3
Cote d'Ivoire,1923,38.4
Cote d'Ivoire,1924,38.5
Cote d'Ivoire,1925,38.6
Cote d'Ivoire,1926,38.7
Cote d'Ivoire,1927,38.8
Cote d'Ivoire,1928,38.9
Cote d'Ivoire,1929,39
Cote d'Ivoire,1930,39.1
Cote d'Ivoire,1931,39.2
Cote d'Ivoire,1932,39.3
Cote d'Ivoire,1933,39.4
Cote d'Ivoire,1934,39.5
Cote d'Ivoire,1935,39.6
Cote d'Ivoire,1936,39.7
Cote d'Ivoire,1937,39.8
Cote d'Ivoire,1938,39.9
Cote d'Ivoire,1939,40
Cote d'Ivoire,1940,40.1
Cote d'Ivoire,1941,40.2
Cote d'Ivoire,1942,40.4
Cote d'Ivoire,1943,40.6
Cote d'Ivoire,1944,40.8
Cote d'Ivoire,1945,40.9
Cote d'Ivoire,1946,41.1
Cote d'Ivoire,1947,41.3
Cote d'Ivoire,1948,41.5
Cote d'Ivoire,1949,41.6
Cote d'Ivoire,1950,41.8
Cote d'Ivoire,1951,42
Cote d'Ivoire,1952,42.4
Cote d'Ivoire,1953,42.7
Cote d'Ivoire,1954,43
Cote d'Ivoire,1955,43.1
Cote d'Ivoire,1956,43.5
Cote d'Ivoire,1957,43.9
Cote d'Ivoire,1958,44.4
Cote d'Ivoire,1959,45.1
Cote d'Ivoire,1960,45.6
Cote d'Ivoire,1961,46.1
Cote d'Ivoire,1962,46.5
Cote d'Ivoire,1963,47
Cote d'Ivoire,1964,47.6
Cote d'Ivoire,1965,48.4
Cote d'Ivoire,1966,48.9
Cote d'Ivoire,1967,49.3
Cote d'Ivoire,1968,49.7
Cote d'Ivoire,1969,50.3
Cote d'Ivoire,1970,50.9
Cote d'Ivoire,1971,51.6
Cote d'Ivoire,1972,52.3
Cote d'Ivoire,1973,52.9
Cote d'Ivoire,1974,53.5
Cote d'Ivoire,1975,54
Cote d'Ivoire,1976,54.6
Cote d'Ivoire,1977,55.1
Cote d'Ivoire,1978,55.7
Cote d'Ivoire,1979,56.3
Cote d'Ivoire,1980,56.7
Cote d'Ivoire,1981,57
Cote d'Ivoire,1982,57.2
Cote d'Ivoire,1983,57.3
Cote d'Ivoire,1984,57.3
Cote d'Ivoire,1985,57.4
Cote d'Ivoire,1986,57.4
Cote d'Ivoire,1987,57.2
Cote d'Ivoire,1988,56.9
Cote d'Ivoire,1989,56.3
Cote d'Ivoire,1990,55.7
Cote d'Ivoire,1991,55.1
Cote d'Ivoire,1992,54.3
Cote d'Ivoire,1993,53.4
Cote d'Ivoire,1994,52.5
Cote d'Ivoire,1995,51.7
Cote d'Ivoire,1996,51.3
Cote d'Ivoire,1997,51.1
Cote d'Ivoire,1998,50.9
Cote d'Ivoire,1999,51
Cote d'Ivoire,2000,51.1
Cote d'Ivoire,2001,51.5
Cote d'Ivoire,2002,51.7
Cote d'Ivoire,2003,52.1
Cote d'Ivoire,2004,52.6
Cote d'Ivoire,2005,53.5
Cote d'Ivoire,2006,54.4
Cote d'Ivoire,2007,55.3
Cote d'Ivoire,2008,56.3
Cote d'Ivoire,2009,57
Cote d'Ivoire,2010,57.4
Cote d'Ivoire,2011,57.8
Cote d'Ivoire,2012,58.8
Cote d'Ivoire,2013,59.4
Cote d'Ivoire,2014,60.2
Cote d'Ivoire,2015,61.1
Cote d'Ivoire,2016,62
Cote d'Ivoire,2017,62.8
Cote d'Ivoire,2018,63.6
Cote d'Ivoire,2019,64.3
Cote d'Ivoire,2020,63.9
Cote d'Ivoire,2021,63.5
Cote d'Ivoire,2022,63.8
Cote d'Ivoire,2023,65.1
Cote d'Ivoire,2024,65.3
Cameroon,1800,28.8
Cameroon,1801,28.8
Cameroon,1802,28.8
Cameroon,1803,28.8
Cameroon,1804,28.8
Cameroon,1805,28.8
Cameroon,1806,28.8
Cameroon,1807,28.8
Cameroon,1808,28.8
Cameroon,1809,28.8
Cameroon,1810,28.8
Cameroon,1811,28.8
Cameroon,1812,28.8
Cameroon,1813,28.8
Cameroon,1814,28.8
Cameroon,1815,28.8
Cameroon,1816,28.8
Cameroon,1817,28.8
Cameroon,1818,28.8
Cameroon,1819,28.8
Cameroon,1820,28.8
Cameroon,1821,28.8
Cameroon,1822,28.8
Cameroon,1823,28.8
Cameroon,1824,28.8
Cameroon,1825,28.8
Cameroon,1826,28.8
Cameroon,1827,28.8
Cameroon,1828,28.8
Cameroon,1829,28.8
Cameroon,1830,28.8
Cameroon,1831,28.8
Cameroon,1832,28.8
Cameroon,1833,28.8
Cameroon,1834,28.8
Cameroon,1835,28.8
Cameroon,1836,28.8
Cameroon,1837,28.8
Cameroon,1838,28.8
Cameroon,1839,28.8
Cameroon,1840,28.8
Cameroon,1841,28.8
Cameroon,1842,28.8
Cameroon,1843,28.8
Cameroon,1844,28.8
Cameroon,1845,28.8
Cameroon,1846,28.8
Cameroon,1847,28.8
Cameroon,1848,28.8
Cameroon,1849,28.8
Cameroon,1850,28.8
Cameroon,1851,28.8
Cameroon,1852,28.8
Cameroon,1853,28.8
Cameroon,1854,28.9
Cameroon,1855,28.9
Cameroon,1856,28.9
Cameroon,1857,28.9
Cameroon,1858,29
Cameroon,1859,29
Cameroon,1860,29
Cameroon,1861,29
Cameroon,1862,29.1
Cameroon,1863,29.1
Cameroon,1864,29.1
Cameroon,1865,29.1
Cameroon,1866,29.2
Cameroon,1867,29.2
Cameroon,1868,29.2
Cameroon,1869,29.3
Cameroon,1870,29.3
Cameroon,1871,29.3
Cameroon,1872,29.3
Cameroon,1873,29.4
Cameroon,1874,29.4
Cameroon,1875,29.4
Cameroon,1876,29.4
Cameroon,1877,29.5
Cameroon,1878,29.5
Cameroon,1879,29.5
Cameroon,1880,29.5
Cameroon,1881,29.6
Cameroon,1882,29.6
Cameroon,1883,29.6
Cameroon,1884,29.6
Cameroon,1885,29.7
Cameroon,1886,29.7
Cameroon,1887,29.7
Cameroon,1888,29.8
Cameroon,1889,29.8
Cameroon,1890,29.8
Cameroon,1891,29.8
Cameroon,1892,29.9
Cameroon,1893,29.9
Cameroon,1894,29.9
Cameroon,1895,29.9
Cameroon,1896,30
Cameroon,1897,30
Cameroon,1898,30
Cameroon,1899,30
Cameroon,1900,30.1
Cameroon,1901,30.1
Cameroon,1902,30.1
Cameroon,1903,30.1
Cameroon,1904,30.2
Cameroon,1905,30.2
Cameroon,1906,30.2
Cameroon,1907,30.3
Cameroon,1908,30.3
Cameroon,1909,30.3
Cameroon,1910,30.3
Cameroon,1911,30.4
Cameroon,1912,30.4
Cameroon,1913,30.4
Cameroon,1914,30.4
Cameroon,1915,30.5
Cameroon,1916,30.5
Cameroon,1917,30.5
Cameroon,1918,6.01
Cameroon,1919,30.6
Cameroon,1920,30.6
Cameroon,1921,30.6
Cameroon,1922,30.6
Cameroon,1923,30.7
Cameroon,1924,30.7
Cameroon,1925,30.7
Cameroon,1926,30.8
Cameroon,1927,30.8
Cameroon,1928,30.8
Cameroon,1929,30.8
Cameroon,1930,30.9
Cameroon,1931,30.9
Cameroon,1932,30.9
Cameroon,1933,30.9
Cameroon,1934,31
Cameroon,1935,31
Cameroon,1936,31
Cameroon,1937,31
Cameroon,1938,31.1
Cameroon,1939,31.1
Cameroon,1940,31.1
Cameroon,1941,31.3
Cameroon,1942,31.4
Cameroon,1943,31.5
Cameroon,1944,31.6
Cameroon,1945,31.8
Cameroon,1946,33.9
Cameroon,1947,36
Cameroon,1948,38.1
Cameroon,1949,40.3
Cameroon,1950,42.4
Cameroon,1951,42.4
Cameroon,1952,42.9
Cameroon,1953,43.8
Cameroon,1954,44.4
Cameroon,1955,45.1
Cameroon,1956,45.6
Cameroon,1957,45.1
Cameroon,1958,45.5
Cameroon,1959,46
Cameroon,1960,27.5
Cameroon,1961,26.4
Cameroon,1962,48.5
Cameroon,1963,48.8
Cameroon,1964,49.2
Cameroon,1965,49.5
Cameroon,1966,49.9
Cameroon,1967,50.3
Cameroon,1968,50.7
Cameroon,1969,51.1
Cameroon,1970,51.5
Cameroon,1971,52
Cameroon,1972,52.5
Cameroon,1973,52.8
Cameroon,1974,53.2
Cameroon,1975,53.6
Cameroon,1976,53.8
Cameroon,1977,54.2
Cameroon,1978,54.6
Cameroon,1979,55
Cameroon,1980,55.4
Cameroon,1981,55.8
Cameroon,1982,56.3
Cameroon,1983,56.8
Cameroon,1984,57.1
Cameroon,1985,57.7
Cameroon,1986,57.8
Cameroon,1987,58.4
Cameroon,1988,58.5
Cameroon,1989,58.5
Cameroon,1990,58.4
Cameroon,1991,58.2
Cameroon,1992,57.8
Cameroon,1993,57.4
Cameroon,1994,57.1
Cameroon,1995,56.6
Cameroon,1996,56.2
Cameroon,1997,55.7
Cameroon,1998,55.2
Cameroon,1999,54.8
Cameroon,2000,54.5
Cameroon,2001,54.3
Cameroon,2002,54.2
Cameroon,2003,54.3
Cameroon,2004,54.6
Cameroon,2005,55
Cameroon,2006,55.4
Cameroon,2007,55.9
Cameroon,2008,56.6
Cameroon,2009,57.2
Cameroon,2010,57.7
Cameroon,2011,58.2
Cameroon,2012,58.8
Cameroon,2013,59.1
Cameroon,2014,59.5
Cameroon,2015,60
Cameroon,2016,60.9
Cameroon,2017,61.9
Cameroon,2018,62.6
Cameroon,2019,63.4
Cameroon,2020,62.6
Cameroon,2021,62.1
Cameroon,2022,62.7
Cameroon,2023,63.7
Cameroon,2024,64.3
"Congo, Dem. Rep.",1800,31.6
"Congo, Dem. Rep.",1801,31.6
"Congo, Dem. Rep.",1802,31.6
"Congo, Dem. Rep.",1803,31.6
"Congo, Dem. Rep.",1804,31.6
"Congo, Dem. Rep.",1805,31.6
"Congo, Dem. Rep.",1806,31.6
"Congo, Dem. Rep.",1807,31.6
"Congo, Dem. Rep.",1808,31.6
"Congo, Dem. Rep.",1809,31.6
"Congo, Dem. Rep.",1810,31.6
"Congo, Dem. Rep.",1811,31.6
"Congo, Dem. Rep.",1812,31.6
"Congo, Dem. Rep.",1813,31.6
"Congo, Dem. Rep.",1814,31.6
"Congo, Dem. Rep.",1815,31.6
"Congo, Dem. Rep.",1816,31.6
"Congo, Dem. Rep.",1817,31.6
"Congo, Dem. Rep.",1818,31.6
"Congo, Dem. Rep.",1819,31.6
"Congo, Dem. Rep.",1820,31.6
"Congo, Dem. Rep.",1821,31.6
"Congo, Dem. Rep.",1822,31.6
"Congo, Dem. Rep.",1823,31.6
"Congo, Dem. Rep.",1824,31.6
"Congo, Dem. Rep.",1825,31.6
"Congo, Dem. Rep.",1826,31.6
"Congo, Dem. Rep.",1827,31.6
"Congo, Dem. Rep.",1828,31.6
"Congo, Dem. Rep.",1829,31.6
"Congo, Dem. Rep.",1830,31.6
"Congo, Dem. Rep.",1831,31.6
"Congo, Dem. Rep.",1832,31.6
"Congo, Dem. Rep.",1833,31.6
"Congo, Dem. Rep.",1834,31.6
"Congo, Dem. Rep.",1835,31.6
"Congo, Dem. Rep.",1836,31.6
"Congo, Dem. Rep.",1837,31.6
"Congo, Dem. Rep.",1838,31.6
"Congo, Dem. Rep.",1839,31.6
"Congo, Dem. Rep.",1840,31.6
"Congo, Dem. Rep.",1841,31.6
"Congo, Dem. Rep.",1842,31.6
"Congo, Dem. Rep.",1843,31.6
"Congo, Dem. Rep.",1844,31.6
"Congo, Dem. Rep.",1845,31.6
"Congo, Dem. Rep.",1846,31.6
"Congo, Dem. Rep.",1847,31.6
"Congo, Dem. Rep.",1848,31.6
"Congo, Dem. Rep.",1849,31.6
"Congo, Dem. Rep.",1850,31.6
"Congo, Dem. Rep.",1851,31.6
"Congo, Dem. Rep.",1852,31.7
"Congo, Dem. Rep.",1853,31.7
"Congo, Dem. Rep.",1854,31.8
"Congo, Dem. Rep.",1855,31.8
"Congo, Dem. Rep.",1856,31.9
"Congo, Dem. Rep.",1857,31.9
"Congo, Dem. Rep.",1858,32
"Congo, Dem. Rep.",1859,32
"Congo, Dem. Rep.",1860,32
"Congo, Dem. Rep.",1861,32.1
"Congo, Dem. Rep.",1862,32.1
"Congo, Dem. Rep.",1863,32.2
"Congo, Dem. Rep.",1864,32.2
"Congo, Dem. Rep.",1865,32.3
"Congo, Dem. Rep.",1866,32.3
"Congo, Dem. Rep.",1867,32.4
"Congo, Dem. Rep.",1868,32.4
"Congo, Dem. Rep.",1869,32.5
"Congo, Dem. Rep.",1870,32.5
"Congo, Dem. Rep.",1871,32.5
"Congo, Dem. Rep.",1872,32.6
"Congo, Dem. Rep.",1873,32.6
"Congo, Dem. Rep.",1874,32.7
"Congo, Dem. Rep.",1875,32.7
"Congo, Dem. Rep.",1876,32.8
"Congo, Dem. Rep.",1877,32.8
"Congo, Dem. Rep.",1878,32.9
"Congo, Dem. Rep.",1879,32.9
"Congo, Dem. Rep.",1880,32.9
"Congo, Dem. Rep.",1881,33
"Congo, Dem. Rep.",1882,33
"Congo, Dem. Rep.",1883,33.1
"Congo, Dem. Rep.",1884,33.1
"Congo, Dem. Rep.",1885,33.2
"Congo, Dem. Rep.",1886,33.2
"Congo, Dem. Rep.",1887,33.3
"Congo, Dem. Rep.",1888,33.3
"Congo, Dem. Rep.",1889,33.3
"Congo, Dem. Rep.",1890,33.4
"Congo, Dem. Rep.",1891,33.4
"Congo, Dem. Rep.",1892,33.5
"Congo, Dem. Rep.",1893,33.5
"Congo, Dem. Rep.",1894,33.6
"Congo, Dem. Rep.",1895,33.6
"Congo, Dem. Rep.",1896,33.6
"Congo, Dem. Rep.",1897,33.7
"Congo, Dem. Rep.",1898,33.7
"Congo, Dem. Rep.",1899,33.8
"Congo, Dem. Rep.",1900,33.8
"Congo, Dem. Rep.",1901,33.9
"Congo, Dem. Rep.",1902,33.9
"Congo, Dem. Rep.",1903,34
"Congo, Dem. Rep.",1904,34
"Congo, Dem. Rep.",1905,34
"Congo, Dem. Rep.",1906,34.1
"Congo, Dem. Rep.",1907,34.1
"Congo, Dem. Rep.",1908,34.2
"Congo, Dem. Rep.",1909,34.2
"Congo, Dem. Rep.",1910,34.3
"Congo, Dem. Rep.",1911,34.3
"Congo, Dem. Rep.",1912,34.4
"Congo, Dem. Rep.",1913,34.4
"Congo, Dem. Rep.",1914,34.5
"Congo, Dem. Rep.",1915,34.5
"Congo, Dem. Rep.",1916,34.5
"Congo, Dem. Rep.",1917,34.6
"Congo, Dem. Rep.",1918,9.92
"Congo, Dem. Rep.",1919,34.7
"Congo, Dem. Rep.",1920,34.7
"Congo, Dem. Rep.",1921,34.8
"Congo, Dem. Rep.",1922,34.8
"Congo, Dem. Rep.",1923,34.9
"Congo, Dem. Rep.",1924,34.9
"Congo, Dem. Rep.",1925,34.9
"Congo, Dem. Rep.",1926,35
"Congo, Dem. Rep.",1927,35
"Congo, Dem. Rep.",1928,35.1
"Congo, Dem. Rep.",1929,35.1
"Congo, Dem. Rep.",1930,35.2
"Congo, Dem. Rep.",1931,35.2
"Congo, Dem. Rep.",1932,35.3
"Congo, Dem. Rep.",1933,35.3
"Congo, Dem. Rep.",1934,35.3
"Congo, Dem. Rep.",1935,35.4
"Congo, Dem. Rep.",1936,35.4
"Congo, Dem. Rep.",1937,35.5
"Congo, Dem. Rep.",1938,35.5
"Congo, Dem. Rep.",1939,35.6
"Congo, Dem. Rep.",1940,35.6
"Congo, Dem. Rep.",1941,36.6
"Congo, Dem. Rep.",1942,37.5
"Congo, Dem. Rep.",1943,38.5
"Congo, Dem. Rep.",1944,39.5
"Congo, Dem. Rep.",1945,40.4
"Congo, Dem. Rep.",1946,41.4
"Congo, Dem. Rep.",1947,42.4
"Congo, Dem. Rep.",1948,43.4
"Congo, Dem. Rep.",1949,44.4
"Congo, Dem. Rep.",1950,45.3
"Congo, Dem. Rep.",1951,45.6
"Congo, Dem. Rep.",1952,45.9
"Congo, Dem. Rep.",1953,46.2
"Congo, Dem. Rep.",1954,46.4
"Congo, Dem. Rep.",1955,46.5
"Congo, Dem. Rep.",1956,46.8
"Congo, Dem. Rep.",1957,47
"Congo, Dem. Rep.",1958,47.2
"Congo, Dem. Rep.",1959,47.4
"Congo, Dem. Rep.",1960,47.5
"Congo, Dem. Rep.",1961,47.6
"Congo, Dem. Rep.",1962,47.9
"Congo, Dem. Rep.",1963,48.2
"Congo, Dem. Rep.",1964,48.1
"Congo, Dem. Rep.",1965,48.3
"Congo, Dem. Rep.",1966,48.8
"Congo, Dem. Rep.",1967,48.9
"Congo, Dem. Rep.",1968,49.1
"Congo, Dem. Rep.",1969,49.4
"Congo, Dem. Rep.",1970,49.6
"Congo, Dem. Rep.",1971,49.9
"Congo, Dem. Rep.",1972,50
"Congo, Dem. Rep.",1973,50.3
"Congo, Dem. Rep.",1974,50.7
"Congo, Dem. Rep.",1975,50.9
"Congo, Dem. Rep.",1976,51.1
"Congo, Dem. Rep.",1977,51.3
"Congo, Dem. Rep.",1978,51.5
"Congo, Dem. Rep.",1979,51.8
"Congo, Dem. Rep.",1980,52.1
"Congo, Dem. Rep.",1981,52.4
"Congo, Dem. Rep.",1982,52.7
"Congo, Dem. Rep.",1983,53
"Congo, Dem. Rep.",1984,53.4
"Congo, Dem. Rep.",1985,53.7
"Congo, Dem. Rep.",1986,53.9
"Congo, Dem. Rep.",1987,54
"Congo, Dem. Rep.",1988,54.2
"Congo, Dem. Rep.",1989,54.3
"Congo, Dem. Rep.",1990,54.3
"Congo, Dem. Rep.",1991,54.2
"Congo, Dem. Rep.",1992,54.1
"Congo, Dem. Rep.",1993,53.9
"Congo, Dem. Rep.",1994,53.7
"Congo, Dem. Rep.",1995,53.6
"Congo, Dem. Rep.",1996,52
"Congo, Dem. Rep.",1997,53.1
"Congo, Dem. Rep.",1998,53.3
"Congo, Dem. Rep.",1999,53.5
"Congo, Dem. Rep.",2000,53.9
"Congo, Dem. Rep.",2001,54.2
"Congo, Dem. Rep.",2002,54.4
"Congo, Dem. Rep.",2003,54.8
"Congo, Dem. Rep.",2004,55.5
"Congo, Dem. Rep.",2005,56.1
"Congo, Dem. Rep.",2006,56.7
"Congo, Dem. Rep.",2007,57.1
"Congo, Dem. Rep.",2008,57.5
"Congo, Dem. Rep.",2009,58
"Congo, Dem. Rep.",2010,58.8
"Congo, Dem. Rep.",2011,59.4
"Congo, Dem. Rep.",2012,60.1
"Congo, Dem. Rep.",2013,60.9
"Congo, Dem. Rep.",2014,61.8
"Congo, Dem. Rep.",2015,62.6
"Congo, Dem. Rep.",2016,63.3
"Congo, Dem. Rep.",2017,63.9
"Congo, Dem. Rep.",2018,64.7
"Congo, Dem. Rep.",2019,65
"Congo, Dem. Rep.",2020,64.5
"Congo, Dem. Rep.",2021,63.9
"Congo, Dem. Rep.",2022,64.5
"Congo, Dem. Rep.",2023,65.4
"Congo, Dem. Rep.",2024,66
"Congo, Rep.",1800,32.7
"Congo, Rep.",1801,32.7
"Congo, Rep.",1802,32.7
"Congo, Rep.",1803,32.7
"Congo, Rep.",1804,32.7
"Congo, Rep.",1805,32.7
"Congo, Rep.",1806,32.7
"Congo, Rep.",1807,32.7
"Congo, Rep.",1808,32.7
"Congo, Rep.",1809,32.7
"Congo, Rep.",1810,32.7
"Congo, Rep.",1811,32.7
"Congo, Rep.",1812,32.7
"Congo, Rep.",1813,32.7
"Congo, Rep.",1814,32.7
"Congo, Rep.",1815,32.7
"Congo, Rep.",1816,32.7
"Congo, Rep.",1817,32.7
"Congo, Rep.",1818,32.7
"Congo, Rep.",1819,32.7
"Congo, Rep.",1820,32.7
"Congo, Rep.",1821,32.7
"Congo, Rep.",1822,32.7
"Congo, Rep.",1823,32.7
"Congo, Rep.",1824,32.7
"Congo, Rep.",1825,32.7
"Congo, Rep.",1826,32.7
"Congo, Rep.",1827,32.7
"Congo, Rep.",1828,32.7
"Congo, Rep.",1829,32.7
"Congo, Rep.",1830,32.7
"Congo, Rep.",1831,32.7
"Congo, Rep.",1832,32.7
"Congo, Rep.",1833,32.7
"Congo, Rep.",1834,32.7
"Congo, Rep.",1835,32.7
"Congo, Rep.",1836,32.7
"Congo, Rep.",1837,32.7
"Congo, Rep.",1838,32.7
"Congo, Rep.",1839,32.7
"Congo, Rep.",1840,32.7
"Congo, Rep.",1841,32.7
"Congo, Rep.",1842,32.7
"Congo, Rep.",1843,32.7
"Congo, Rep.",1844,32.7
"Congo, Rep.",1845,32.7
"Congo, Rep.",1846,32.7
"Congo, Rep.",1847,32.7
"Congo, Rep.",1848,32.7
"Congo, Rep.",1849,32.7
"Congo, Rep.",1850,32.7
"Congo, Rep.",1851,32.7
"Congo, Rep.",1852,32.7
"Congo, Rep.",1853,32.7
"Congo, Rep.",1854,32.7
"Congo, Rep.",1855,32.7
"Congo, Rep.",1856,32.7
"Congo, Rep.",1857,32.7
"Congo, Rep.",1858,32.7
"Congo, Rep.",1859,32.7
"Congo, Rep.",1860,32.8
"Congo, Rep.",1861,32.8
"Congo, Rep.",1862,32.8
"Congo, Rep.",1863,32.8
"Congo, Rep.",1864,32.8
"Congo, Rep.",1865,32.8
"Congo, Rep.",1866,32.8
"Congo, Rep.",1867,32.8
"Congo, Rep.",1868,32.8
"Congo, Rep.",1869,32.8
"Congo, Rep.",1870,32.8
"Congo, Rep.",1871,32.8
"Congo, Rep.",1872,32.8
"Congo, Rep.",1873,32.8
"Congo, Rep.",1874,32.8
"Congo, Rep.",1875,32.8
"Congo, Rep.",1876,32.8
"Congo, Rep.",1877,32.8
"Congo, Rep.",1878,32.8
"Congo, Rep.",1879,32.8
"Congo, Rep.",1880,32.8
"Congo, Rep.",1881,32.9
"Congo, Rep.",1882,32.9
"Congo, Rep.",1883,32.9
"Congo, Rep.",1884,32.9
"Congo, Rep.",1885,32.9
"Congo, Rep.",1886,32.9
"Congo, Rep.",1887,32.9
"Congo, Rep.",1888,32.9
"Congo, Rep.",1889,32.9
"Congo, Rep.",1890,32.9
"Congo, Rep.",1891,32.9
"Congo, Rep.",1892,32.9
"Congo, Rep.",1893,32.9
"Congo, Rep.",1894,32.9
"Congo, Rep.",1895,32.9
"Congo, Rep.",1896,32.9
"Congo, Rep.",1897,32.9
"Congo, Rep.",1898,32.9
"Congo, Rep.",1899,32.9
"Congo, Rep.",1900,32.9
"Congo, Rep.",1901,32.9
"Congo, Rep.",1902,33
"Congo, Rep.",1903,33
"Congo, Rep.",1904,33
"Congo, Rep.",1905,33
"Congo, Rep.",1906,33
"Congo, Rep.",1907,33
"Congo, Rep.",1908,33
"Congo, Rep.",1909,33
"Congo, Rep.",1910,33
"Congo, Rep.",1911,33
"Congo, Rep.",1912,33
"Congo, Rep.",1913,33
"Congo, Rep.",1914,33
"Congo, Rep.",1915,33
"Congo, Rep.",1916,33
"Congo, Rep.",1917,33
"Congo, Rep.",1918,12.8
"Congo, Rep.",1919,33
"Congo, Rep.",1920,33
"Congo, Rep.",1921,33
"Congo, Rep.",1922,33
"Congo, Rep.",1923,33
"Congo, Rep.",1924,33
"Congo, Rep.",1925,33
"Congo, Rep.",1926,33.1
"Congo, Rep.",1927,33.1
"Congo, Rep.",1928,33.1
"Congo, Rep.",1929,33.1
"Congo, Rep.",1930,33.1
"Congo, Rep.",1931,33.1
"Congo, Rep.",1932,33.1
"Congo, Rep.",1933,33.1
"Congo, Rep.",1934,33.1
"Congo, Rep.",1935,33.1
"Congo, Rep.",1936,33.1
"Congo, Rep.",1937,33.1
"Congo, Rep.",1938,33.1
"Congo, Rep.",1939,33.1
"Congo, Rep.",1940,33.1
"Congo, Rep.",1941,33.1
"Congo, Rep.",1942,33.1
"Congo, Rep.",1943,33.1
"Congo, Rep.",1944,33.1
"Congo, Rep.",1945,33.1
"Congo, Rep.",1946,34.9
"Congo, Rep.",1947,36.6
"Congo, Rep.",1948,38.5
"Congo, Rep.",1949,40.3
"Congo, Rep.",1950,42
"Congo, Rep.",1951,42.1
"Congo, Rep.",1952,42.2
"Congo, Rep.",1953,42.3
"Congo, Rep.",1954,42.4
"Congo, Rep.",1955,42.5
"Congo, Rep.",1956,42.8
"Congo, Rep.",1957,43
"Congo, Rep.",1958,43.2
"Congo, Rep.",1959,43.5
"Congo, Rep.",1960,43.7
"Congo, Rep.",1961,44.1
"Congo, Rep.",1962,44.4
"Congo, Rep.",1963,44.7
"Congo, Rep.",1964,45.1
"Congo, Rep.",1965,45.4
"Congo, Rep.",1966,45.7
"Congo, Rep.",1967,45.9
"Congo, Rep.",1968,46.4
"Congo, Rep.",1969,46.8
"Congo, Rep.",1970,47.2
"Congo, Rep.",1971,47.7
"Congo, Rep.",1972,48.1
"Congo, Rep.",1973,48.6
"Congo, Rep.",1974,49.2
"Congo, Rep.",1975,49.7
"Congo, Rep.",1976,50.3
"Congo, Rep.",1977,50.7
"Congo, Rep.",1978,51.1
"Congo, Rep.",1979,51.8
"Congo, Rep.",1980,52.8
"Congo, Rep.",1981,53.5
"Congo, Rep.",1982,54.2
"Congo, Rep.",1983,54.8
"Congo, Rep.",1984,55.2
"Congo, Rep.",1985,55.6
"Congo, Rep.",1986,55.6
"Congo, Rep.",1987,55.4
"Congo, Rep.",1988,55
"Congo, Rep.",1989,54.6
"Congo, Rep.",1990,54
"Congo, Rep.",1991,53.7
"Congo, Rep.",1992,53.5
"Congo, Rep.",1993,52.7
"Congo, Rep.",1994,52.5
"Congo, Rep.",1995,52.3
"Congo, Rep.",1996,52.1
"Congo, Rep.",1997,46.7
"Congo, Rep.",1998,50.3
"Congo, Rep.",1999,52.2
"Congo, Rep.",2000,53
"Congo, Rep.",2001,54
"Congo, Rep.",2002,54.7
"Congo, Rep.",2003,55.3
"Congo, Rep.",2004,56.1
"Congo, Rep.",2005,57
"Congo, Rep.",2006,57.8
"Congo, Rep.",2007,58.5
"Congo, Rep.",2008,59.4
"Congo, Rep.",2009,60.3
"Congo, Rep.",2010,60.9
"Congo, Rep.",2011,61.6
"Congo, Rep.",2012,61.9
"Congo, Rep.",2013,62.4
"Congo, Rep.",2014,62.9
"Congo, Rep.",2015,63.5
"Congo, Rep.",2016,64.2
"Congo, Rep.",2017,64.7
"Congo, Rep.",2018,65
"Congo, Rep.",2019,65.4
"Congo, Rep.",2020,66.5
"Congo, Rep.",2021,66.2
"Congo, Rep.",2022,65.8
"Congo, Rep.",2023,66
"Congo, Rep.",2024,66.2
Colombia,1800,32
Colombia,1801,32
Colombia,1802,32
Colombia,1803,32
Colombia,1804,32
Colombia,1805,32
Colombia,1806,32
Colombia,1807,32
Colombia,1808,32
Colombia,1809,32
Colombia,1810,32
Colombia,1811,32
Colombia,1812,32
Colombia,1813,32
Colombia,1814,32
Colombia,1815,32
Colombia,1816,32
Colombia,1817,32
Colombia,1818,32
Colombia,1819,32
Colombia,1820,32
Colombia,1821,32
Colombia,1822,32
Colombia,1823,32
Colombia,1824,32
Colombia,1825,32
Colombia,1826,32
Colombia,1827,32
Colombia,1828,32
Colombia,1829,32
Colombia,1830,32
Colombia,1831,32
Colombia,1832,32
Colombia,1833,32
Colombia,1834,32
Colombia,1835,32
Colombia,1836,32
Colombia,1837,32
Colombia,1838,32
Colombia,1839,32
Colombia,1840,32
Colombia,1841,32
Colombia,1842,32
Colombia,1843,32
Colombia,1844,32
Colombia,1845,32
Colombia,1846,32
Colombia,1847,32
Colombia,1848,32
Colombia,1849,32
Colombia,1850,32
Colombia,1851,32
Colombia,1852,32.1
Colombia,1853,32.1
Colombia,1854,32.1
Colombia,1855,32.2
Colombia,1856,32.2
Colombia,1857,32.2
Colombia,1858,32.3
Colombia,1859,32.3
Colombia,1860,32.3
Colombia,1861,32.4
Colombia,1862,32.4
Colombia,1863,32.4
Colombia,1864,32.5
Colombia,1865,32.5
Colombia,1866,32.5
Colombia,1867,32.6
Colombia,1868,32.6
Colombia,1869,32.6
Colombia,1870,32.7
Colombia,1871,32.7
Colombia,1872,32.7
Colombia,1873,32.8
Colombia,1874,32.8
Colombia,1875,32.8
Colombia,1876,32.9
Colombia,1877,32.9
Colombia,1878,32.9
Colombia,1879,33
Colombia,1880,33
Colombia,1881,33
Colombia,1882,33.1
Colombia,1883,33.1
Colombia,1884,33.1
Colombia,1885,33.2
Colombia,1886,33.2
Colombia,1887,33.2
Colombia,1888,33.3
Colombia,1889,33.3
Colombia,1890,33.3
Colombia,1891,33.4
Colombia,1892,33.4
Colombia,1893,33.4
Colombia,1894,33.5
Colombia,1895,33.5
Colombia,1896,33.5
Colombia,1897,33.5
Colombia,1898,33.6
Colombia,1899,33.6
Colombia,1900,33.6
Colombia,1901,33.7
Colombia,1902,33.7
Colombia,1903,33.8
Colombia,1904,33.8
Colombia,1905,33.8
Colombia,1906,33.9
Colombia,1907,33.9
Colombia,1908,33.9
Colombia,1909,34
Colombia,1910,34
Colombia,1911,34
Colombia,1912,34
Colombia,1913,34.1
Colombia,1914,34.1
Colombia,1915,34.1
Colombia,1916,34.2
Colombia,1917,34.2
Colombia,1918,30.3
Colombia,1919,34.3
Colombia,1920,34.3
Colombia,1921,34.3
Colombia,1922,34.4
Colombia,1923,34.4
Colombia,1924,34.4
Colombia,1925,34.5
Colombia,1926,34.5
Colombia,1927,34.5
Colombia,1928,34.6
Colombia,1929,34.6
Colombia,1930,34.6
Colombia,1931,35.3
Colombia,1932,36
Colombia,1933,36.6
Colombia,1934,37.3
Colombia,1935,37.9
Colombia,1936,38.6
Colombia,1937,39.3
Colombia,1938,39.9
Colombia,1939,40.9
Colombia,1940,41.9
Colombia,1941,43
Colombia,1942,44
Colombia,1943,45.1
Colombia,1944,46.2
Colombia,1945,47.5
Colombia,1946,48.8
Colombia,1947,50.1
Colombia,1948,51.4
Colombia,1949,52.8
Colombia,1950,54.1
Colombia,1951,54.6
Colombia,1952,55.9
Colombia,1953,56.4
Colombia,1954,57.5
Colombia,1955,57.5
Colombia,1956,57.2
Colombia,1957,57.9
Colombia,1958,58.5
Colombia,1959,58.8
Colombia,1960,59.3
Colombia,1961,59.5
Colombia,1962,60.1
Colombia,1963,60.9
Colombia,1964,61.5
Colombia,1965,61.6
Colombia,1966,62.1
Colombia,1967,62.4
Colombia,1968,63.1
Colombia,1969,64.4
Colombia,1970,65.9
Colombia,1971,65.9
Colombia,1972,65.1
Colombia,1973,64.9
Colombia,1974,65.3
Colombia,1975,66.3
Colombia,1976,66.8
Colombia,1977,67.8
Colombia,1978,68.2
Colombia,1979,68.5
Colombia,1980,68.9
Colombia,1981,69.2
Colombia,1982,69.6
Colombia,1983,69.8
Colombia,1984,70.2
Colombia,1985,67.2
Colombia,1986,70.2
Colombia,1987,70.2
Colombia,1988,70.6
Colombia,1989,70.8
Colombia,1990,71.5
Colombia,1991,71
Colombia,1992,71.1
Colombia,1993,71.7
Colombia,1994,72.1
Colombia,1995,72.5
Colombia,1996,72.8
Colombia,1997,73.5
Colombia,1998,74
Colombia,1999,74.1
Colombia,2000,74.2
Colombia,2001,74.4
Colombia,2002,73.4
Colombia,2003,75.2
Colombia,2004,75.6
Colombia,2005,76.5
Colombia,2006,76.7
Colombia,2007,77.3
Colombia,2008,77.6
Colombia,2009,77.5
Colombia,2010,77.9
Colombia,2011,78.7
Colombia,2012,79
Colombia,2013,79.3
Colombia,2014,79.7
Colombia,2015,79.7
Colombia,2016,79.8
Colombia,2017,80
Colombia,2018,80.1
Colombia,2019,80.2
Colombia,2020,78.1
Colombia,2021,76.1
Colombia,2022,77
Colombia,2023,81
Colombia,2024,81.2
Comoros,1800,32.1
Comoros,1801,32.1
Comoros,1802,32.1
Comoros,1803,32.1
Comoros,1804,32.1
Comoros,1805,32.1
Comoros,1806,32.1
Comoros,1807,32.1
Comoros,1808,32.1
Comoros,1809,32.1
Comoros,1810,32.1
Comoros,1811,32.1
Comoros,1812,32.1
Comoros,1813,32.1
Comoros,1814,32.1
Comoros,1815,32.1
Comoros,1816,32.1
Comoros,1817,32.1
Comoros,1818,32.1
Comoros,1819,32.1
Comoros,1820,32.1
Comoros,1821,32.1
Comoros,1822,32.1
Comoros,1823,32.1
Comoros,1824,32.1
Comoros,1825,32.1
Comoros,1826,32.1
Comoros,1827,32.1
Comoros,1828,32.1
Comoros,1829,32.1
Comoros,1830,32.1
Comoros,1831,32.1
Comoros,1832,32.1
Comoros,1833,32.1
Comoros,1834,32.1
Comoros,1835,32.1
Comoros,1836,32.1
Comoros,1837,32.1
Comoros,1838,32.1
Comoros,1839,32.1
Comoros,1840,32.1
Comoros,1841,32.1
Comoros,1842,32.1
Comoros,1843,32.1
Comoros,1844,32.1
Comoros,1845,32.1
Comoros,1846,32.1
Comoros,1847,32.1
Comoros,1848,32.1
Comoros,1849,32.1
Comoros,1850,32.1
Comoros,1851,32.1
Comoros,1852,32.2
Comoros,1853,32.2
Comoros,1854,32.2
Comoros,1855,32.3
Comoros,1856,32.3
Comoros,1857,32.3
Comoros,1858,32.4
Comoros,1859,32.4
Comoros,1860,32.4
Comoros,1861,32.5
Comoros,1862,32.5
Comoros,1863,32.5
Comoros,1864,32.6
Comoros,1865,32.6
Comoros,1866,32.6
Comoros,1867,32.7
Comoros,1868,32.7
Comoros,1869,32.8
Comoros,1870,32.8
Comoros,1871,32.8
Comoros,1872,32.9
Comoros,1873,32.9
Comoros,1874,32.9
Comoros,1875,33
Comoros,1876,33
Comoros,1877,33
Comoros,1878,33.1
Comoros,1879,33.1
Comoros,1880,33.1
Comoros,1881,33.2
Comoros,1882,33.2
Comoros,1883,33.2
Comoros,1884,33.3
Comoros,1885,33.3
Comoros,1886,33.3
Comoros,1887,33.4
Comoros,1888,33.4
Comoros,1889,33.4
Comoros,1890,33.5
Comoros,1891,33.5
Comoros,1892,33.5
Comoros,1893,33.6
Comoros,1894,33.6
Comoros,1895,33.6
Comoros,1896,33.7
Comoros,1897,33.7
Comoros,1898,33.8
Comoros,1899,33.8
Comoros,1900,33.8
Comoros,1901,33.9
Comoros,1902,33.9
Comoros,1903,33.9
Comoros,1904,34
Comoros,1905,34
Comoros,1906,34
Comoros,1907,34.1
Comoros,1908,34.1
Comoros,1909,34.1
Comoros,1910,34.2
Comoros,1911,34.2
Comoros,1912,34.2
Comoros,1913,34.3
Comoros,1914,34.3
Comoros,1915,34.3
Comoros,1916,34.4
Comoros,1917,34.4
Comoros,1918,13.3
Comoros,1919,34.5
Comoros,1920,34.5
Comoros,1921,34.5
Comoros,1922,34.6
Comoros,1923,34.6
Comoros,1924,34.6
Comoros,1925,34.7
Comoros,1926,34.7
Comoros,1927,34.8
Comoros,1928,34.8
Comoros,1929,34.8
Comoros,1930,34.9
Comoros,1931,34.9
Comoros,1932,34.9
Comoros,1933,35
Comoros,1934,35
Comoros,1935,35
Comoros,1936,35.1
Comoros,1937,35.1
Comoros,1938,35.1
Comoros,1939,35.2
Comoros,1940,35.2
Comoros,1941,35.3
Comoros,1942,35.3
Comoros,1943,35.4
Comoros,1944,35.5
Comoros,1945,35.5
Comoros,1946,37.4
Comoros,1947,39.2
Comoros,1948,41
Comoros,1949,42.9
Comoros,1950,44.7
Comoros,1951,40.7
Comoros,1952,45.1
Comoros,1953,45.3
Comoros,1954,45.5
Comoros,1955,45.8
Comoros,1956,46
Comoros,1957,46.2
Comoros,1958,46.5
Comoros,1959,46.7
Comoros,1960,47.1
Comoros,1961,47.5
Comoros,1962,47.9
Comoros,1963,48.4
Comoros,1964,48.8
Comoros,1965,49.3
Comoros,1966,49.8
Comoros,1967,50.3
Comoros,1968,50.7
Comoros,1969,51
Comoros,1970,51.4
Comoros,1971,51.7
Comoros,1972,52
Comoros,1973,52.3
Comoros,1974,52.5
Comoros,1975,52.9
Comoros,1976,53.2
Comoros,1977,53.5
Comoros,1978,53.8
Comoros,1979,54.1
Comoros,1980,54.5
Comoros,1981,54.9
Comoros,1982,55.3
Comoros,1983,55.6
Comoros,1984,56.2
Comoros,1985,56.5
Comoros,1986,57
Comoros,1987,57.4
Comoros,1988,57.8
Comoros,1989,58
Comoros,1990,58.5
Comoros,1991,58.7
Comoros,1992,59
Comoros,1993,59.4
Comoros,1994,59.6
Comoros,1995,59.8
Comoros,1996,59.2
Comoros,1997,60.1
Comoros,1998,60.3
Comoros,1999,61.2
Comoros,2000,61.4
Comoros,2001,62.2
Comoros,2002,62.5
Comoros,2003,63.3
Comoros,2004,63.8
Comoros,2005,64.1
Comoros,2006,64.4
Comoros,2007,64.5
Comoros,2008,65.3
Comoros,2009,64.8
Comoros,2010,65.9
Comoros,2011,65.7
Comoros,2012,66.3
Comoros,2013,66.7
Comoros,2014,67.2
Comoros,2015,67.5
Comoros,2016,67.9
Comoros,2017,68.2
Comoros,2018,68.5
Comoros,2019,68.7
Comoros,2020,68.8
Comoros,2021,68
Comoros,2022,68.3
Comoros,2023,69.8
Comoros,2024,70
Cape Verde,1800,33.8
Cape Verde,1801,33.8
Cape Verde,1802,33.8
Cape Verde,1803,33.8
Cape Verde,1804,33.8
Cape Verde,1805,33.8
Cape Verde,1806,33.8
Cape Verde,1807,33.8
Cape Verde,1808,33.8
Cape Verde,1809,33.8
Cape Verde,1810,33.8
Cape Verde,1811,33.8
Cape Verde,1812,33.8
Cape Verde,1813,33.8
Cape Verde,1814,33.8
Cape Verde,1815,33.8
Cape Verde,1816,33.8
Cape Verde,1817,33.8
Cape Verde,1818,33.8
Cape Verde,1819,33.8
Cape Verde,1820,33.8
Cape Verde,1821,33.8
Cape Verde,1822,33.8
Cape Verde,1823,33.8
Cape Verde,1824,33.8
Cape Verde,1825,33.8
Cape Verde,1826,33.8
Cape Verde,1827,33.8
Cape Verde,1828,33.8
Cape Verde,1829,33.8
Cape Verde,1830,33.8
Cape Verde,1831,33.8
Cape Verde,1832,33.8
Cape Verde,1833,33.8
Cape Verde,1834,33.8
Cape Verde,1835,33.8
Cape Verde,1836,33.8
Cape Verde,1837,33.8
Cape Verde,1838,33.8
Cape Verde,1839,33.8
Cape Verde,1840,33.8
Cape Verde,1841,33.8
Cape Verde,1842,33.8
Cape Verde,1843,33.8
Cape Verde,1844,33.8
Cape Verde,1845,33.8
Cape Verde,1846,33.8
Cape Verde,1847,33.8
Cape Verde,1848,33.8
Cape Verde,1849,33.8
Cape Verde,1850,33.8
Cape Verde,1851,33.9
Cape Verde,1852,33.9
Cape Verde,1853,34
Cape Verde,1854,34
Cape Verde,1855,34.1
Cape Verde,1856,34.1
Cape Verde,1857,34.2
Cape Verde,1858,34.2
Cape Verde,1859,34.3
Cape Verde,1860,34.4
Cape Verde,1861,34.4
Cape Verde,1862,34.5
Cape Verde,1863,34.5
Cape Verde,1864,34.6
Cape Verde,1865,34.6
Cape Verde,1866,34.7
Cape Verde,1867,34.7
Cape Verde,1868,34.8
Cape Verde,1869,34.9
Cape Verde,1870,34.9
Cape Verde,1871,35
Cape Verde,1872,35
Cape Verde,1873,35.1
Cape Verde,1874,35.1
Cape Verde,1875,35.2
Cape Verde,1876,35.2
Cape Verde,1877,35.3
Cape Verde,1878,35.3
Cape Verde,1879,35.4
Cape Verde,1880,35.5
Cape Verde,1881,35.5
Cape Verde,1882,35.6
Cape Verde,1883,35.6
Cape Verde,1884,35.7
Cape Verde,1885,35.7
Cape Verde,1886,35.8
Cape Verde,1887,35.8
Cape Verde,1888,35.9
Cape Verde,1889,36
Cape Verde,1890,36
Cape Verde,1891,36.1
Cape Verde,1892,36.1
Cape Verde,1893,36.2
Cape Verde,1894,36.2
Cape Verde,1895,36.3
Cape Verde,1896,36.3
Cape Verde,1897,36.4
Cape Verde,1898,36.5
Cape Verde,1899,36.5
Cape Verde,1900,36.6
Cape Verde,1901,36.6
Cape Verde,1902,36.7
Cape Verde,1903,36.7
Cape Verde,1904,36.8
Cape Verde,1905,36.8
Cape Verde,1906,36.9
Cape Verde,1907,36.9
Cape Verde,1908,37
Cape Verde,1909,37
Cape Verde,1910,37.1
Cape Verde,1911,37.2
Cape Verde,1912,37.2
Cape Verde,1913,37.3
Cape Verde,1914,37.3
Cape Verde,1915,37.4
Cape Verde,1916,37.4
Cape Verde,1917,37.5
Cape Verde,1918,14.5
Cape Verde,1919,37.6
Cape Verde,1920,37.7
Cape Verde,1921,37.7
Cape Verde,1922,37.8
Cape Verde,1923,37.8
Cape Verde,1924,37.9
Cape Verde,1925,37.9
Cape Verde,1926,38
Cape Verde,1927,38
Cape Verde,1928,38.1
Cape Verde,1929,38.2
Cape Verde,1930,38.2
Cape Verde,1931,38.3
Cape Verde,1932,38.3
Cape Verde,1933,38.4
Cape Verde,1934,38.4
Cape Verde,1935,38.5
Cape Verde,1936,39.6
Cape Verde,1937,40.7
Cape Verde,1938,41.9
Cape Verde,1939,43
Cape Verde,1940,44.1
Cape Verde,1941,45.3
Cape Verde,1942,46.5
Cape Verde,1943,47.7
Cape Verde,1944,48.9
Cape Verde,1945,50.1
Cape Verde,1946,51.3
Cape Verde,1947,52.5
Cape Verde,1948,53.8
Cape Verde,1949,55
Cape Verde,1950,56.2
Cape Verde,1951,56.4
Cape Verde,1952,56.6
Cape Verde,1953,56.8
Cape Verde,1954,56.9
Cape Verde,1955,57
Cape Verde,1956,57.1
Cape Verde,1957,56.4
Cape Verde,1958,56.7
Cape Verde,1959,57.1
Cape Verde,1960,56.8
Cape Verde,1961,57.5
Cape Verde,1962,58.3
Cape Verde,1963,59
Cape Verde,1964,59.6
Cape Verde,1965,60.2
Cape Verde,1966,60.8
Cape Verde,1967,60.3
Cape Verde,1968,59.7
Cape Verde,1969,58.1
Cape Verde,1970,58.1
Cape Verde,1971,57.4
Cape Verde,1972,59.3
Cape Verde,1973,60.3
Cape Verde,1974,61.9
Cape Verde,1975,62.6
Cape Verde,1976,63.6
Cape Verde,1977,64.5
Cape Verde,1978,65.4
Cape Verde,1979,66.3
Cape Verde,1980,66.8
Cape Verde,1981,67.1
Cape Verde,1982,66.8
Cape Verde,1983,66.9
Cape Verde,1984,66.8
Cape Verde,1985,67.6
Cape Verde,1986,68
Cape Verde,1987,68.4
Cape Verde,1988,69
Cape Verde,1989,69.4
Cape Verde,1990,69.9
Cape Verde,1991,69.8
Cape Verde,1992,69.9
Cape Verde,1993,69.8
Cape Verde,1994,69.7
Cape Verde,1995,68.7
Cape Verde,1996,69.7
Cape Verde,1997,69.5
Cape Verde,1998,69.7
Cape Verde,1999,69.7
Cape Verde,2000,70.3
Cape Verde,2001,70.6
Cape Verde,2002,70.8
Cape Verde,2003,71.2
Cape Verde,2004,71.5
Cape Verde,2005,71.8
Cape Verde,2006,72.9
Cape Verde,2007,73.2
Cape Verde,2008,73.9
Cape Verde,2009,74.1
Cape Verde,2010,74.4
Cape Verde,2011,74.5
Cape Verde,2012,74.6
Cape Verde,2013,74.8
Cape Verde,2014,75
Cape Verde,2015,74.9
Cape Verde,2016,74.8
Cape Verde,2017,74.8
Cape Verde,2018,73.5
Cape Verde,2019,73.7
Cape Verde,2020,72.6
Cape Verde,2021,71.8
Cape Verde,2022,72.5
Cape Verde,2023,74.6
Cape Verde,2024,74.8
Costa Rica,1800,30.2
Costa Rica,1801,30.2
Costa Rica,1802,30.2
Costa Rica,1803,30.2
Costa Rica,1804,30.2
Costa Rica,1805,30.2
Costa Rica,1806,30.2
Costa Rica,1807,30.2
Costa Rica,1808,30.2
Costa Rica,1809,30.2
Costa Rica,1810,30.2
Costa Rica,1811,30.2
Costa Rica,1812,30.2
Costa Rica,1813,30.2
Costa Rica,1814,30.2
Costa Rica,1815,30.2
Costa Rica,1816,30.2
Costa Rica,1817,30.2
Costa Rica,1818,30.2
Costa Rica,1819,30.2
Costa Rica,1820,30.2
Costa Rica,1821,30.2
Costa Rica,1822,30.2
Costa Rica,1823,30.2
Costa Rica,1824,30.2
Costa Rica,1825,30.2
Costa Rica,1826,30.2
Costa Rica,1827,30.2
Costa Rica,1828,30.2
Costa Rica,1829,30.2
Costa Rica,1830,30.2
Costa Rica,1831,30.2
Costa Rica,1832,30.2
Costa Rica,1833,30.2
Costa Rica,1834,30.2
Costa Rica,1835,30.2
Costa Rica,1836,30.2
Costa Rica,1837,30.2
Costa Rica,1838,30.2
Costa Rica,1839,30.2
Costa Rica,1840,30.2
Costa Rica,1841,30.2
Costa Rica,1842,30.2
Costa Rica,1843,30.2
Costa Rica,1844,30.2
Costa Rica,1845,30.2
Costa Rica,1846,30.2
Costa Rica,1847,30.2
Costa Rica,1848,30.2
Costa Rica,1849,30.2
Costa Rica,1850,30.2
Costa Rica,1851,30.2
Costa Rica,1852,30.2
Costa Rica,1853,30.2
Costa Rica,1854,30.2
Costa Rica,1855,30.2
Costa Rica,1856,30.3
Costa Rica,1857,30.3
Costa Rica,1858,30.3
Costa Rica,1859,30.3
Costa Rica,1860,30.3
Costa Rica,1861,30.3
Costa Rica,1862,30.3
Costa Rica,1863,30.3
Costa Rica,1864,30.3
Costa Rica,1865,30.3
Costa Rica,1866,30.3
Costa Rica,1867,30.3
Costa Rica,1868,30.3
Costa Rica,1869,30.3
Costa Rica,1870,30.3
Costa Rica,1871,30.4
Costa Rica,1872,30.4
Costa Rica,1873,30.4
Costa Rica,1874,30.4
Costa Rica,1875,30.4
Costa Rica,1876,30.4
Costa Rica,1877,30.4
Costa Rica,1878,30.4
Costa Rica,1879,30.4
Costa Rica,1880,30.4
Costa Rica,1881,30.4
Costa Rica,1882,30.4
Costa Rica,1883,30.4
Costa Rica,1884,30.4
Costa Rica,1885,30.4
Costa Rica,1886,30.4
Costa Rica,1887,30.4
Costa Rica,1888,30.4
Costa Rica,1889,30.5
Costa Rica,1890,30.9
Costa Rica,1891,31.3
Costa Rica,1892,31.7
Costa Rica,1893,32.1
Costa Rica,1894,32.6
Costa Rica,1895,33
Costa Rica,1896,33.4
Costa Rica,1897,33.8
Costa Rica,1898,34.2
Costa Rica,1899,34.7
Costa Rica,1900,35.1
Costa Rica,1901,35.1
Costa Rica,1902,35.2
Costa Rica,1903,35.2
Costa Rica,1904,35.3
Costa Rica,1905,35.3
Costa Rica,1906,35.4
Costa Rica,1907,35.4
Costa Rica,1908,35.5
Costa Rica,1909,35.5
Costa Rica,1910,35.6
Costa Rica,1911,35.6
Costa Rica,1912,35.6
Costa Rica,1913,35.6
Costa Rica,1914,35.6
Costa Rica,1915,35.6
Costa Rica,1916,35.6
Costa Rica,1917,35.6
Costa Rica,1918,31.5
Costa Rica,1919,35.6
Costa Rica,1920,35.6
Costa Rica,1921,36.4
Costa Rica,1922,37.1
Costa Rica,1923,37.8
Costa Rica,1924,38.6
Costa Rica,1925,39.3
Costa Rica,1926,40
Costa Rica,1927,40.8
Costa Rica,1928,41.5
Costa Rica,1929,42.2
Costa Rica,1930,42.9
Costa Rica,1931,43.4
Costa Rica,1932,43.9
Costa Rica,1933,44.4
Costa Rica,1934,44.9
Costa Rica,1935,45.4
Costa Rica,1936,45.9
Costa Rica,1937,46.4
Costa Rica,1938,46.9
Costa Rica,1939,47.3
Costa Rica,1940,47.8
Costa Rica,1941,48.8
Costa Rica,1942,49.8
Costa Rica,1943,50.7
Costa Rica,1944,51.7
Costa Rica,1945,52.7
Costa Rica,1946,53.6
Costa Rica,1947,54.6
Costa Rica,1948,55.6
Costa Rica,1949,56.6
Costa Rica,1950,57.5
Costa Rica,1951,59
Costa Rica,1952,59.3
Costa Rica,1953,59.5
Costa Rica,1954,61
Costa Rica,1955,61.9
Costa Rica,1956,63
Costa Rica,1957,62.4
Costa Rica,1958,64.6
Costa Rica,1959,64.4
Costa Rica,1960,65.3
Costa Rica,1961,66.4
Costa Rica,1962,65.4
Costa Rica,1963,65.2
Costa Rica,1964,64.5
Costa Rica,1965,65.5
Costa Rica,1966,66.4
Costa Rica,1967,66.7
Costa Rica,1968,67.2
Costa Rica,1969,66.9
Costa Rica,1970,67
Costa Rica,1971,68.4
Costa Rica,1972,68.8
Costa Rica,1973,70.3
Costa Rica,1974,71
Costa Rica,1975,71.6
Costa Rica,1976,72.5
Costa Rica,1977,73.8
Costa Rica,1978,74.4
Costa Rica,1979,74.5
Costa Rica,1980,74.7
Costa Rica,1981,75.6
Costa Rica,1982,75.7
Costa Rica,1983,76.1
Costa Rica,1984,75.7
Costa Rica,1985,75.7
Costa Rica,1986,76
Costa Rica,1987,76.3
Costa Rica,1988,76.6
Costa Rica,1989,76.5
Costa Rica,1990,76.9
Costa Rica,1991,76.9
Costa Rica,1992,76.9
Costa Rica,1993,77.1
Costa Rica,1994,76.8
Costa Rica,1995,76.5
Costa Rica,1996,77.1
Costa Rica,1997,77.2
Costa Rica,1998,77.4
Costa Rica,1999,77.3
Costa Rica,2000,77.9
Costa Rica,2001,77.9
Costa Rica,2002,78.4
Costa Rica,2003,78.5
Costa Rica,2004,78.6
Costa Rica,2005,79.4
Costa Rica,2006,79.1
Costa Rica,2007,80.3
Costa Rica,2008,80.3
Costa Rica,2009,80.6
Costa Rica,2010,79.5
Costa Rica,2011,80.2
Costa Rica,2012,80.3
Costa Rica,2013,80.4
Costa Rica,2014,80.5
Costa Rica,2015,80.2
Costa Rica,2016,79.8
Costa Rica,2017,79.8
Costa Rica,2018,80
Costa Rica,2019,80.1
Costa Rica,2020,79.9
Costa Rica,2021,77.7
Costa Rica,2022,78
Costa Rica,2023,80.9
Costa Rica,2024,81.1
Cuba,1800,32.2
Cuba,1801,32.3
Cuba,1802,32.5
Cuba,1803,32.6
Cuba,1804,32.7
Cuba,1805,32.9
Cuba,1806,33
Cuba,1807,33.2
Cuba,1808,33.3
Cuba,1809,33.5
Cuba,1810,33.6
Cuba,1811,33.8
Cuba,1812,33.9
Cuba,1813,34.1
Cuba,1814,34.2
Cuba,1815,34.3
Cuba,1816,34.4
Cuba,1817,34.5
Cuba,1818,34.6
Cuba,1819,34.7
Cuba,1820,35
Cuba,1821,35.4
Cuba,1822,35.7
Cuba,1823,36.1
Cuba,1824,36.4
Cuba,1825,36.2
Cuba,1826,36.1
Cuba,1827,35.9
Cuba,1828,35.8
Cuba,1829,35.6
Cuba,1830,35.7
Cuba,1831,35.9
Cuba,1832,36
Cuba,1833,36.2
Cuba,1834,36.3
Cuba,1835,36.4
Cuba,1836,36.4
Cuba,1837,36.5
Cuba,1838,36.5
Cuba,1839,36.6
Cuba,1840,36.5
Cuba,1841,36.4
Cuba,1842,36.2
Cuba,1843,36.1
Cuba,1844,36
Cuba,1845,36
Cuba,1846,36.1
Cuba,1847,36.1
Cuba,1848,36.2
Cuba,1849,36.2
Cuba,1850,36.3
Cuba,1851,36.4
Cuba,1852,36.5
Cuba,1853,36.6
Cuba,1854,36.7
Cuba,1855,36.8
Cuba,1856,36.9
Cuba,1857,36.9
Cuba,1858,37
Cuba,1859,37.1
Cuba,1860,36.8
Cuba,1861,36.4
Cuba,1862,36.1
Cuba,1863,35.8
Cuba,1864,35.5
Cuba,1865,34.5
Cuba,1866,33.5
Cuba,1867,32.4
Cuba,1868,31.4
Cuba,1869,30.4
Cuba,1870,30.5
Cuba,1871,30.6
Cuba,1872,30.7
Cuba,1873,30.8
Cuba,1874,30.9
Cuba,1875,32.2
Cuba,1876,33.4
Cuba,1877,34.7
Cuba,1878,36
Cuba,1879,37.3
Cuba,1880,38.4
Cuba,1881,39.5
Cuba,1882,40.7
Cuba,1883,41.8
Cuba,1884,43
Cuba,1885,43.6
Cuba,1886,44.2
Cuba,1887,44.8
Cuba,1888,45.5
Cuba,1889,46.1
Cuba,1890,41.8
Cuba,1891,37.4
Cuba,1892,33
Cuba,1893,28.7
Cuba,1894,24.3
Cuba,1895,23.5
Cuba,1896,22.7
Cuba,1897,21.9
Cuba,1898,21
Cuba,1899,20.2
Cuba,1900,35.4
Cuba,1901,35.7
Cuba,1902,36
Cuba,1903,36.2
Cuba,1904,36.5
Cuba,1905,36.8
Cuba,1906,37.1
Cuba,1907,37.3
Cuba,1908,37.6
Cuba,1909,37.9
Cuba,1910,38.2
Cuba,1911,38.5
Cuba,1912,38.7
Cuba,1913,39
Cuba,1914,39.3
Cuba,1915,39.6
Cuba,1916,39.9
Cuba,1917,40.2
Cuba,1918,26.1
Cuba,1919,40.7
Cuba,1920,41
Cuba,1921,41.4
Cuba,1922,41.8
Cuba,1923,42.1
Cuba,1924,42.5
Cuba,1925,42.8
Cuba,1926,43.5
Cuba,1927,44.1
Cuba,1928,44.8
Cuba,1929,45.5
Cuba,1930,46.1
Cuba,1931,46.9
Cuba,1932,47.6
Cuba,1933,48.4
Cuba,1934,49.1
Cuba,1935,49.9
Cuba,1936,50.6
Cuba,1937,51.3
Cuba,1938,52
Cuba,1939,52.7
Cuba,1940,53.4
Cuba,1941,54.3
Cuba,1942,55.1
Cuba,1943,56
Cuba,1944,56.8
Cuba,1945,57.7
Cuba,1946,59.4
Cuba,1947,61.2
Cuba,1948,62.9
Cuba,1949,64.6
Cuba,1950,66.4
Cuba,1951,66.5
Cuba,1952,66.7
Cuba,1953,66.8
Cuba,1954,66.9
Cuba,1955,67.1
Cuba,1956,66.9
Cuba,1957,67.1
Cuba,1958,67.4
Cuba,1959,68.3
Cuba,1960,69.3
Cuba,1961,68.7
Cuba,1962,68.8
Cuba,1963,68.9
Cuba,1964,70.1
Cuba,1965,69.8
Cuba,1966,70
Cuba,1967,70.1
Cuba,1968,70.1
Cuba,1969,69.9
Cuba,1970,70.8
Cuba,1971,71.7
Cuba,1972,72.8
Cuba,1973,72.7
Cuba,1974,72.7
Cuba,1975,73.2
Cuba,1976,73.2
Cuba,1977,72.7
Cuba,1978,73.3
Cuba,1979,73.4
Cuba,1980,73.6
Cuba,1981,73.8
Cuba,1982,74.3
Cuba,1983,74.6
Cuba,1984,74.5
Cuba,1985,74.2
Cuba,1986,74.8
Cuba,1987,74.9
Cuba,1988,74.8
Cuba,1989,75.3
Cuba,1990,75
Cuba,1991,75.2
Cuba,1992,75.2
Cuba,1993,75.1
Cuba,1994,75.1
Cuba,1995,75.4
Cuba,1996,75.8
Cuba,1997,76.2
Cuba,1998,76.3
Cuba,1999,76.6
Cuba,2000,77
Cuba,2001,77.2
Cuba,2002,77.9
Cuba,2003,77.8
Cuba,2004,77.8
Cuba,2005,77.7
Cuba,2006,78.4
Cuba,2007,78.5
Cuba,2008,78.4
Cuba,2009,78.5
Cuba,2010,78.5
Cuba,2011,79.1
Cuba,2012,78.8
Cuba,2013,78.8
Cuba,2014,78.7
Cuba,2015,78.4
Cuba,2016,78.5
Cuba,2017,78.3
Cuba,2018,78.3
Cuba,2019,78.7
Cuba,2020,78.6
Cuba,2021,74.7
Cuba,2022,79.2
Cuba,2023,79.4
Cuba,2024,79.6
Cyprus,1800,38.5
Cyprus,1801,38.5
Cyprus,1802,38.5
Cyprus,1803,38.5
Cyprus,1804,38.5
Cyprus,1805,38.5
Cyprus,1806,38.5
Cyprus,1807,38.5
Cyprus,1808,38.5
Cyprus,1809,38.5
Cyprus,1810,38.5
Cyprus,1811,38.5
Cyprus,1812,38.5
Cyprus,1813,38.5
Cyprus,1814,38.5
Cyprus,1815,38.5
Cyprus,1816,38.5
Cyprus,1817,38.5
Cyprus,1818,38.5
Cyprus,1819,38.5
Cyprus,1820,38.5
Cyprus,1821,38.5
Cyprus,1822,38.5
Cyprus,1823,38.5
Cyprus,1824,38.5
Cyprus,1825,38.5
Cyprus,1826,38.5
Cyprus,1827,38.5
Cyprus,1828,38.5
Cyprus,1829,38.5
Cyprus,1830,38.5
Cyprus,1831,38.5
Cyprus,1832,38.5
Cyprus,1833,38.5
Cyprus,1834,38.5
Cyprus,1835,38.5
Cyprus,1836,38.5
Cyprus,1837,38.5
Cyprus,1838,38.5
Cyprus,1839,38.5
Cyprus,1840,38.5
Cyprus,1841,38.5
Cyprus,1842,38.5
Cyprus,1843,38.5
Cyprus,1844,38.5
Cyprus,1845,38.5
Cyprus,1846,38.5
Cyprus,1847,38.5
Cyprus,1848,38.5
Cyprus,1849,38.5
Cyprus,1850,38.5
Cyprus,1851,38.5
Cyprus,1852,38.5
Cyprus,1853,38.5
Cyprus,1854,38.4
Cyprus,1855,38.4
Cyprus,1856,38.4
Cyprus,1857,38.4
Cyprus,1858,38.3
Cyprus,1859,38.3
Cyprus,1860,38.3
Cyprus,1861,38.3
Cyprus,1862,38.3
Cyprus,1863,38.2
Cyprus,1864,38.2
Cyprus,1865,38.2
Cyprus,1866,38.2
Cyprus,1867,38.1
Cyprus,1868,38.1
Cyprus,1869,38.1
Cyprus,1870,38.1
Cyprus,1871,38.1
Cyprus,1872,38
Cyprus,1873,38
Cyprus,1874,38
Cyprus,1875,38
Cyprus,1876,38
Cyprus,1877,37.9
Cyprus,1878,37.9
Cyprus,1879,37.9
Cyprus,1880,37.9
Cyprus,1881,37.8
Cyprus,1882,37.8
Cyprus,1883,37.8
Cyprus,1884,37.8
Cyprus,1885,37.8
Cyprus,1886,37.7
Cyprus,1887,37.7
Cyprus,1888,37.7
Cyprus,1889,37.7
Cyprus,1890,37.6
Cyprus,1891,37.6
Cyprus,1892,37.6
Cyprus,1893,37.6
Cyprus,1894,37.6
Cyprus,1895,37.5
Cyprus,1896,38.1
Cyprus,1897,38.8
Cyprus,1898,39.4
Cyprus,1899,40
Cyprus,1900,40.6
Cyprus,1901,41.2
Cyprus,1902,41.8
Cyprus,1903,42.4
Cyprus,1904,43
Cyprus,1905,43.6
Cyprus,1906,43.8
Cyprus,1907,44
Cyprus,1908,44.3
Cyprus,1909,44.5
Cyprus,1910,44.7
Cyprus,1911,44.9
Cyprus,1912,45.1
Cyprus,1913,45.3
Cyprus,1914,45.5
Cyprus,1915,45.7
Cyprus,1916,45.8
Cyprus,1917,45.9
Cyprus,1918,25.2
Cyprus,1919,46
Cyprus,1920,46.1
Cyprus,1921,46.1
Cyprus,1922,46.2
Cyprus,1923,46.3
Cyprus,1924,46.4
Cyprus,1925,46.4
Cyprus,1926,46.4
Cyprus,1927,46.4
Cyprus,1928,46.3
Cyprus,1929,46.3
Cyprus,1930,46.3
Cyprus,1931,46.3
Cyprus,1932,46.2
Cyprus,1933,46.2
Cyprus,1934,46.2
Cyprus,1935,46.1
Cyprus,1936,46.1
Cyprus,1937,46.1
Cyprus,1938,46.9
Cyprus,1939,47.6
Cyprus,1940,48.4
Cyprus,1941,49.2
Cyprus,1942,49.9
Cyprus,1943,50.7
Cyprus,1944,52.3
Cyprus,1945,54
Cyprus,1946,55.6
Cyprus,1947,57.3
Cyprus,1948,58.9
Cyprus,1949,60.6
Cyprus,1950,62.2
Cyprus,1951,62.5
Cyprus,1952,62.7
Cyprus,1953,62.8
Cyprus,1954,63.3
Cyprus,1955,63.1
Cyprus,1956,63.4
Cyprus,1957,63.7
Cyprus,1958,64
Cyprus,1959,64.3
Cyprus,1960,65
Cyprus,1961,65.3
Cyprus,1962,65.6
Cyprus,1963,65.9
Cyprus,1964,66.2
Cyprus,1965,66.5
Cyprus,1966,66.9
Cyprus,1967,67.3
Cyprus,1968,67.6
Cyprus,1969,67.9
Cyprus,1970,67.6
Cyprus,1971,67.6
Cyprus,1972,67.9
Cyprus,1973,68.2
Cyprus,1974,49
Cyprus,1975,68.5
Cyprus,1976,69.3
Cyprus,1977,70.4
Cyprus,1978,71
Cyprus,1979,71.4
Cyprus,1980,71.3
Cyprus,1981,71.6
Cyprus,1982,71.7
Cyprus,1983,72
Cyprus,1984,72.8
Cyprus,1985,73.3
Cyprus,1986,73.9
Cyprus,1987,74.1
Cyprus,1988,74.5
Cyprus,1989,74.8
Cyprus,1990,75.1
Cyprus,1991,75
Cyprus,1992,75.1
Cyprus,1993,75.2
Cyprus,1994,75.4
Cyprus,1995,75.5
Cyprus,1996,75.8
Cyprus,1997,75.9
Cyprus,1998,76
Cyprus,1999,76.3
Cyprus,2000,76.7
Cyprus,2001,77.1
Cyprus,2002,77.3
Cyprus,2003,77.7
Cyprus,2004,77.9
Cyprus,2005,77.9
Cyprus,2006,78.2
Cyprus,2007,78.3
Cyprus,2008,78.8
Cyprus,2009,79.1
Cyprus,2010,79.5
Cyprus,2011,79.8
Cyprus,2012,80.1
Cyprus,2013,80.3
Cyprus,2014,80.4
Cyprus,2015,80.5
Cyprus,2016,80.7
Cyprus,2017,80.8
Cyprus,2018,80.8
Cyprus,2019,80.8
Cyprus,2020,80.8
Cyprus,2021,80.6
Cyprus,2022,81.3
Cyprus,2023,81.5
Cyprus,2024,81.6
Czech Republic,1800,35
Czech Republic,1801,35
Czech Republic,1802,35
Czech Republic,1803,35
Czech Republic,1804,35
Czech Republic,1805,35
Czech Republic,1806,35
Czech Republic,1807,35
Czech Republic,1808,35
Czech Republic,1809,35
Czech Republic,1810,35
Czech Republic,1811,35
Czech Republic,1812,35
Czech Republic,1813,35
Czech Republic,1814,35
Czech Republic,1815,35
Czech Republic,1816,35
Czech Republic,1817,35
Czech Republic,1818,35
Czech Republic,1819,35
Czech Republic,1820,35
Czech Republic,1821,35
Czech Republic,1822,35
Czech Republic,1823,35
Czech Republic,1824,35
Czech Republic,1825,35
Czech Republic,1826,35
Czech Republic,1827,35
Czech Republic,1828,35
Czech Republic,1829,35
Czech Republic,1830,35
Czech Republic,1831,35
Czech Republic,1832,35
Czech Republic,1833,35
Czech Republic,1834,35
Czech Republic,1835,35
Czech Republic,1836,35
Czech Republic,1837,35
Czech Republic,1838,35
Czech Republic,1839,35
Czech Republic,1840,35
Czech Republic,1841,35
Czech Republic,1842,35
Czech Republic,1843,35
Czech Republic,1844,35
Czech Republic,1845,35
Czech Republic,1846,35
Czech Republic,1847,35
Czech Republic,1848,35
Czech Republic,1849,35
Czech Republic,1850,35
Czech Republic,1851,35
Czech Republic,1852,35
Czech Republic,1853,35
Czech Republic,1854,34.9
Czech Republic,1855,34.9
Czech Republic,1856,34.9
Czech Republic,1857,34.9
Czech Republic,1858,34.9
Czech Republic,1859,34.9
Czech Republic,1860,34.9
Czech Republic,1861,34.9
Czech Republic,1862,34.9
Czech Republic,1863,34.9
Czech Republic,1864,34.9
Czech Republic,1865,34.9
Czech Republic,1866,34.9
Czech Republic,1867,34.9
Czech Republic,1868,34.9
Czech Republic,1869,34.9
Czech Republic,1870,34.9
Czech Republic,1871,34.9
Czech Republic,1872,34.9
Czech Republic,1873,34.9
Czech Republic,1874,34.9
Czech Republic,1875,34.9
Czech Republic,1876,34.9
Czech Republic,1877,34.9
Czech Republic,1878,34.9
Czech Republic,1879,34.9
Czech Republic,1880,34.9
Czech Republic,1881,34.9
Czech Republic,1882,34.9
Czech Republic,1883,34.9
Czech Republic,1884,34.9
Czech Republic,1885,34.9
Czech Republic,1886,34.9
Czech Republic,1887,34.9
Czech Republic,1888,34.9
Czech Republic,1889,34.9
Czech Republic,1890,34.9
Czech Republic,1891,34.9
Czech Republic,1892,35
Czech Republic,1893,34.9
Czech Republic,1894,34.9
Czech Republic,1895,35.8
Czech Republic,1896,36.7
Czech Republic,1897,37.6
Czech Republic,1898,38.4
Czech Republic,1899,39.3
Czech Republic,1900,40.2
Czech Republic,1901,40.6
Czech Republic,1902,41
Czech Republic,1903,41.4
Czech Republic,1904,41.8
Czech Republic,1905,42.2
Czech Republic,1906,42.6
Czech Republic,1907,43
Czech Republic,1908,43.4
Czech Republic,1909,43.8
Czech Republic,1910,44.2
Czech Republic,1911,44.8
Czech Republic,1912,45.3
Czech Republic,1913,45.9
Czech Republic,1914,46.5
Czech Republic,1915,47
Czech Republic,1916,47.6
Czech Republic,1917,48.1
Czech Republic,1918,35.6
Czech Republic,1919,49.2
Czech Republic,1920,49.8
Czech Republic,1921,50.4
Czech Republic,1922,50.9
Czech Republic,1923,51.5
Czech Republic,1924,52
Czech Republic,1925,52.6
Czech Republic,1926,53.2
Czech Republic,1927,53.7
Czech Republic,1928,54.3
Czech Republic,1929,54.8
Czech Republic,1930,55.4
Czech Republic,1931,55.8
Czech Republic,1932,56.2
Czech Republic,1933,56.6
Czech Republic,1934,57
Czech Republic,1935,57.4
Czech Republic,1936,57.9
Czech Republic,1937,58.3
Czech Republic,1938,58.7
Czech Republic,1939,59
Czech Republic,1940,58.8
Czech Republic,1941,58.5
Czech Republic,1942,56.6
Czech Republic,1943,51.8
Czech Republic,1944,46.8
Czech Republic,1945,44.8
Czech Republic,1946,57.8
Czech Republic,1947,61.8
Czech Republic,1948,62.8
Czech Republic,1949,63.8
Czech Republic,1950,64.3
Czech Republic,1951,65.2
Czech Republic,1952,66.7
Czech Republic,1953,67.5
Czech Republic,1954,68.2
Czech Republic,1955,68.9
Czech Republic,1956,69.3
Czech Republic,1957,69.2
Czech Republic,1958,69.9
Czech Republic,1959,70
Czech Republic,1960,70.4
Czech Republic,1961,70.7
Czech Republic,1962,70.2
Czech Republic,1963,70.5
Czech Republic,1964,70.6
Czech Republic,1965,70.3
Czech Republic,1966,70.5
Czech Republic,1967,70.4
Czech Republic,1968,70
Czech Republic,1969,69.6
Czech Republic,1970,69.7
Czech Republic,1971,70
Czech Republic,1972,70.4
Czech Republic,1973,70.3
Czech Republic,1974,70.3
Czech Republic,1975,70.7
Czech Republic,1976,70.8
Czech Republic,1977,70.8
Czech Republic,1978,70.8
Czech Republic,1979,70.8
Czech Republic,1980,70.5
Czech Republic,1981,70.8
Czech Republic,1982,71
Czech Republic,1983,70.8
Czech Republic,1984,71
Czech Republic,1985,71.3
Czech Republic,1986,71.3
Czech Republic,1987,71.7
Czech Republic,1988,71.9
Czech Republic,1989,71.9
Czech Republic,1990,71.6
Czech Republic,1991,72.1
Czech Republic,1992,72.4
Czech Republic,1993,73
Czech Republic,1994,73.2
Czech Republic,1995,73.4
Czech Republic,1996,74
Czech Republic,1997,74.1
Czech Republic,1998,74.7
Czech Republic,1999,75
Czech Republic,2000,75.2
Czech Republic,2001,75.5
Czech Republic,2002,75.7
Czech Republic,2003,75.6
Czech Republic,2004,76.1
Czech Republic,2005,76.4
Czech Republic,2006,77
Czech Republic,2007,77.2
Czech Republic,2008,77.3
Czech Republic,2009,77.6
Czech Republic,2010,77.8
Czech Republic,2011,78
Czech Republic,2012,78.3
Czech Republic,2013,78.5
Czech Republic,2014,79
Czech Republic,2015,79
Czech Republic,2016,79.2
Czech Republic,2017,79.3
Czech Republic,2018,79.3
Czech Republic,2019,79.5
Czech Republic,2020,78.8
Czech Republic,2021,77.9
Czech Republic,2022,78.3
Czech Republic,2023,80
Czech Republic,2024,80.2
Germany,1800,38.4
Germany,1801,38.4
Germany,1802,38.4
Germany,1803,38.4
Germany,1804,38.4
Germany,1805,38.4
Germany,1806,38.4
Germany,1807,38.4
Germany,1808,38.4
Germany,1809,38.4
Germany,1810,38.4
Germany,1811,38.4
Germany,1812,38.4
Germany,1813,38.4
Germany,1814,38.4
Germany,1815,38.4
Germany,1816,38.4
Germany,1817,38.4
Germany,1818,38.4
Germany,1819,38.4
Germany,1820,38.4
Germany,1821,38.4
Germany,1822,38.4
Germany,1823,38.4
Germany,1824,38.4
Germany,1825,38.4
Germany,1826,38.4
Germany,1827,38.4
Germany,1828,38.4
Germany,1829,38.4
Germany,1830,38.4
Germany,1831,38.4
Germany,1832,38.4
Germany,1833,38.4
Germany,1834,38.4
Germany,1835,38.4
Germany,1836,38.4
Germany,1837,38.4
Germany,1838,38.4
Germany,1839,38.4
Germany,1840,38.4
Germany,1841,38.4
Germany,1842,38.4
Germany,1843,38.4
Germany,1844,38.4
Germany,1845,38.4
Germany,1846,38.4
Germany,1847,38.4
Germany,1848,38.4
Germany,1849,38.4
Germany,1850,38.4
Germany,1851,38.4
Germany,1852,38.4
Germany,1853,38.4
Germany,1854,38.4
Germany,1855,38.4
Germany,1856,38.4
Germany,1857,38.4
Germany,1858,38.4
Germany,1859,38.4
Germany,1860,38.4
Germany,1861,38.3
Germany,1862,38.3
Germany,1863,38.3
Germany,1864,38.3
Germany,1865,38.3
Germany,1866,38.3
Germany,1867,38.3
Germany,1868,38.3
Germany,1869,38.3
Germany,1870,38.3
Germany,1871,38.3
Germany,1872,38.3
Germany,1873,38.3
Germany,1874,38.3
Germany,1875,38.3
Germany,1876,38.4
Germany,1877,38.5
Germany,1878,38.6
Germany,1879,38.7
Germany,1880,38.8
Germany,1881,38.9
Germany,1882,39
Germany,1883,39.1
Germany,1884,39.3
Germany,1885,39.4
Germany,1886,39.6
Germany,1887,39.9
Germany,1888,40.2
Germany,1889,40.5
Germany,1890,40.8
Germany,1891,41.1
Germany,1892,41.4
Germany,1893,41.7
Germany,1894,42
Germany,1895,42.3
Germany,1896,42.6
Germany,1897,42.9
Germany,1898,43.2
Germany,1899,43.5
Germany,1900,43.8
Germany,1901,44.1
Germany,1902,44.4
Germany,1903,44.7
Germany,1904,45
Germany,1905,45.3
Germany,1906,45.9
Germany,1907,46.5
Germany,1908,47.1
Germany,1909,47.6
Germany,1910,48.2
Germany,1911,48.8
Germany,1912,49.4
Germany,1913,50
Germany,1914,46
Germany,1915,40.4
Germany,1916,38.8
Germany,1917,39.9
Germany,1918,32.8
Germany,1919,48.1
Germany,1920,53.3
Germany,1921,54.8
Germany,1922,55.4
Germany,1923,56
Germany,1924,56.6
Germany,1925,57.2
Germany,1926,57.6
Germany,1927,58
Germany,1928,58.4
Germany,1929,58.8
Germany,1930,59.2
Germany,1931,59.6
Germany,1932,60
Germany,1933,60.4
Germany,1934,60.8
Germany,1935,61.2
Germany,1936,61.5
Germany,1937,61.8
Germany,1938,62
Germany,1939,60.7
Germany,1940,60.3
Germany,1941,58.7
Germany,1942,54.7
Germany,1943,49.4
Germany,1944,36.8
Germany,1945,28.8
Germany,1946,60.2
Germany,1947,61.8
Germany,1948,63.3
Germany,1949,64.9
Germany,1950,66.5
Germany,1951,66.9
Germany,1952,67.3
Germany,1953,67.7
Germany,1954,68.1
Germany,1955,68.5
Germany,1956,68.9
Germany,1957,68.9
Germany,1958,69.3
Germany,1959,69.3
Germany,1960,69.4
Germany,1961,69.8
Germany,1962,70
Germany,1963,70.2
Germany,1964,70.5
Germany,1965,70.7
Germany,1966,70.8
Germany,1967,70.8
Germany,1968,70.5
Germany,1969,70.4
Germany,1970,70.6
Germany,1971,70.8
Germany,1972,71
Germany,1973,71.3
Germany,1974,71.6
Germany,1975,71.7
Germany,1976,72.1
Germany,1977,72.5
Germany,1978,72.7
Germany,1979,73
Germany,1980,73.3
Germany,1981,73.5
Germany,1982,73.8
Germany,1983,74.1
Germany,1984,74.6
Germany,1985,74.8
Germany,1986,75.1
Germany,1987,75.3
Germany,1988,75.5
Germany,1989,75.7
Germany,1990,75.7
Germany,1991,75.8
Germany,1992,76.2
Germany,1993,76.3
Germany,1994,76.6
Germany,1995,76.9
Germany,1996,77.1
Germany,1997,77.5
Germany,1998,77.8
Germany,1999,78.1
Germany,2000,78.4
Germany,2001,78.7
Germany,2002,78.8
Germany,2003,78.9
Germany,2004,79.3
Germany,2005,79.6
Germany,2006,79.9
Germany,2007,80
Germany,2008,80.2
Germany,2009,80.3
Germany,2010,80.5
Germany,2011,80.7
Germany,2012,80.8
Germany,2013,80.8
Germany,2014,81
Germany,2015,80.9
Germany,2016,81
Germany,2017,81.1
Germany,2018,81.2
Germany,2019,81.2
Germany,2020,80.8
Germany,2021,80.3
Germany,2022,80.6
Germany,2023,81.8
Germany,2024,82
Djibouti,1800,29.9
Djibouti,1801,29.9
Djibouti,1802,29.9
Djibouti,1803,29.9
Djibouti,1804,29.9
Djibouti,1805,29.9
Djibouti,1806,29.9
Djibouti,1807,29.9
Djibouti,1808,29.9
Djibouti,1809,29.9
Djibouti,1810,29.9
Djibouti,1811,29.9
Djibouti,1812,29.9
Djibouti,1813,29.9
Djibouti,1814,29.9
Djibouti,1815,29.9
Djibouti,1816,29.9
Djibouti,1817,29.9
Djibouti,1818,29.9
Djibouti,1819,29.9
Djibouti,1820,29.9
Djibouti,1821,29.9
Djibouti,1822,29.9
Djibouti,1823,29.9
Djibouti,1824,29.9
Djibouti,1825,29.9
Djibouti,1826,29.9
Djibouti,1827,29.9
Djibouti,1828,29.9
Djibouti,1829,29.9
Djibouti,1830,29.9
Djibouti,1831,29.9
Djibouti,1832,29.9
Djibouti,1833,29.9
Djibouti,1834,29.9
Djibouti,1835,29.9
Djibouti,1836,29.9
Djibouti,1837,29.9
Djibouti,1838,29.9
Djibouti,1839,29.9
Djibouti,1840,29.9
Djibouti,1841,29.9
Djibouti,1842,29.9
Djibouti,1843,29.9
Djibouti,1844,29.9
Djibouti,1845,29.9
Djibouti,1846,29.9
Djibouti,1847,29.9
Djibouti,1848,29.9
Djibouti,1849,29.9
Djibouti,1850,29.9
Djibouti,1851,30
Djibouti,1852,30.1
Djibouti,1853,30.2
Djibouti,1854,30.3
Djibouti,1855,30.4
Djibouti,1856,30.5
Djibouti,1857,30.6
Djibouti,1858,30.7
Djibouti,1859,30.8
Djibouti,1860,30.9
Djibouti,1861,31
Djibouti,1862,31.1
Djibouti,1863,31.2
Djibouti,1864,31.3
Djibouti,1865,31.4
Djibouti,1866,31.5
Djibouti,1867,31.6
Djibouti,1868,31.6
Djibouti,1869,31.8
Djibouti,1870,31.8
Djibouti,1871,31.9
Djibouti,1872,32
Djibouti,1873,32.1
Djibouti,1874,32.2
Djibouti,1875,32.3
Djibouti,1876,32.4
Djibouti,1877,32.5
Djibouti,1878,32.6
Djibouti,1879,32.7
Djibouti,1880,32.8
Djibouti,1881,32.9
Djibouti,1882,33
Djibouti,1883,33.1
Djibouti,1884,33.2
Djibouti,1885,33.3
Djibouti,1886,33.4
Djibouti,1887,33.5
Djibouti,1888,33.6
Djibouti,1889,33.7
Djibouti,1890,33.8
Djibouti,1891,33.9
Djibouti,1892,34
Djibouti,1893,34.1
Djibouti,1894,34.2
Djibouti,1895,34.3
Djibouti,1896,34.4
Djibouti,1897,34.5
Djibouti,1898,34.6
Djibouti,1899,34.7
Djibouti,1900,34.8
Djibouti,1901,34.9
Djibouti,1902,35
Djibouti,1903,35
Djibouti,1904,35.1
Djibouti,1905,35.3
Djibouti,1906,35.3
Djibouti,1907,35.4
Djibouti,1908,35.5
Djibouti,1909,35.6
Djibouti,1910,35.7
Djibouti,1911,35.8
Djibouti,1912,35.9
Djibouti,1913,36
Djibouti,1914,36.1
Djibouti,1915,36.2
Djibouti,1916,36.3
Djibouti,1917,36.4
Djibouti,1918,14.1
Djibouti,1919,36.6
Djibouti,1920,36.7
Djibouti,1921,36.8
Djibouti,1922,36.9
Djibouti,1923,37
Djibouti,1924,37.1
Djibouti,1925,37.2
Djibouti,1926,37.3
Djibouti,1927,37.4
Djibouti,1928,37.5
Djibouti,1929,37.6
Djibouti,1930,37.7
Djibouti,1931,37.8
Djibouti,1932,37.9
Djibouti,1933,38
Djibouti,1934,38.1
Djibouti,1935,38.2
Djibouti,1936,38.3
Djibouti,1937,38.4
Djibouti,1938,38.5
Djibouti,1939,38.5
Djibouti,1940,38.6
Djibouti,1941,38.9
Djibouti,1942,39.1
Djibouti,1943,39.3
Djibouti,1944,39.5
Djibouti,1945,39.7
Djibouti,1946,42.7
Djibouti,1947,45.6
Djibouti,1948,48.6
Djibouti,1949,51.6
Djibouti,1950,54.6
Djibouti,1951,54.7
Djibouti,1952,54.9
Djibouti,1953,55
Djibouti,1954,55.2
Djibouti,1955,55.3
Djibouti,1956,55.4
Djibouti,1957,55.6
Djibouti,1958,55.8
Djibouti,1959,55.9
Djibouti,1960,56.2
Djibouti,1961,56.5
Djibouti,1962,56.7
Djibouti,1963,57
Djibouti,1964,57.1
Djibouti,1965,57.3
Djibouti,1966,57.4
Djibouti,1967,57.6
Djibouti,1968,57.8
Djibouti,1969,58.1
Djibouti,1970,58.4
Djibouti,1971,58.2
Djibouti,1972,59.1
Djibouti,1973,59.6
Djibouti,1974,59.8
Djibouti,1975,60.1
Djibouti,1976,60.5
Djibouti,1977,60.7
Djibouti,1978,60.8
Djibouti,1979,60.3
Djibouti,1980,60.8
Djibouti,1981,60.6
Djibouti,1982,60.8
Djibouti,1983,60.7
Djibouti,1984,60.7
Djibouti,1985,60.6
Djibouti,1986,60.6
Djibouti,1987,60.6
Djibouti,1988,60.8
Djibouti,1989,60.8
Djibouti,1990,60.6
Djibouti,1991,60.3
Djibouti,1992,59
Djibouti,1993,60.2
Djibouti,1994,59.8
Djibouti,1995,60.5
Djibouti,1996,60.5
Djibouti,1997,60.4
Djibouti,1998,60.2
Djibouti,1999,60.3
Djibouti,2000,60.4
Djibouti,2001,60.5
Djibouti,2002,60.6
Djibouti,2003,60.9
Djibouti,2004,61
Djibouti,2005,61.4
Djibouti,2006,61.4
Djibouti,2007,62.1
Djibouti,2008,62.5
Djibouti,2009,62.9
Djibouti,2010,63.2
Djibouti,2011,63.6
Djibouti,2012,64.1
Djibouti,2013,64.5
Djibouti,2014,64.9
Djibouti,2015,65.3
Djibouti,2016,65.8
Djibouti,2017,66.2
Djibouti,2018,66.7
Djibouti,2019,66.8
Djibouti,2020,66.4
Djibouti,2021,66
Djibouti,2022,66.6
Djibouti,2023,67.5
Djibouti,2024,68.1
Dominica,1950,49.3
Dominica,1951,50.6
Dominica,1952,51.7
Dominica,1953,53
Dominica,1954,54.1
Dominica,1955,55.1
Dominica,1956,56.1
Dominica,1957,57.2
Dominica,1958,58.2
Dominica,1959,59.3
Dominica,1960,60.2
Dominica,1961,61.1
Dominica,1962,62.1
Dominica,1963,62.9
Dominica,1964,63.8
Dominica,1965,64.4
Dominica,1966,65
Dominica,1967,65.6
Dominica,1968,66.1
Dominica,1969,66.6
Dominica,1970,67.2
Dominica,1971,67.7
Dominica,1972,68.3
Dominica,1973,68.9
Dominica,1974,69.4
Dominica,1975,69.9
Dominica,1976,70.3
Dominica,1977,70.6
Dominica,1978,71.1
Dominica,1979,70.1
Dominica,1980,71.8
Dominica,1981,71.8
Dominica,1982,72.3
Dominica,1983,72.5
Dominica,1984,72.1
Dominica,1985,71.4
Dominica,1986,71.4
Dominica,1987,71.4
Dominica,1988,71.3
Dominica,1989,71.3
Dominica,1990,71.1
Dominica,1991,71.1
Dominica,1992,71.5
Dominica,1993,71.6
Dominica,1994,71.7
Dominica,1995,71.7
Dominica,1996,71.9
Dominica,1997,72.1
Dominica,1998,71.9
Dominica,1999,72.1
Dominica,2000,72.1
Dominica,2001,72.2
Dominica,2002,72.3
Dominica,2003,72.2
Dominica,2004,72.3
Dominica,2005,72.6
Dominica,2006,72.6
Dominica,2007,72.5
Dominica,2008,72.7
Dominica,2009,72.7
Dominica,2010,72.4
Dominica,2011,72.4
Dominica,2012,72.3
Dominica,2013,72.3
Dominica,2014,72.2
Dominica,2015,71.5
Dominica,2016,72.3
Dominica,2017,71.2
Dominica,2018,72.3
Dominica,2019,72.3
Dominica,2020,72.4
Dominica,2021,71.6
Dominica,2022,71.8
Dominica,2023,73
Dominica,2024,73.1
Denmark,1800,37.4
Denmark,1801,38.5
Denmark,1802,44.4
Denmark,1803,44.8
Denmark,1804,42.8
Denmark,1805,43
Denmark,1806,43.8
Denmark,1807,42.6
Denmark,1808,39.4
Denmark,1809,39.2
Denmark,1810,41.7
Denmark,1811,39.3
Denmark,1812,36
Denmark,1813,40.9
Denmark,1814,38.8
Denmark,1815,42.7
Denmark,1816,44.1
Denmark,1817,46.5
Denmark,1818,46.4
Denmark,1819,45.3
Denmark,1820,43.1
Denmark,1821,39
Denmark,1822,43.4
Denmark,1823,46.4
Denmark,1824,44.6
Denmark,1825,43.1
Denmark,1826,40.3
Denmark,1827,41.1
Denmark,1828,36.6
Denmark,1829,31
Denmark,1830,34.1
Denmark,1831,29.3
Denmark,1832,32.5
Denmark,1833,36.2
Denmark,1834,36.5
Denmark,1835,38.4
Denmark,1836,39.9
Denmark,1837,41.5
Denmark,1838,43.1
Denmark,1839,41.9
Denmark,1840,41.1
Denmark,1841,42.6
Denmark,1842,42.5
Denmark,1843,43.9
Denmark,1844,44
Denmark,1845,43.4
Denmark,1846,40.4
Denmark,1847,40.5
Denmark,1848,40.7
Denmark,1849,39.5
Denmark,1850,43.5
Denmark,1851,44.6
Denmark,1852,43.1
Denmark,1853,38.6
Denmark,1854,44.8
Denmark,1855,46.2
Denmark,1856,46.8
Denmark,1857,42.5
Denmark,1858,40
Denmark,1859,44.4
Denmark,1860,45.1
Denmark,1861,47.7
Denmark,1862,47.6
Denmark,1863,47.6
Denmark,1864,40.2
Denmark,1865,39.9
Denmark,1866,43
Denmark,1867,45
Denmark,1868,45.7
Denmark,1869,46.2
Denmark,1870,46.1
Denmark,1871,46.2
Denmark,1872,47.6
Denmark,1873,47.6
Denmark,1874,46.1
Denmark,1875,44.6
Denmark,1876,45.9
Denmark,1877,47.5
Denmark,1878,47.6
Denmark,1879,46.3
Denmark,1880,44.9
Denmark,1881,48.4
Denmark,1882,46.8
Denmark,1883,48.6
Denmark,1884,48.7
Denmark,1885,49.8
Denmark,1886,49.1
Denmark,1887,48.8
Denmark,1888,46.8
Denmark,1889,47.9
Denmark,1890,47.4
Denmark,1891,46.9
Denmark,1892,47.6
Denmark,1893,47.2
Denmark,1894,49.5
Denmark,1895,51
Denmark,1896,53.1
Denmark,1897,52
Denmark,1898,53.3
Denmark,1899,50.8
Denmark,1900,52.1
Denmark,1901,52.8
Denmark,1902,54.9
Denmark,1903,54.9
Denmark,1904,55.9
Denmark,1905,54.5
Denmark,1906,56.7
Denmark,1907,56.3
Denmark,1908,55.1
Denmark,1909,57.6
Denmark,1910,58.2
Denmark,1911,57.1
Denmark,1912,58.2
Denmark,1913,59.1
Denmark,1914,58.7
Denmark,1915,58.6
Denmark,1916,57.1
Denmark,1917,57.5
Denmark,1918,56.4
Denmark,1919,57.2
Denmark,1920,57.7
Denmark,1921,62
Denmark,1922,60.8
Denmark,1923,61.4
Denmark,1924,61.4
Denmark,1925,62.1
Denmark,1926,61.9
Denmark,1927,61.4
Denmark,1928,62.1
Denmark,1929,62.2
Denmark,1930,62.5
Denmark,1931,62.1
Denmark,1932,63
Denmark,1933,63.9
Denmark,1934,64.4
Denmark,1935,63.1
Denmark,1936,63.7
Denmark,1937,64.2
Denmark,1938,65.2
Denmark,1939,66.1
Denmark,1940,66.5
Denmark,1941,66.3
Denmark,1942,67.4
Denmark,1943,67.7
Denmark,1944,66.7
Denmark,1945,66.4
Denmark,1946,67.5
Denmark,1947,68.8
Denmark,1948,70.4
Denmark,1949,70.5
Denmark,1950,70.7
Denmark,1951,71
Denmark,1952,71.1
Denmark,1953,71.4
Denmark,1954,71.7
Denmark,1955,72.1
Denmark,1956,72.2
Denmark,1957,72.2
Denmark,1958,72.4
Denmark,1959,72.5
Denmark,1960,72.5
Denmark,1961,72.6
Denmark,1962,72.6
Denmark,1963,72.6
Denmark,1964,72.7
Denmark,1965,72.7
Denmark,1966,72.8
Denmark,1967,73.1
Denmark,1968,73.3
Denmark,1969,73.5
Denmark,1970,73.6
Denmark,1971,73.6
Denmark,1972,73.7
Denmark,1973,73.9
Denmark,1974,74.1
Denmark,1975,74.2
Denmark,1976,74.2
Denmark,1977,74.7
Denmark,1978,74.7
Denmark,1979,74.5
Denmark,1980,74.4
Denmark,1981,74.5
Denmark,1982,74.7
Denmark,1983,74.7
Denmark,1984,74.8
Denmark,1985,74.8
Denmark,1986,74.9
Denmark,1987,75
Denmark,1988,75.1
Denmark,1989,75.1
Denmark,1990,75.2
Denmark,1991,75.4
Denmark,1992,75.5
Denmark,1993,75.5
Denmark,1994,75.5
Denmark,1995,75.6
Denmark,1996,75.9
Denmark,1997,76.3
Denmark,1998,76.7
Denmark,1999,76.7
Denmark,2000,77.2
Denmark,2001,77.3
Denmark,2002,77.4
Denmark,2003,77.7
Denmark,2004,78
Denmark,2005,78.3
Denmark,2006,78.5
Denmark,2007,78.7
Denmark,2008,79
Denmark,2009,79.2
Denmark,2010,79.5
Denmark,2011,79.9
Denmark,2012,80.3
Denmark,2013,80.5
Denmark,2014,80.8
Denmark,2015,81
Denmark,2016,81
Denmark,2017,81.1
Denmark,2018,81.1
Denmark,2019,81.1
Denmark,2020,81.2
Denmark,2021,81.1
Denmark,2022,81.6
Denmark,2023,81.7
Denmark,2024,81.9
Dominican Republic,1800,29.9
Dominican Republic,1801,29.9
Dominican Republic,1802,29.9
Dominican Republic,1803,29.9
Dominican Republic,1804,29.9
Dominican Republic,1805,29.9
Dominican Republic,1806,29.9
Dominican Republic,1807,29.9
Dominican Republic,1808,29.9
Dominican Republic,1809,29.9
Dominican Republic,1810,29.9
Dominican Republic,1811,29.9
Dominican Republic,1812,29.9
Dominican Republic,1813,29.9
Dominican Republic,1814,29.9
Dominican Republic,1815,29.9
Dominican Republic,1816,29.9
Dominican Republic,1817,29.9
Dominican Republic,1818,29.9
Dominican Republic,1819,29.9
Dominican Republic,1820,29.9
Dominican Republic,1821,29.9
Dominican Republic,1822,29.9
Dominican Republic,1823,29.9
Dominican Republic,1824,29.9
Dominican Republic,1825,29.9
Dominican Republic,1826,29.9
Dominican Republic,1827,29.9
Dominican Republic,1828,29.9
Dominican Republic,1829,29.9
Dominican Republic,1830,29.9
Dominican Republic,1831,29.9
Dominican Republic,1832,29.9
Dominican Republic,1833,29.9
Dominican Republic,1834,29.9
Dominican Republic,1835,29.9
Dominican Republic,1836,29.9
Dominican Republic,1837,29.9
Dominican Republic,1838,29.9
Dominican Republic,1839,29.9
Dominican Republic,1840,29.9
Dominican Republic,1841,29.9
Dominican Republic,1842,29.9
Dominican Republic,1843,29.9
Dominican Republic,1844,29.9
Dominican Republic,1845,29.9
Dominican Republic,1846,29.9
Dominican Republic,1847,29.9
Dominican Republic,1848,29.9
Dominican Republic,1849,29.9
Dominican Republic,1850,29.9
Dominican Republic,1851,30
Dominican Republic,1852,30.1
Dominican Republic,1853,30.1
Dominican Republic,1854,30.2
Dominican Republic,1855,30.3
Dominican Republic,1856,30.3
Dominican Republic,1857,30.4
Dominican Republic,1858,30.5
Dominican Republic,1859,30.6
Dominican Republic,1860,30.6
Dominican Republic,1861,30.7
Dominican Republic,1862,30.8
Dominican Republic,1863,30.9
Dominican Republic,1864,30.9
Dominican Republic,1865,31
Dominican Republic,1866,31.1
Dominican Republic,1867,31.1
Dominican Republic,1868,31.2
Dominican Republic,1869,31.3
Dominican Republic,1870,31.4
Dominican Republic,1871,31.4
Dominican Republic,1872,31.5
Dominican Republic,1873,31.6
Dominican Republic,1874,31.7
Dominican Republic,1875,31.7
Dominican Republic,1876,31.8
Dominican Republic,1877,31.9
Dominican Republic,1878,32
Dominican Republic,1879,32
Dominican Republic,1880,32.1
Dominican Republic,1881,32.2
Dominican Republic,1882,32.3
Dominican Republic,1883,32.3
Dominican Republic,1884,32.4
Dominican Republic,1885,32.5
Dominican Republic,1886,32.5
Dominican Republic,1887,32.6
Dominican Republic,1888,32.7
Dominican Republic,1889,32.8
Dominican Republic,1890,32.9
Dominican Republic,1891,32.9
Dominican Republic,1892,33
Dominican Republic,1893,33.1
Dominican Republic,1894,33.1
Dominican Republic,1895,33.2
Dominican Republic,1896,33.3
Dominican Republic,1897,33.4
Dominican Republic,1898,33.4
Dominican Republic,1899,33.5
Dominican Republic,1900,33.6
Dominican Republic,1901,33.7
Dominican Republic,1902,33.7
Dominican Republic,1903,33.8
Dominican Republic,1904,33.9
Dominican Republic,1905,34
Dominican Republic,1906,34
Dominican Republic,1907,34.1
Dominican Republic,1908,34.2
Dominican Republic,1909,34.3
Dominican Republic,1910,34.3
Dominican Republic,1911,34.4
Dominican Republic,1912,34.5
Dominican Republic,1913,34.5
Dominican Republic,1914,34.6
Dominican Republic,1915,34.7
Dominican Republic,1916,34.8
Dominican Republic,1917,34.8
Dominican Republic,1918,22.6
Dominican Republic,1919,35
Dominican Republic,1920,35.1
Dominican Republic,1921,35.1
Dominican Republic,1922,35.2
Dominican Republic,1923,35.3
Dominican Republic,1924,35.4
Dominican Republic,1925,35.4
Dominican Republic,1926,35.5
Dominican Republic,1927,35.6
Dominican Republic,1928,35.6
Dominican Republic,1929,35.7
Dominican Republic,1930,35.8
Dominican Republic,1931,35.9
Dominican Republic,1932,35.9
Dominican Republic,1933,36
Dominican Republic,1934,36.1
Dominican Republic,1935,36.2
Dominican Republic,1936,37.4
Dominican Republic,1937,38.6
Dominican Republic,1938,39.9
Dominican Republic,1939,41.1
Dominican Republic,1940,42.4
Dominican Republic,1941,43.8
Dominican Republic,1942,45.1
Dominican Republic,1943,46.5
Dominican Republic,1944,47.9
Dominican Republic,1945,49.2
Dominican Republic,1946,50.6
Dominican Republic,1947,52
Dominican Republic,1948,53.4
Dominican Republic,1949,54.8
Dominican Republic,1950,56.2
Dominican Republic,1951,57.8
Dominican Republic,1952,58.7
Dominican Republic,1953,60
Dominican Republic,1954,60.8
Dominican Republic,1955,60.4
Dominican Republic,1956,60.6
Dominican Republic,1957,61
Dominican Republic,1958,62.1
Dominican Republic,1959,61.4
Dominican Republic,1960,61.9
Dominican Republic,1961,61.8
Dominican Republic,1962,63
Dominican Republic,1963,63.6
Dominican Republic,1964,64.3
Dominican Republic,1965,61.6
Dominican Republic,1966,64.4
Dominican Republic,1967,63.9
Dominican Republic,1968,63.8
Dominican Republic,1969,64.2
Dominican Republic,1970,64.9
Dominican Republic,1971,65.3
Dominican Republic,1972,65.7
Dominican Republic,1973,66.3
Dominican Republic,1974,66.8
Dominican Republic,1975,67.2
Dominican Republic,1976,67.6
Dominican Republic,1977,68.3
Dominican Republic,1978,69.1
Dominican Republic,1979,68.4
Dominican Republic,1980,69.3
Dominican Republic,1981,69.5
Dominican Republic,1982,69.7
Dominican Republic,1983,69.9
Dominican Republic,1984,70
Dominican Republic,1985,70.2
Dominican Republic,1986,70.7
Dominican Republic,1987,70.7
Dominican Republic,1988,71.1
Dominican Republic,1989,71.6
Dominican Republic,1990,72
Dominican Republic,1991,72.5
Dominican Republic,1992,73
Dominican Republic,1993,73.2
Dominican Republic,1994,73.6
Dominican Republic,1995,73.7
Dominican Republic,1996,73.5
Dominican Republic,1997,73.3
Dominican Republic,1998,73.2
Dominican Republic,1999,73.4
Dominican Republic,2000,73.7
Dominican Republic,2001,73.8
Dominican Republic,2002,73.9
Dominican Republic,2003,73.5
Dominican Republic,2004,72.6
Dominican Republic,2005,72.6
Dominican Republic,2006,72.7
Dominican Republic,2007,72.9
Dominican Republic,2008,73.3
Dominican Republic,2009,73.4
Dominican Republic,2010,73.5
Dominican Republic,2011,73.4
Dominican Republic,2012,72.9
Dominican Republic,2013,72.3
Dominican Republic,2014,72.2
Dominican Republic,2015,72
Dominican Republic,2016,72.1
Dominican Republic,2017,72.5
Dominican Republic,2018,72.9
Dominican Republic,2019,73.2
Dominican Republic,2020,72.5
Dominican Republic,2021,72.2
Dominican Republic,2022,73.8
Dominican Republic,2023,74
Dominican Republic,2024,74.2
Algeria,1800,28.8
Algeria,1801,28.8
Algeria,1802,28.8
Algeria,1803,28.8
Algeria,1804,28.8
Algeria,1805,28.8
Algeria,1806,28.8
Algeria,1807,28.8
Algeria,1808,28.8
Algeria,1809,28.8
Algeria,1810,28.8
Algeria,1811,28.8
Algeria,1812,28.8
Algeria,1813,28.8
Algeria,1814,28.8
Algeria,1815,28.8
Algeria,1816,28.8
Algeria,1817,28.8
Algeria,1818,28.8
Algeria,1819,28.8
Algeria,1820,28.8
Algeria,1821,28.8
Algeria,1822,28.8
Algeria,1823,28.8
Algeria,1824,28.8
Algeria,1825,28.8
Algeria,1826,28.8
Algeria,1827,28.8
Algeria,1828,28.8
Algeria,1829,28.8
Algeria,1830,28.8
Algeria,1831,28.8
Algeria,1832,28.8
Algeria,1833,28.8
Algeria,1834,28.8
Algeria,1835,28.8
Algeria,1836,28.8
Algeria,1837,28.8
Algeria,1838,28.8
Algeria,1839,28.8
Algeria,1840,28.8
Algeria,1841,28.8
Algeria,1842,28.8
Algeria,1843,28.8
Algeria,1844,28.8
Algeria,1845,28.8
Algeria,1846,28.8
Algeria,1847,28.8
Algeria,1848,28.8
Algeria,1849,20
Algeria,1850,15
Algeria,1851,22.1
Algeria,1852,29
Algeria,1853,29.1
Algeria,1854,29.1
Algeria,1855,29.2
Algeria,1856,29.3
Algeria,1857,29.4
Algeria,1858,29.5
Algeria,1859,29.6
Algeria,1860,29.6
Algeria,1861,29.7
Algeria,1862,29.8
Algeria,1863,29.9
Algeria,1864,30
Algeria,1865,30.1
Algeria,1866,30.1
Algeria,1867,22
Algeria,1868,11.6
Algeria,1869,15.8
Algeria,1870,23.3
Algeria,1871,30.6
Algeria,1872,30.6
Algeria,1873,30.7
Algeria,1874,30.8
Algeria,1875,30.9
Algeria,1876,31
Algeria,1877,31.1
Algeria,1878,31.1
Algeria,1879,31.2
Algeria,1880,31.3
Algeria,1881,31.4
Algeria,1882,31.5
Algeria,1883,31.6
Algeria,1884,31.6
Algeria,1885,31.7
Algeria,1886,31.8
Algeria,1887,31.9
Algeria,1888,32
Algeria,1889,32.1
Algeria,1890,32.1
Algeria,1891,32.2
Algeria,1892,32.3
Algeria,1893,32.4
Algeria,1894,32.5
Algeria,1895,32.6
Algeria,1896,32.6
Algeria,1897,32.7
Algeria,1898,32.8
Algeria,1899,32.9
Algeria,1900,33
Algeria,1901,33.1
Algeria,1902,33.3
Algeria,1903,34.4
Algeria,1904,27.9
Algeria,1905,30.9
Algeria,1906,32.6
Algeria,1907,32.5
Algeria,1908,32.5
Algeria,1909,34.2
Algeria,1910,36.1
Algeria,1911,35.9
Algeria,1912,37.5
Algeria,1913,35
Algeria,1914,34.5
Algeria,1915,34
Algeria,1916,33.7
Algeria,1917,33.8
Algeria,1918,26.4
Algeria,1919,33.9
Algeria,1920,33.1
Algeria,1921,33.1
Algeria,1922,32.9
Algeria,1923,35.9
Algeria,1924,37.6
Algeria,1925,38.5
Algeria,1926,37.8
Algeria,1927,32.4
Algeria,1928,36.5
Algeria,1929,36.8
Algeria,1930,38.3
Algeria,1931,36
Algeria,1932,37.6
Algeria,1933,39.1
Algeria,1934,38.4
Algeria,1935,40.6
Algeria,1936,42.1
Algeria,1937,39.9
Algeria,1938,39.3
Algeria,1939,41.9
Algeria,1940,42.5
Algeria,1941,40.6
Algeria,1942,40
Algeria,1943,34.7
Algeria,1944,41.1
Algeria,1945,38.7
Algeria,1946,41.4
Algeria,1947,45.4
Algeria,1948,49.2
Algeria,1949,52.1
Algeria,1950,55.1
Algeria,1951,55.6
Algeria,1952,56
Algeria,1953,56.4
Algeria,1954,52.4
Algeria,1955,53.1
Algeria,1956,53.5
Algeria,1957,53
Algeria,1958,52.8
Algeria,1959,52.6
Algeria,1960,52.4
Algeria,1961,51.5
Algeria,1962,51.5
Algeria,1963,55.8
Algeria,1964,56.7
Algeria,1965,56.8
Algeria,1966,56.2
Algeria,1967,56.1
Algeria,1968,56.1
Algeria,1969,56.1
Algeria,1970,56.2
Algeria,1971,56.2
Algeria,1972,56.3
Algeria,1973,56.5
Algeria,1974,56.7
Algeria,1975,56.9
Algeria,1976,57.1
Algeria,1977,57.8
Algeria,1978,58.2
Algeria,1979,58.8
Algeria,1980,58.7
Algeria,1981,59.9
Algeria,1982,60.8
Algeria,1983,62.3
Algeria,1984,63.3
Algeria,1985,64.7
Algeria,1986,65.5
Algeria,1987,66
Algeria,1988,66.6
Algeria,1989,67.1
Algeria,1990,67.5
Algeria,1991,67.9
Algeria,1992,68.3
Algeria,1993,68.6
Algeria,1994,68.7
Algeria,1995,69
Algeria,1996,69.6
Algeria,1997,69.7
Algeria,1998,70.2
Algeria,1999,70.7
Algeria,2000,71
Algeria,2001,71.3
Algeria,2002,71.8
Algeria,2003,72
Algeria,2004,72.6
Algeria,2005,72.9
Algeria,2006,73.3
Algeria,2007,73.6
Algeria,2008,73.9
Algeria,2009,74.2
Algeria,2010,74.5
Algeria,2011,74.7
Algeria,2012,74.9
Algeria,2013,75.1
Algeria,2014,75.3
Algeria,2015,75.4
Algeria,2016,75.7
Algeria,2017,75.9
Algeria,2018,76
Algeria,2019,76.2
Algeria,2020,74.2
Algeria,2021,76.1
Algeria,2022,76.8
Algeria,2023,77.1
Algeria,2024,77.3
Ecuador,1800,32.9
Ecuador,1801,32.9
Ecuador,1802,32.9
Ecuador,1803,32.9
Ecuador,1804,32.9
Ecuador,1805,32.9
Ecuador,1806,32.9
Ecuador,1807,32.9
Ecuador,1808,32.9
Ecuador,1809,32.9
Ecuador,1810,32.9
Ecuador,1811,32.9
Ecuador,1812,32.9
Ecuador,1813,32.9
Ecuador,1814,32.9
Ecuador,1815,32.9
Ecuador,1816,32.9
Ecuador,1817,32.9
Ecuador,1818,32.9
Ecuador,1819,32.9
Ecuador,1820,32.9
Ecuador,1821,32.9
Ecuador,1822,32.9
Ecuador,1823,32.9
Ecuador,1824,32.9
Ecuador,1825,32.9
Ecuador,1826,32.9
Ecuador,1827,32.9
Ecuador,1828,32.9
Ecuador,1829,32.9
Ecuador,1830,32.9
Ecuador,1831,32.9
Ecuador,1832,32.9
Ecuador,1833,32.9
Ecuador,1834,32.9
Ecuador,1835,32.9
Ecuador,1836,32.9
Ecuador,1837,32.9
Ecuador,1838,32.9
Ecuador,1839,32.9
Ecuador,1840,32.9
Ecuador,1841,32.9
Ecuador,1842,32.9
Ecuador,1843,32.9
Ecuador,1844,32.9
Ecuador,1845,32.9
Ecuador,1846,32.9
Ecuador,1847,32.9
Ecuador,1848,32.9
Ecuador,1849,32.9
Ecuador,1850,32.9
Ecuador,1851,32.9
Ecuador,1852,32.9
Ecuador,1853,33
Ecuador,1854,33
Ecuador,1855,33
Ecuador,1856,33
Ecuador,1857,33
Ecuador,1858,33
Ecuador,1859,33.1
Ecuador,1860,33.1
Ecuador,1861,33.1
Ecuador,1862,33.1
Ecuador,1863,33.1
Ecuador,1864,33.1
Ecuador,1865,33.2
Ecuador,1866,33.2
Ecuador,1867,33.2
Ecuador,1868,33.2
Ecuador,1869,33.2
Ecuador,1870,33.3
Ecuador,1871,33.3
Ecuador,1872,33.3
Ecuador,1873,33.3
Ecuador,1874,33.3
Ecuador,1875,33.3
Ecuador,1876,33.4
Ecuador,1877,33.4
Ecuador,1878,33.4
Ecuador,1879,33.4
Ecuador,1880,33.4
Ecuador,1881,33.4
Ecuador,1882,33.5
Ecuador,1883,33.5
Ecuador,1884,33.5
Ecuador,1885,33.5
Ecuador,1886,33.5
Ecuador,1887,33.5
Ecuador,1888,33.6
Ecuador,1889,33.6
Ecuador,1890,33.6
Ecuador,1891,33.6
Ecuador,1892,33.6
Ecuador,1893,33.6
Ecuador,1894,33.7
Ecuador,1895,33.7
Ecuador,1896,33.7
Ecuador,1897,33.7
Ecuador,1898,33.7
Ecuador,1899,33.8
Ecuador,1900,33.8
Ecuador,1901,33.8
Ecuador,1902,33.8
Ecuador,1903,33.8
Ecuador,1904,33.8
Ecuador,1905,33.9
Ecuador,1906,33.9
Ecuador,1907,33.9
Ecuador,1908,33.9
Ecuador,1909,33.9
Ecuador,1910,33.9
Ecuador,1911,34
Ecuador,1912,34
Ecuador,1913,34
Ecuador,1914,34
Ecuador,1915,34
Ecuador,1916,34
Ecuador,1917,34.1
Ecuador,1918,30.1
Ecuador,1919,34.1
Ecuador,1920,34.1
Ecuador,1921,34.1
Ecuador,1922,34.1
Ecuador,1923,34.2
Ecuador,1924,34.2
Ecuador,1925,34.2
Ecuador,1926,34.2
Ecuador,1927,34.2
Ecuador,1928,34.3
Ecuador,1929,34.3
Ecuador,1930,34.3
Ecuador,1931,34.3
Ecuador,1932,34.3
Ecuador,1933,34.3
Ecuador,1934,34.4
Ecuador,1935,34.4
Ecuador,1936,34.4
Ecuador,1937,34.4
Ecuador,1938,34.4
Ecuador,1939,34.5
Ecuador,1940,35.8
Ecuador,1941,37.3
Ecuador,1942,38.7
Ecuador,1943,40.1
Ecuador,1944,41.6
Ecuador,1945,43
Ecuador,1946,44.5
Ecuador,1947,45.9
Ecuador,1948,47.4
Ecuador,1949,48.8
Ecuador,1950,50.3
Ecuador,1951,50.9
Ecuador,1952,51.6
Ecuador,1953,52.3
Ecuador,1954,53.4
Ecuador,1955,53.9
Ecuador,1956,54.5
Ecuador,1957,54.7
Ecuador,1958,54.9
Ecuador,1959,55.9
Ecuador,1960,56.1
Ecuador,1961,57.2
Ecuador,1962,57.7
Ecuador,1963,58.2
Ecuador,1964,59.3
Ecuador,1965,59.8
Ecuador,1966,60
Ecuador,1967,60.4
Ecuador,1968,60.9
Ecuador,1969,60.8
Ecuador,1970,61.4
Ecuador,1971,62
Ecuador,1972,62.2
Ecuador,1973,62.5
Ecuador,1974,63.2
Ecuador,1975,64.1
Ecuador,1976,64.8
Ecuador,1977,65.7
Ecuador,1978,66
Ecuador,1979,66.7
Ecuador,1980,67
Ecuador,1981,67.9
Ecuador,1982,68.4
Ecuador,1983,68.3
Ecuador,1984,69.1
Ecuador,1985,69.9
Ecuador,1986,70.4
Ecuador,1987,69.1
Ecuador,1988,70.8
Ecuador,1989,71.5
Ecuador,1990,72
Ecuador,1991,71.5
Ecuador,1992,72.1
Ecuador,1993,72.5
Ecuador,1994,73.2
Ecuador,1995,73.6
Ecuador,1996,73.5
Ecuador,1997,74.2
Ecuador,1998,74.1
Ecuador,1999,74.2
Ecuador,2000,74.5
Ecuador,2001,75
Ecuador,2002,74.1
Ecuador,2003,73.9
Ecuador,2004,73.9
Ecuador,2005,73.6
Ecuador,2006,73.6
Ecuador,2007,73.7
Ecuador,2008,73.8
Ecuador,2009,74.1
Ecuador,2010,74.3
Ecuador,2011,74.9
Ecuador,2012,74.9
Ecuador,2013,75.2
Ecuador,2014,75.6
Ecuador,2015,75.9
Ecuador,2016,75.9
Ecuador,2017,76
Ecuador,2018,76.2
Ecuador,2019,76.4
Ecuador,2020,71.3
Ecuador,2021,72.8
Ecuador,2022,77
Ecuador,2023,77.2
Ecuador,2024,77.3
Egypt,1800,33
Egypt,1801,33
Egypt,1802,33
Egypt,1803,33
Egypt,1804,33
Egypt,1805,33
Egypt,1806,33
Egypt,1807,33
Egypt,1808,33
Egypt,1809,33
Egypt,1810,33
Egypt,1811,33
Egypt,1812,33
Egypt,1813,33
Egypt,1814,33
Egypt,1815,33
Egypt,1816,33
Egypt,1817,33
Egypt,1818,33
Egypt,1819,33
Egypt,1820,33
Egypt,1821,33
Egypt,1822,33
Egypt,1823,33
Egypt,1824,33
Egypt,1825,33
Egypt,1826,33
Egypt,1827,33
Egypt,1828,33
Egypt,1829,33
Egypt,1830,33
Egypt,1831,33
Egypt,1832,33
Egypt,1833,33
Egypt,1834,33
Egypt,1835,33
Egypt,1836,33
Egypt,1837,33
Egypt,1838,33
Egypt,1839,33
Egypt,1840,33
Egypt,1841,33
Egypt,1842,33
Egypt,1843,33
Egypt,1844,33
Egypt,1845,33
Egypt,1846,33
Egypt,1847,33
Egypt,1848,33
Egypt,1849,33
Egypt,1850,33
Egypt,1851,33
Egypt,1852,33
Egypt,1853,33.1
Egypt,1854,33.1
Egypt,1855,33.1
Egypt,1856,33.1
Egypt,1857,33.2
Egypt,1858,33.2
Egypt,1859,33.2
Egypt,1860,33.2
Egypt,1861,33.3
Egypt,1862,33.3
Egypt,1863,33.3
Egypt,1864,33.3
Egypt,1865,33.3
Egypt,1866,33.4
Egypt,1867,33.4
Egypt,1868,33.4
Egypt,1869,33.4
Egypt,1870,33.5
Egypt,1871,33.5
Egypt,1872,33.5
Egypt,1873,33.5
Egypt,1874,33.5
Egypt,1875,33.6
Egypt,1876,33.6
Egypt,1877,33.6
Egypt,1878,33.6
Egypt,1879,33.7
Egypt,1880,33.7
Egypt,1881,33.7
Egypt,1882,33.7
Egypt,1883,33.8
Egypt,1884,33.8
Egypt,1885,33.8
Egypt,1886,33.8
Egypt,1887,33.8
Egypt,1888,33.9
Egypt,1889,33.9
Egypt,1890,33.9
Egypt,1891,33.9
Egypt,1892,34
Egypt,1893,34
Egypt,1894,34
Egypt,1895,34
Egypt,1896,34
Egypt,1897,34.1
Egypt,1898,34.1
Egypt,1899,34.1
Egypt,1900,34.1
Egypt,1901,34.2
Egypt,1902,34.2
Egypt,1903,34.2
Egypt,1904,34.2
Egypt,1905,34.3
Egypt,1906,34.3
Egypt,1907,34.3
Egypt,1908,34.3
Egypt,1909,34.3
Egypt,1910,34.4
Egypt,1911,34.4
Egypt,1912,34.4
Egypt,1913,34.4
Egypt,1914,34.5
Egypt,1915,34.5
Egypt,1916,34.5
Egypt,1917,34.5
Egypt,1918,26.4
Egypt,1919,34.6
Egypt,1920,34.6
Egypt,1921,34.6
Egypt,1922,34.6
Egypt,1923,34.7
Egypt,1924,34.7
Egypt,1925,34.7
Egypt,1926,34.7
Egypt,1927,34.8
Egypt,1928,32.4
Egypt,1929,32.3
Egypt,1930,37.4
Egypt,1931,34.3
Egypt,1932,32.8
Egypt,1933,34.1
Egypt,1934,33.3
Egypt,1935,35.1
Egypt,1936,33.2
Egypt,1937,36.6
Egypt,1938,36.9
Egypt,1939,38.2
Egypt,1940,36.5
Egypt,1941,38
Egypt,1942,32.5
Egypt,1943,31.8
Egypt,1944,35.6
Egypt,1945,34.5
Egypt,1946,36.8
Egypt,1947,38.6
Egypt,1948,38.8
Egypt,1949,39.3
Egypt,1950,41.3
Egypt,1951,41.5
Egypt,1952,43.7
Egypt,1953,43.7
Egypt,1954,44.1
Egypt,1955,43.8
Egypt,1956,44.6
Egypt,1957,44.7
Egypt,1958,44.9
Egypt,1959,46.4
Egypt,1960,46.9
Egypt,1961,47.7
Egypt,1962,47.7
Egypt,1963,49
Egypt,1964,49.7
Egypt,1965,50.7
Egypt,1966,50.4
Egypt,1967,50.9
Egypt,1968,50.9
Egypt,1969,50.8
Egypt,1970,51.3
Egypt,1971,52.5
Egypt,1972,52.6
Egypt,1973,52.6
Egypt,1974,53.9
Egypt,1975,54.4
Egypt,1976,55
Egypt,1977,55.8
Egypt,1978,56.7
Egypt,1979,57.8
Egypt,1980,58.5
Egypt,1981,58.6
Egypt,1982,59.1
Egypt,1983,59.8
Egypt,1984,60.5
Egypt,1985,60.1
Egypt,1986,60.6
Egypt,1987,61.4
Egypt,1988,62.7
Egypt,1989,63.1
Egypt,1990,63.9
Egypt,1991,64.5
Egypt,1992,65.2
Egypt,1993,65.4
Egypt,1994,65.7
Egypt,1995,66.4
Egypt,1996,66.9
Egypt,1997,67.2
Egypt,1998,67.5
Egypt,1999,67.9
Egypt,2000,68.5
Egypt,2001,68.3
Egypt,2002,68.3
Egypt,2003,68.2
Egypt,2004,68.5
Egypt,2005,68.8
Egypt,2006,68.9
Egypt,2007,69.2
Egypt,2008,69.3
Egypt,2009,69.3
Egypt,2010,69.4
Egypt,2011,69.6
Egypt,2012,69.7
Egypt,2013,70.1
Egypt,2014,70.3
Egypt,2015,69.9
Egypt,2016,70.2
Egypt,2017,70.5
Egypt,2018,70.7
Egypt,2019,71
Egypt,2020,70.6
Egypt,2021,69.8
Egypt,2022,69.8
Egypt,2023,70.4
Egypt,2024,71.8
Eritrea,1800,30.2
Eritrea,1801,30.2
Eritrea,1802,30.2
Eritrea,1803,30.2
Eritrea,1804,30.2
Eritrea,1805,30.2
Eritrea,1806,30.2
Eritrea,1807,30.2
Eritrea,1808,30.2
Eritrea,1809,30.2
Eritrea,1810,30.2
Eritrea,1811,30.2
Eritrea,1812,30.2
Eritrea,1813,30.2
Eritrea,1814,30.2
Eritrea,1815,30.2
Eritrea,1816,30.2
Eritrea,1817,30.2
Eritrea,1818,30.2
Eritrea,1819,30.2
Eritrea,1820,30.2
Eritrea,1821,30.2
Eritrea,1822,30.2
Eritrea,1823,30.2
Eritrea,1824,30.2
Eritrea,1825,30.2
Eritrea,1826,30.2
Eritrea,1827,30.2
Eritrea,1828,30.2
Eritrea,1829,30.2
Eritrea,1830,30.2
Eritrea,1831,30.2
Eritrea,1832,30.2
Eritrea,1833,30.2
Eritrea,1834,30.2
Eritrea,1835,30.2
Eritrea,1836,30.2
Eritrea,1837,30.2
Eritrea,1838,30.2
Eritrea,1839,30.2
Eritrea,1840,30.2
Eritrea,1841,30.2
Eritrea,1842,30.2
Eritrea,1843,30.2
Eritrea,1844,30.2
Eritrea,1845,30.2
Eritrea,1846,30.2
Eritrea,1847,30.2
Eritrea,1848,30.2
Eritrea,1849,30.2
Eritrea,1850,30.2
Eritrea,1851,30.2
Eritrea,1852,30.3
Eritrea,1853,30.3
Eritrea,1854,30.3
Eritrea,1855,30.4
Eritrea,1856,30.4
Eritrea,1857,30.4
Eritrea,1858,30.4
Eritrea,1859,30.5
Eritrea,1860,30.5
Eritrea,1861,30.5
Eritrea,1862,30.6
Eritrea,1863,30.6
Eritrea,1864,30.6
Eritrea,1865,30.6
Eritrea,1866,30.7
Eritrea,1867,30.7
Eritrea,1868,30.7
Eritrea,1869,30.8
Eritrea,1870,30.8
Eritrea,1871,30.8
Eritrea,1872,30.8
Eritrea,1873,30.9
Eritrea,1874,30.9
Eritrea,1875,30.9
Eritrea,1876,31
Eritrea,1877,31
Eritrea,1878,31
Eritrea,1879,31.1
Eritrea,1880,31.1
Eritrea,1881,31.1
Eritrea,1882,31.1
Eritrea,1883,31.2
Eritrea,1884,31.2
Eritrea,1885,31.2
Eritrea,1886,31.3
Eritrea,1887,31.3
Eritrea,1888,31.3
Eritrea,1889,31.3
Eritrea,1890,31.4
Eritrea,1891,31.4
Eritrea,1892,31.4
Eritrea,1893,31.4
Eritrea,1894,31.5
Eritrea,1895,31.5
Eritrea,1896,31.5
Eritrea,1897,31.6
Eritrea,1898,31.6
Eritrea,1899,31.6
Eritrea,1900,31.7
Eritrea,1901,31.7
Eritrea,1902,31.7
Eritrea,1903,31.8
Eritrea,1904,31.8
Eritrea,1905,31.8
Eritrea,1906,31.8
Eritrea,1907,31.9
Eritrea,1908,31.9
Eritrea,1909,31.9
Eritrea,1910,31.9
Eritrea,1911,32
Eritrea,1912,32
Eritrea,1913,32
Eritrea,1914,32.1
Eritrea,1915,32.1
Eritrea,1916,32.1
Eritrea,1917,32.1
Eritrea,1918,12.4
Eritrea,1919,32.2
Eritrea,1920,32.2
Eritrea,1921,32.3
Eritrea,1922,32.3
Eritrea,1923,32.3
Eritrea,1924,32.4
Eritrea,1925,32.4
Eritrea,1926,32.4
Eritrea,1927,32.5
Eritrea,1928,32.5
Eritrea,1929,32.5
Eritrea,1930,32.5
Eritrea,1931,32.6
Eritrea,1932,32.6
Eritrea,1933,32.6
Eritrea,1934,32.6
Eritrea,1935,32.7
Eritrea,1936,32.7
Eritrea,1937,32.7
Eritrea,1938,32.8
Eritrea,1939,32.8
Eritrea,1940,32.8
Eritrea,1941,32.9
Eritrea,1942,33.1
Eritrea,1943,33.2
Eritrea,1944,33.3
Eritrea,1945,33.4
Eritrea,1946,34.7
Eritrea,1947,36
Eritrea,1948,37.2
Eritrea,1949,38.5
Eritrea,1950,39.8
Eritrea,1951,40
Eritrea,1952,40.1
Eritrea,1953,40.3
Eritrea,1954,40.6
Eritrea,1955,40.8
Eritrea,1956,41.1
Eritrea,1957,41.3
Eritrea,1958,41.5
Eritrea,1959,41.8
Eritrea,1960,42.1
Eritrea,1961,42.4
Eritrea,1962,42.7
Eritrea,1963,43
Eritrea,1964,38.6
Eritrea,1965,38.9
Eritrea,1966,39.3
Eritrea,1967,39.7
Eritrea,1968,40.1
Eritrea,1969,40.5
Eritrea,1970,40.9
Eritrea,1971,41.3
Eritrea,1972,41.8
Eritrea,1973,42.2
Eritrea,1974,40.2
Eritrea,1975,40.7
Eritrea,1976,41.1
Eritrea,1977,41.5
Eritrea,1978,41.9
Eritrea,1979,42.3
Eritrea,1980,42.7
Eritrea,1981,43.2
Eritrea,1982,43.6
Eritrea,1983,44
Eritrea,1984,44.3
Eritrea,1985,44.6
Eritrea,1986,45.1
Eritrea,1987,45.6
Eritrea,1988,46
Eritrea,1989,46.3
Eritrea,1990,46.2
Eritrea,1991,47
Eritrea,1992,52.7
Eritrea,1993,53.2
Eritrea,1994,53.6
Eritrea,1995,53.6
Eritrea,1996,54
Eritrea,1997,54.5
Eritrea,1998,54.5
Eritrea,1999,47.3
Eritrea,2000,54.8
Eritrea,2001,56.1
Eritrea,2002,56.6
Eritrea,2003,57
Eritrea,2004,57.4
Eritrea,2005,57.7
Eritrea,2006,58.3
Eritrea,2007,58.7
Eritrea,2008,59.1
Eritrea,2009,59.6
Eritrea,2010,60
Eritrea,2011,60.4
Eritrea,2012,60.9
Eritrea,2013,61.3
Eritrea,2014,61.8
Eritrea,2015,62.2
Eritrea,2016,62.6
Eritrea,2017,63
Eritrea,2018,63.4
Eritrea,2019,63.8
Eritrea,2020,63.6
Eritrea,2021,63.1
Eritrea,2022,63.1
Eritrea,2023,63.8
Eritrea,2024,65.2
Spain,1800,29.5
Spain,1801,29.5
Spain,1802,29.5
Spain,1803,29.5
Spain,1804,29.5
Spain,1805,29.5
Spain,1806,29.5
Spain,1807,29.5
Spain,1808,29.5
Spain,1809,29.5
Spain,1810,29.5
Spain,1811,29.5
Spain,1812,29.5
Spain,1813,29.5
Spain,1814,29.5
Spain,1815,29.5
Spain,1816,29.5
Spain,1817,29.5
Spain,1818,29.5
Spain,1819,29.5
Spain,1820,29.5
Spain,1821,29.5
Spain,1822,29.5
Spain,1823,29.5
Spain,1824,29.5
Spain,1825,29.5
Spain,1826,29.5
Spain,1827,29.5
Spain,1828,29.5
Spain,1829,29.5
Spain,1830,29.5
Spain,1831,29.5
Spain,1832,29.5
Spain,1833,29.5
Spain,1834,29.5
Spain,1835,29.5
Spain,1836,29.5
Spain,1837,29.5
Spain,1838,29.5
Spain,1839,29.5
Spain,1840,29.5
Spain,1841,29.5
Spain,1842,29.5
Spain,1843,29.5
Spain,1844,29.5
Spain,1845,29.5
Spain,1846,29.5
Spain,1847,29.5
Spain,1848,29.5
Spain,1849,29.5
Spain,1850,29.5
Spain,1851,29.5
Spain,1852,29.5
Spain,1853,29.5
Spain,1854,29.5
Spain,1855,29.5
Spain,1856,29.5
Spain,1857,29.5
Spain,1858,29.5
Spain,1859,29.5
Spain,1860,29.5
Spain,1861,29.5
Spain,1862,29.5
Spain,1863,29.5
Spain,1864,29.5
Spain,1865,29.5
Spain,1866,29.5
Spain,1867,29.5
Spain,1868,29.5
Spain,1869,29.5
Spain,1870,29.5
Spain,1871,29.5
Spain,1872,29.5
Spain,1873,29.5
Spain,1874,29.5
Spain,1875,29.5
Spain,1876,29.5
Spain,1877,29.5
Spain,1878,29.5
Spain,1879,29.5
Spain,1880,29.5
Spain,1881,29.5
Spain,1882,29.5
Spain,1883,29.8
Spain,1884,30
Spain,1885,30.3
Spain,1886,30.5
Spain,1887,30.8
Spain,1888,31.1
Spain,1889,31.3
Spain,1890,31.6
Spain,1891,31.8
Spain,1892,32.1
Spain,1893,32.4
Spain,1894,32.8
Spain,1895,33.1
Spain,1896,33.4
Spain,1897,33.8
Spain,1898,34.1
Spain,1899,34.5
Spain,1900,34.8
Spain,1901,35.6
Spain,1902,36.5
Spain,1903,37.3
Spain,1904,38.1
Spain,1905,38.9
Spain,1906,39.8
Spain,1907,40.6
Spain,1908,41.4
Spain,1909,41
Spain,1910,40.9
Spain,1911,39.8
Spain,1912,43.5
Spain,1913,42.5
Spain,1914,42.8
Spain,1915,43
Spain,1916,44
Spain,1917,42.6
Spain,1918,30.3
Spain,1919,41.1
Spain,1920,39.3
Spain,1921,42
Spain,1922,44.2
Spain,1923,44.7
Spain,1924,46.3
Spain,1925,46.9
Spain,1926,47.7
Spain,1927,48.5
Spain,1928,48.6
Spain,1929,49.5
Spain,1930,49.3
Spain,1931,49.2
Spain,1932,51.2
Spain,1933,51.6
Spain,1934,52.2
Spain,1935,52.7
Spain,1936,50.9
Spain,1937,47.2
Spain,1938,47.5
Spain,1939,47.1
Spain,1940,48.4
Spain,1941,47.1
Spain,1942,52.4
Spain,1943,54.8
Spain,1944,56.2
Spain,1945,57.8
Spain,1946,57.5
Spain,1947,59.3
Spain,1948,61.2
Spain,1949,61
Spain,1950,61.8
Spain,1951,62.2
Spain,1952,64.5
Spain,1953,65.7
Spain,1954,66.7
Spain,1955,66.7
Spain,1956,66.9
Spain,1957,67
Spain,1958,68.5
Spain,1959,68.8
Spain,1960,69.5
Spain,1961,69.7
Spain,1962,69.8
Spain,1963,70
Spain,1964,70.5
Spain,1965,70.9
Spain,1966,71.2
Spain,1967,71.4
Spain,1968,71.6
Spain,1969,71.5
Spain,1970,72
Spain,1971,72.1
Spain,1972,72.8
Spain,1973,72.9
Spain,1974,73.3
Spain,1975,73.6
Spain,1976,74
Spain,1977,74.3
Spain,1978,74.6
Spain,1979,75
Spain,1980,75.5
Spain,1981,75.8
Spain,1982,76.2
Spain,1983,76.2
Spain,1984,76.4
Spain,1985,76.5
Spain,1986,76.6
Spain,1987,76.8
Spain,1988,76.9
Spain,1989,76.9
Spain,1990,77
Spain,1991,77.1
Spain,1992,77.5
Spain,1993,77.7
Spain,1994,78
Spain,1995,78.1
Spain,1996,78.3
Spain,1997,78.8
Spain,1998,79
Spain,1999,79.1
Spain,2000,79.5
Spain,2001,79.8
Spain,2002,79.9
Spain,2003,80
Spain,2004,80.3
Spain,2005,80.6
Spain,2006,81
Spain,2007,81.2
Spain,2008,81.4
Spain,2009,81.8
Spain,2010,82.1
Spain,2011,82.3
Spain,2012,82.4
Spain,2013,82.7
Spain,2014,82.8
Spain,2015,82.8
Spain,2016,83
Spain,2017,83
Spain,2018,83.1
Spain,2019,83.1
Spain,2020,81.8
Spain,2021,82.6
Spain,2022,83.5
Spain,2023,83.6
Spain,2024,83.7
Estonia,1800,36.1
Estonia,1801,35.7
Estonia,1802,35.3
Estonia,1803,34.8
Estonia,1804,34.4
Estonia,1805,33.9
Estonia,1806,34.1
Estonia,1807,34.3
Estonia,1808,34.5
Estonia,1809,34.7
Estonia,1810,34.9
Estonia,1811,35.5
Estonia,1812,36.1
Estonia,1813,36.8
Estonia,1814,37.4
Estonia,1815,38
Estonia,1816,39.1
Estonia,1817,40.2
Estonia,1818,41.2
Estonia,1819,42.3
Estonia,1820,43.4
Estonia,1821,41.8
Estonia,1822,40.3
Estonia,1823,38.7
Estonia,1824,37.1
Estonia,1825,35.6
Estonia,1826,35.5
Estonia,1827,35.5
Estonia,1828,35.5
Estonia,1829,35.4
Estonia,1830,35.4
Estonia,1831,36
Estonia,1832,36.7
Estonia,1833,37.4
Estonia,1834,38
Estonia,1835,38.7
Estonia,1836,38.4
Estonia,1837,38
Estonia,1838,37.6
Estonia,1839,37.3
Estonia,1840,36.9
Estonia,1841,36.5
Estonia,1842,36.2
Estonia,1843,35.9
Estonia,1844,35.5
Estonia,1845,35.2
Estonia,1846,34.9
Estonia,1847,34.7
Estonia,1848,34.5
Estonia,1849,34.3
Estonia,1850,34
Estonia,1851,35.1
Estonia,1852,36.3
Estonia,1853,37.4
Estonia,1854,38.5
Estonia,1855,39.7
Estonia,1856,39.6
Estonia,1857,39.6
Estonia,1858,39.6
Estonia,1859,39.6
Estonia,1860,39.5
Estonia,1861,38
Estonia,1862,36.4
Estonia,1863,34.8
Estonia,1864,33.2
Estonia,1865,31.6
Estonia,1866,33.8
Estonia,1867,35.9
Estonia,1868,38.1
Estonia,1869,40.2
Estonia,1870,42.4
Estonia,1871,42.7
Estonia,1872,43
Estonia,1873,43.2
Estonia,1874,43.5
Estonia,1875,43.8
Estonia,1876,43.4
Estonia,1877,43
Estonia,1878,42.6
Estonia,1879,42.2
Estonia,1880,41.7
Estonia,1881,42
Estonia,1882,42.4
Estonia,1883,42.7
Estonia,1884,43
Estonia,1885,43.3
Estonia,1886,43.5
Estonia,1887,43.8
Estonia,1888,44.1
Estonia,1889,44.3
Estonia,1890,44.6
Estonia,1891,44.8
Estonia,1892,45
Estonia,1893,45.3
Estonia,1894,45.5
Estonia,1895,45.7
Estonia,1896,45.7
Estonia,1897,45.8
Estonia,1898,45.9
Estonia,1899,46
Estonia,1900,46.1
Estonia,1901,46.6
Estonia,1902,47.1
Estonia,1903,47.5
Estonia,1904,48
Estonia,1905,48.5
Estonia,1906,49
Estonia,1907,49.5
Estonia,1908,50
Estonia,1909,50.4
Estonia,1910,50.9
Estonia,1911,51.4
Estonia,1912,51.9
Estonia,1913,52.4
Estonia,1914,51.7
Estonia,1915,48.5
Estonia,1916,48.3
Estonia,1917,40.4
Estonia,1918,38.3
Estonia,1919,41.3
Estonia,1920,50.8
Estonia,1921,57.7
Estonia,1922,56.8
Estonia,1923,58.7
Estonia,1924,59.7
Estonia,1925,60.6
Estonia,1926,58
Estonia,1927,55.4
Estonia,1928,58.7
Estonia,1929,57.2
Estonia,1930,60.8
Estonia,1931,60
Estonia,1932,62.1
Estonia,1933,63.3
Estonia,1934,64.1
Estonia,1935,62.9
Estonia,1936,63.5
Estonia,1937,64.6
Estonia,1938,66.1
Estonia,1939,65.4
Estonia,1940,63.8
Estonia,1941,51.8
Estonia,1942,61.3
Estonia,1943,60.9
Estonia,1944,35
Estonia,1945,52.1
Estonia,1946,61.1
Estonia,1947,53.3
Estonia,1948,65.5
Estonia,1949,66.2
Estonia,1950,66.7
Estonia,1951,66.9
Estonia,1952,67.1
Estonia,1953,67.3
Estonia,1954,67.5
Estonia,1955,67.7
Estonia,1956,67.9
Estonia,1957,68.1
Estonia,1958,68.3
Estonia,1959,68.5
Estonia,1960,69.4
Estonia,1961,69.6
Estonia,1962,69.8
Estonia,1963,70
Estonia,1964,70.6
Estonia,1965,70.8
Estonia,1966,70.7
Estonia,1967,70.9
Estonia,1968,70.6
Estonia,1969,70.3
Estonia,1970,70.5
Estonia,1971,70.6
Estonia,1972,70.3
Estonia,1973,70.7
Estonia,1974,70.8
Estonia,1975,70.2
Estonia,1976,69.9
Estonia,1977,69.9
Estonia,1978,69.7
Estonia,1979,69.4
Estonia,1980,69.7
Estonia,1981,69.4
Estonia,1982,69.9
Estonia,1983,69.8
Estonia,1984,69.6
Estonia,1985,69.8
Estonia,1986,71
Estonia,1987,71.1
Estonia,1988,71
Estonia,1989,70.5
Estonia,1990,70
Estonia,1991,69.5
Estonia,1992,69.5
Estonia,1993,68.3
Estonia,1994,66.8
Estonia,1995,68
Estonia,1996,70
Estonia,1997,70.3
Estonia,1998,69.9
Estonia,1999,70.7
Estonia,2000,71
Estonia,2001,70.8
Estonia,2002,71.4
Estonia,2003,72.1
Estonia,2004,72.5
Estonia,2005,73
Estonia,2006,73.3
Estonia,2007,73.3
Estonia,2008,74.4
Estonia,2009,75.2
Estonia,2010,76.3
Estonia,2011,76.3
Estonia,2012,76.5
Estonia,2013,77.2
Estonia,2014,77.3
Estonia,2015,77.8
Estonia,2016,77.7
Estonia,2017,77.8
Estonia,2018,77.9
Estonia,2019,78
Estonia,2020,77.7
Estonia,2021,76.5
Estonia,2022,78.5
Estonia,2023,78.7
Estonia,2024,78.8
Ethiopia,1800,29.7
Ethiopia,1801,29.7
Ethiopia,1802,29.7
Ethiopia,1803,29.7
Ethiopia,1804,29.7
Ethiopia,1805,29.7
Ethiopia,1806,29.7
Ethiopia,1807,29.7
Ethiopia,1808,29.7
Ethiopia,1809,29.7
Ethiopia,1810,29.7
Ethiopia,1811,29.7
Ethiopia,1812,29.7
Ethiopia,1813,29.7
Ethiopia,1814,29.7
Ethiopia,1815,29.7
Ethiopia,1816,29.7
Ethiopia,1817,29.7
Ethiopia,1818,29.7
Ethiopia,1819,29.7
Ethiopia,1820,29.7
Ethiopia,1821,29.7
Ethiopia,1822,29.7
Ethiopia,1823,29.7
Ethiopia,1824,29.7
Ethiopia,1825,29.7
Ethiopia,1826,29.7
Ethiopia,1827,29.7
Ethiopia,1828,28
Ethiopia,1829,27
Ethiopia,1830,26
Ethiopia,1831,27
Ethiopia,1832,29.7
Ethiopia,1833,29.7
Ethiopia,1834,29.7
Ethiopia,1835,28
Ethiopia,1836,27
Ethiopia,1837,26
Ethiopia,1838,27
Ethiopia,1839,29.7
Ethiopia,1840,29.7
Ethiopia,1841,29.7
Ethiopia,1842,29.7
Ethiopia,1843,29.7
Ethiopia,1844,29.7
Ethiopia,1845,29.7
Ethiopia,1846,29.7
Ethiopia,1847,29.7
Ethiopia,1848,29.7
Ethiopia,1849,29.7
Ethiopia,1850,29.7
Ethiopia,1851,29.8
Ethiopia,1852,29.8
Ethiopia,1853,29.9
Ethiopia,1854,29.9
Ethiopia,1855,30
Ethiopia,1856,30
Ethiopia,1857,30.1
Ethiopia,1858,30.1
Ethiopia,1859,30.2
Ethiopia,1860,30.2
Ethiopia,1861,30.3
Ethiopia,1862,30.4
Ethiopia,1863,30.4
Ethiopia,1864,26.7
Ethiopia,1865,25.7
Ethiopia,1866,24.7
Ethiopia,1867,30.6
Ethiopia,1868,30.7
Ethiopia,1869,30.7
Ethiopia,1870,30.8
Ethiopia,1871,30.8
Ethiopia,1872,30.9
Ethiopia,1873,30.9
Ethiopia,1874,31
Ethiopia,1875,31.1
Ethiopia,1876,31.1
Ethiopia,1877,31.2
Ethiopia,1878,31.2
Ethiopia,1879,31.3
Ethiopia,1880,28.5
Ethiopia,1881,27.5
Ethiopia,1882,31.4
Ethiopia,1883,31.5
Ethiopia,1884,31.5
Ethiopia,1885,31.6
Ethiopia,1886,31.6
Ethiopia,1887,31.7
Ethiopia,1888,18.2
Ethiopia,1889,5.36
Ethiopia,1890,4.29
Ethiopia,1891,8.6
Ethiopia,1892,15.1
Ethiopia,1893,32
Ethiopia,1894,32.1
Ethiopia,1895,31.9
Ethiopia,1896,31.1
Ethiopia,1897,32.3
Ethiopia,1898,32.3
Ethiopia,1899,32.4
Ethiopia,1900,32.4
Ethiopia,1901,32.5
Ethiopia,1902,32.5
Ethiopia,1903,32.6
Ethiopia,1904,32.6
Ethiopia,1905,32.7
Ethiopia,1906,32.7
Ethiopia,1907,32.8
Ethiopia,1908,32.9
Ethiopia,1909,32.9
Ethiopia,1910,33
Ethiopia,1911,33
Ethiopia,1912,33.1
Ethiopia,1913,33.1
Ethiopia,1914,33.2
Ethiopia,1915,33.2
Ethiopia,1916,33.3
Ethiopia,1917,33.3
Ethiopia,1918,12.9
Ethiopia,1919,33.4
Ethiopia,1920,33.5
Ethiopia,1921,33.5
Ethiopia,1922,33.6
Ethiopia,1923,33.7
Ethiopia,1924,33.7
Ethiopia,1925,33.8
Ethiopia,1926,33.8
Ethiopia,1927,33.9
Ethiopia,1928,33.9
Ethiopia,1929,34
Ethiopia,1930,34
Ethiopia,1931,34.1
Ethiopia,1932,34.1
Ethiopia,1933,34.2
Ethiopia,1934,34.3
Ethiopia,1935,31.8
Ethiopia,1936,26.6
Ethiopia,1937,33.6
Ethiopia,1938,33.7
Ethiopia,1939,33.7
Ethiopia,1940,32.6
Ethiopia,1941,32.6
Ethiopia,1942,34.6
Ethiopia,1943,34.6
Ethiopia,1944,34.6
Ethiopia,1945,34.6
Ethiopia,1946,35.5
Ethiopia,1947,36.4
Ethiopia,1948,37.2
Ethiopia,1949,38.1
Ethiopia,1950,39
Ethiopia,1951,39.4
Ethiopia,1952,39.6
Ethiopia,1953,39.8
Ethiopia,1954,40
Ethiopia,1955,40.1
Ethiopia,1956,40.3
Ethiopia,1957,40.4
Ethiopia,1958,40.5
Ethiopia,1959,40.7
Ethiopia,1960,40.8
Ethiopia,1961,41
Ethiopia,1962,41.2
Ethiopia,1963,41.4
Ethiopia,1964,41.6
Ethiopia,1965,41.7
Ethiopia,1966,42
Ethiopia,1967,42.2
Ethiopia,1968,42.3
Ethiopia,1969,42.5
Ethiopia,1970,42.7
Ethiopia,1971,42.9
Ethiopia,1972,43.1
Ethiopia,1973,43.3
Ethiopia,1974,42.9
Ethiopia,1975,43.2
Ethiopia,1976,43.1
Ethiopia,1977,43.2
Ethiopia,1978,43.4
Ethiopia,1979,44.5
Ethiopia,1980,44.8
Ethiopia,1981,45
Ethiopia,1982,45.3
Ethiopia,1983,42.6
Ethiopia,1984,41.5
Ethiopia,1985,46.3
Ethiopia,1986,46.9
Ethiopia,1987,47.4
Ethiopia,1988,47.6
Ethiopia,1989,47.3
Ethiopia,1990,46.9
Ethiopia,1991,48.4
Ethiopia,1992,48.9
Ethiopia,1993,49.2
Ethiopia,1994,49.4
Ethiopia,1995,49.6
Ethiopia,1996,50.1
Ethiopia,1997,50.6
Ethiopia,1998,51.1
Ethiopia,1999,50.8
Ethiopia,2000,51.1
Ethiopia,2001,53.3
Ethiopia,2002,54.2
Ethiopia,2003,55
Ethiopia,2004,55.9
Ethiopia,2005,57
Ethiopia,2006,58.2
Ethiopia,2007,59.5
Ethiopia,2008,60.8
Ethiopia,2009,61.9
Ethiopia,2010,63
Ethiopia,2011,64
Ethiopia,2012,64.9
Ethiopia,2013,65.6
Ethiopia,2014,66.3
Ethiopia,2015,66.8
Ethiopia,2016,67.4
Ethiopia,2017,67.9
Ethiopia,2018,68.4
Ethiopia,2019,68.8
Ethiopia,2020,68.4
Ethiopia,2021,67.9
Ethiopia,2022,68.6
Ethiopia,2023,69.7
Ethiopia,2024,70.4
Finland,1800,36.6
Finland,1801,40.3
Finland,1802,39.2
Finland,1803,28.5
Finland,1804,35.9
Finland,1805,39.8
Finland,1806,38.8
Finland,1807,36.6
Finland,1808,12.5
Finland,1809,13.4
Finland,1810,37
Finland,1811,30.7
Finland,1812,37.6
Finland,1813,34.2
Finland,1814,35
Finland,1815,35.7
Finland,1816,38.7
Finland,1817,38.1
Finland,1818,37.2
Finland,1819,35
Finland,1820,37.3
Finland,1821,40.2
Finland,1822,34.9
Finland,1823,38.9
Finland,1824,35.8
Finland,1825,37.3
Finland,1826,38.1
Finland,1827,42.2
Finland,1828,40.6
Finland,1829,36.3
Finland,1830,36.3
Finland,1831,34
Finland,1832,28.9
Finland,1833,20.4
Finland,1834,38.9
Finland,1835,37.8
Finland,1836,30.8
Finland,1837,34.4
Finland,1838,40.1
Finland,1839,42.7
Finland,1840,41.5
Finland,1841,41
Finland,1842,41.8
Finland,1843,41.5
Finland,1844,42.2
Finland,1845,40.9
Finland,1846,38.6
Finland,1847,40.8
Finland,1848,40.2
Finland,1849,39.4
Finland,1850,37.4
Finland,1851,40.3
Finland,1852,32.9
Finland,1853,33.6
Finland,1854,38
Finland,1855,31.9
Finland,1856,30
Finland,1857,30.1
Finland,1858,33.8
Finland,1859,38.5
Finland,1860,38.2
Finland,1861,38
Finland,1862,34.1
Finland,1863,32.4
Finland,1864,39.7
Finland,1865,35.8
Finland,1866,28.8
Finland,1867,25.4
Finland,1868,8.12
Finland,1869,37.1
Finland,1870,45.7
Finland,1871,46.3
Finland,1872,44.1
Finland,1873,39.6
Finland,1874,39.1
Finland,1875,40.7
Finland,1876,41.9
Finland,1877,39
Finland,1878,39.2
Finland,1879,45
Finland,1880,39.7
Finland,1881,37.7
Finland,1882,40.5
Finland,1883,42.9
Finland,1884,42.9
Finland,1885,41.4
Finland,1886,41
Finland,1887,45.7
Finland,1888,45.2
Finland,1889,45
Finland,1890,44.7
Finland,1891,42.6
Finland,1892,39.8
Finland,1893,43.4
Finland,1894,45.3
Finland,1895,47.7
Finland,1896,46.6
Finland,1897,48.3
Finland,1898,48.2
Finland,1899,44.5
Finland,1900,41.9
Finland,1901,43
Finland,1902,46.3
Finland,1903,46.7
Finland,1904,47.3
Finland,1905,46.1
Finland,1906,47.2
Finland,1907,47.1
Finland,1908,46.3
Finland,1909,48.8
Finland,1910,48.6
Finland,1911,48.9
Finland,1912,49.3
Finland,1913,49.2
Finland,1914,49.9
Finland,1915,49.7
Finland,1916,48.2
Finland,1917,46.6
Finland,1918,32.8
Finland,1919,43.2
Finland,1920,47.7
Finland,1921,52.6
Finland,1922,52.1
Finland,1923,52.7
Finland,1924,50.4
Finland,1925,53.6
Finland,1926,54
Finland,1927,52
Finland,1928,53.9
Finland,1929,51.4
Finland,1930,54.6
Finland,1931,55.1
Finland,1932,56
Finland,1933,55.6
Finland,1934,56.2
Finland,1935,57.5
Finland,1936,56.4
Finland,1937,57.3
Finland,1938,57.4
Finland,1939,54.9
Finland,1940,46.8
Finland,1941,46.7
Finland,1942,54.1
Finland,1943,56.5
Finland,1944,48.2
Finland,1945,57.4
Finland,1946,60.5
Finland,1947,60.8
Finland,1948,62.2
Finland,1949,62.1
Finland,1950,64.5
Finland,1951,65.8
Finland,1952,66.7
Finland,1953,66.9
Finland,1954,67.6
Finland,1955,67.7
Finland,1956,68.1
Finland,1957,67.9
Finland,1958,68.7
Finland,1959,69
Finland,1960,69.2
Finland,1961,69.2
Finland,1962,69.2
Finland,1963,69.4
Finland,1964,69.5
Finland,1965,69.6
Finland,1966,69.9
Finland,1967,70
Finland,1968,70.1
Finland,1969,70.1
Finland,1970,70.7
Finland,1971,70.9
Finland,1972,71.3
Finland,1973,71.7
Finland,1974,71.7
Finland,1975,72.2
Finland,1976,72.4
Finland,1977,72.8
Finland,1978,73.3
Finland,1979,73.6
Finland,1980,74
Finland,1981,74.3
Finland,1982,74.7
Finland,1983,74.8
Finland,1984,75
Finland,1985,74.9
Finland,1986,75
Finland,1987,75.1
Finland,1988,75.1
Finland,1989,75.3
Finland,1990,75.4
Finland,1991,75.7
Finland,1992,76
Finland,1993,76.3
Finland,1994,76.8
Finland,1995,76.9
Finland,1996,77.2
Finland,1997,77.3
Finland,1998,77.6
Finland,1999,77.8
Finland,2000,78
Finland,2001,78.4
Finland,2002,78.6
Finland,2003,78.8
Finland,2004,79
Finland,2005,79.3
Finland,2006,79.6
Finland,2007,79.7
Finland,2008,80
Finland,2009,80.2
Finland,2010,80.4
Finland,2011,80.7
Finland,2012,80.9
Finland,2013,81.2
Finland,2014,81.4
Finland,2015,81.7
Finland,2016,81.8
Finland,2017,81.8
Finland,2018,81.8
Finland,2019,81.9
Finland,2020,81.9
Finland,2021,82
Finland,2022,82.3
Finland,2023,82.5
Finland,2024,82.7
Fiji,1800,26.1
Fiji,1801,26.1
Fiji,1802,26.1
Fiji,1803,26.1
Fiji,1804,26.1
Fiji,1805,26.1
Fiji,1806,26.1
Fiji,1807,26.1
Fiji,1808,26.1
Fiji,1809,26.1
Fiji,1810,26.1
Fiji,1811,26.1
Fiji,1812,26.1
Fiji,1813,26.1
Fiji,1814,26.1
Fiji,1815,26.1
Fiji,1816,26.1
Fiji,1817,26.1
Fiji,1818,26.1
Fiji,1819,26.1
Fiji,1820,26.1
Fiji,1821,26.1
Fiji,1822,26.1
Fiji,1823,26.1
Fiji,1824,26.1
Fiji,1825,26.1
Fiji,1826,26.1
Fiji,1827,26.1
Fiji,1828,26.1
Fiji,1829,26.1
Fiji,1830,26.1
Fiji,1831,26.1
Fiji,1832,26.1
Fiji,1833,26.1
Fiji,1834,26.1
Fiji,1835,26.1
Fiji,1836,26.1
Fiji,1837,26.1
Fiji,1838,26.1
Fiji,1839,26.1
Fiji,1840,26.1
Fiji,1841,26.1
Fiji,1842,26.1
Fiji,1843,26.1
Fiji,1844,26.1
Fiji,1845,26.1
Fiji,1846,26.1
Fiji,1847,26.1
Fiji,1848,26.1
Fiji,1849,26.1
Fiji,1850,26.1
Fiji,1851,26.1
Fiji,1852,26.2
Fiji,1853,26.2
Fiji,1854,26.3
Fiji,1855,26.3
Fiji,1856,26.4
Fiji,1857,26.4
Fiji,1858,26.4
Fiji,1859,26.5
Fiji,1860,26.5
Fiji,1861,26.6
Fiji,1862,26.6
Fiji,1863,26.6
Fiji,1864,26.7
Fiji,1865,26.7
Fiji,1866,26.8
Fiji,1867,26.8
Fiji,1868,26.9
Fiji,1869,26.9
Fiji,1870,26.9
Fiji,1871,27
Fiji,1872,27
Fiji,1873,27.1
Fiji,1874,27.1
Fiji,1875,1.04
Fiji,1876,27.2
Fiji,1877,27.2
Fiji,1878,27.3
Fiji,1879,27.3
Fiji,1880,27.4
Fiji,1881,27.4
Fiji,1882,27.4
Fiji,1883,27.5
Fiji,1884,27.5
Fiji,1885,27.6
Fiji,1886,27.6
Fiji,1887,27.7
Fiji,1888,27.7
Fiji,1889,27.7
Fiji,1890,27.8
Fiji,1891,27.8
Fiji,1892,27.9
Fiji,1893,27.9
Fiji,1894,27.9
Fiji,1895,28
Fiji,1896,28
Fiji,1897,28.1
Fiji,1898,28.1
Fiji,1899,28.2
Fiji,1900,28.2
Fiji,1901,28.3
Fiji,1902,28.3
Fiji,1903,28.3
Fiji,1904,28.4
Fiji,1905,28.4
Fiji,1906,28.5
Fiji,1907,28.5
Fiji,1908,28.5
Fiji,1909,28.6
Fiji,1910,28.6
Fiji,1911,28.7
Fiji,1912,28.7
Fiji,1913,28.8
Fiji,1914,28.8
Fiji,1915,28.8
Fiji,1916,28.9
Fiji,1917,28.9
Fiji,1918,7.35
Fiji,1919,29
Fiji,1920,29.1
Fiji,1921,29.1
Fiji,1922,29.1
Fiji,1923,29.2
Fiji,1924,29.2
Fiji,1925,29.3
Fiji,1926,30.4
Fiji,1927,31.6
Fiji,1928,32.8
Fiji,1929,33.9
Fiji,1930,35.1
Fiji,1931,36.3
Fiji,1932,37.5
Fiji,1933,38.7
Fiji,1934,39.9
Fiji,1935,41
Fiji,1936,42.3
Fiji,1937,43.5
Fiji,1938,44.6
Fiji,1939,45.9
Fiji,1940,47.1
Fiji,1941,48.3
Fiji,1942,49.5
Fiji,1943,50.7
Fiji,1944,51.9
Fiji,1945,53.1
Fiji,1946,54.4
Fiji,1947,55.6
Fiji,1948,56.8
Fiji,1949,58
Fiji,1950,59.3
Fiji,1951,59.9
Fiji,1952,60
Fiji,1953,61.3
Fiji,1954,62
Fiji,1955,63
Fiji,1956,64
Fiji,1957,64.2
Fiji,1958,64.6
Fiji,1959,64.5
Fiji,1960,64.6
Fiji,1961,64.8
Fiji,1962,64.8
Fiji,1963,65.1
Fiji,1964,65.4
Fiji,1965,65.6
Fiji,1966,65.5
Fiji,1967,65.5
Fiji,1968,65.3
Fiji,1969,65.3
Fiji,1970,65.2
Fiji,1971,64.7
Fiji,1972,65.1
Fiji,1973,65.1
Fiji,1974,65.4
Fiji,1975,65
Fiji,1976,66.5
Fiji,1977,67.7
Fiji,1978,67.3
Fiji,1979,67.8
Fiji,1980,66.5
Fiji,1981,65.7
Fiji,1982,66.2
Fiji,1983,66.5
Fiji,1984,67
Fiji,1985,66.1
Fiji,1986,65.8
Fiji,1987,66.1
Fiji,1988,66.2
Fiji,1989,66.2
Fiji,1990,66.3
Fiji,1991,66.3
Fiji,1992,66.4
Fiji,1993,66.2
Fiji,1994,66.2
Fiji,1995,66.1
Fiji,1996,66
Fiji,1997,65.9
Fiji,1998,66.5
Fiji,1999,65.9
Fiji,2000,65.8
Fiji,2001,66.2
Fiji,2002,66.6
Fiji,2003,66.5
Fiji,2004,67.1
Fiji,2005,67.1
Fiji,2006,67.1
Fiji,2007,67.1
Fiji,2008,67.1
Fiji,2009,67.5
Fiji,2010,67.6
Fiji,2011,67.7
Fiji,2012,67.7
Fiji,2013,67.9
Fiji,2014,68
Fiji,2015,68
Fiji,2016,68
Fiji,2017,68.2
Fiji,2018,68.3
Fiji,2019,68.4
Fiji,2020,68.4
Fiji,2021,67.6
Fiji,2022,68.8
Fiji,2023,68.9
Fiji,2024,69.1
France,1800,34
France,1801,36.4
France,1802,34.4
France,1803,30.6
France,1804,29.4
France,1805,34.9
France,1806,35
France,1807,34.2
France,1808,34.5
France,1809,35
France,1810,37.4
France,1811,36.1
France,1812,31.7
France,1813,31.2
France,1814,30.1
France,1815,36.5
France,1816,40
France,1817,39.2
France,1818,38.5
France,1819,37.3
France,1820,39.2
France,1821,39.8
France,1822,38.3
France,1823,40
France,1824,39.1
France,1825,38.5
France,1826,37.8
France,1827,39.4
France,1828,37.5
France,1829,39.4
France,1830,39.6
France,1831,39.6
France,1832,35.8
France,1833,38.8
France,1834,35
France,1835,39.5
France,1836,42
France,1837,39.4
France,1838,39.3
France,1839,40.9
France,1840,40.4
France,1841,40.7
France,1842,40
France,1843,40.8
France,1844,42.3
France,1845,43.6
France,1846,40.7
France,1847,40.4
France,1848,40.3
France,1849,35.9
France,1850,43.3
France,1851,41.8
France,1852,41.3
France,1853,42.5
France,1854,36.1
France,1855,37.6
France,1856,40.2
France,1857,39.6
France,1858,39.7
France,1859,35.3
France,1860,43.4
France,1861,40.5
France,1862,42.8
France,1863,41.8
France,1864,42.1
France,1865,40.2
France,1866,41.9
France,1867,42.4
France,1868,40.3
France,1869,41.2
France,1870,36.5
France,1871,29.7
France,1872,42.7
France,1873,41.9
France,1874,44.4
France,1875,43.3
France,1876,43.7
France,1877,44.5
France,1878,43.5
France,1879,44.1
France,1880,42.9
France,1881,43.7
France,1882,43.3
France,1883,43.4
France,1884,42.7
France,1885,44.1
France,1886,43.3
France,1887,43.9
France,1888,44.3
France,1889,45.8
France,1890,43.5
France,1891,44.3
France,1892,43.8
France,1893,43.8
France,1894,45.7
France,1895,45.4
France,1896,47.8
France,1897,48.2
France,1898,46.2
France,1899,45.5
France,1900,45.3
France,1901,47.3
France,1902,48.3
France,1903,48.7
France,1904,48.4
France,1905,48.6
France,1906,48
France,1907,48.6
France,1908,49.6
France,1909,50.3
France,1910,51.7
France,1911,48.5
France,1912,52
France,1913,51.7
France,1914,38.1
France,1915,35.9
France,1916,39.8
France,1917,42.9
France,1918,34.6
France,1919,47.9
France,1920,52
France,1921,53.1
France,1922,55.3
France,1923,55.1
France,1924,55.7
France,1925,54.8
France,1926,54.5
France,1927,56.3
France,1928,55.9
France,1929,54.7
France,1930,57.4
France,1931,57.4
France,1932,57.8
France,1933,58.2
France,1934,58.9
France,1935,58.8
France,1936,59.3
France,1937,59.7
France,1938,59.5
France,1939,60.2
France,1940,49.9
France,1941,58.2
France,1942,58
France,1943,53.9
France,1944,47.7
France,1945,55.5
France,1946,63
France,1947,64.7
France,1948,66.5
France,1949,65.6
France,1950,67.1
France,1951,66.7
France,1952,68.1
France,1953,68.5
France,1954,69
France,1955,69.3
France,1956,69.5
France,1957,69.9
France,1958,70.8
France,1959,71
France,1960,71.2
France,1961,71.3
France,1962,71.2
France,1963,71.2
France,1964,71.7
France,1965,71.8
France,1966,72
France,1967,72.1
France,1968,72.1
France,1969,72.1
France,1970,72.6
France,1971,72.7
France,1972,72.9
France,1973,73.2
France,1974,73.4
France,1975,73.3
France,1976,73.6
France,1977,74
France,1978,74.3
France,1979,74.5
France,1980,74.7
France,1981,74.9
France,1982,75.1
France,1983,75.3
France,1984,75.6
France,1985,75.8
France,1986,76
France,1987,76.5
France,1988,76.8
France,1989,77
France,1990,77.2
France,1991,77.4
France,1992,77.6
France,1993,77.8
France,1994,78
France,1995,78.2
France,1996,78.4
France,1997,78.7
France,1998,78.8
France,1999,78.9
France,2000,79.2
France,2001,79.3
France,2002,79.5
France,2003,79.7
France,2004,80.3
France,2005,80.6
France,2006,80.8
France,2007,81.1
France,2008,81.2
France,2009,81.4
France,2010,81.6
France,2011,81.8
France,2012,82
France,2013,82.3
France,2014,82.6
France,2015,82.5
France,2016,82.8
France,2017,82.9
France,2018,82.9
France,2019,82.9
France,2020,82.3
France,2021,82.6
France,2022,83.4
France,2023,83.5
France,2024,83.6
"Micronesia, Fed. Sts.",1800,26.7
"Micronesia, Fed. Sts.",1801,26.7
"Micronesia, Fed. Sts.",1802,26.7
"Micronesia, Fed. Sts.",1803,26.7
"Micronesia, Fed. Sts.",1804,26.7
"Micronesia, Fed. Sts.",1805,26.7
"Micronesia, Fed. Sts.",1806,26.7
"Micronesia, Fed. Sts.",1807,26.7
"Micronesia, Fed. Sts.",1808,26.7
"Micronesia, Fed. Sts.",1809,26.7
"Micronesia, Fed. Sts.",1810,26.7
"Micronesia, Fed. Sts.",1811,26.7
"Micronesia, Fed. Sts.",1812,26.7
"Micronesia, Fed. Sts.",1813,26.7
"Micronesia, Fed. Sts.",1814,26.7
"Micronesia, Fed. Sts.",1815,26.7
"Micronesia, Fed. Sts.",1816,26.7
"Micronesia, Fed. Sts.",1817,26.7
"Micronesia, Fed. Sts.",1818,26.7
"Micronesia, Fed. Sts.",1819,26.7
"Micronesia, Fed. Sts.",1820,26.7
"Micronesia, Fed. Sts.",1821,26.7
"Micronesia, Fed. Sts.",1822,26.7
"Micronesia, Fed. Sts.",1823,26.7
"Micronesia, Fed. Sts.",1824,26.7
"Micronesia, Fed. Sts.",1825,26.7
"Micronesia, Fed. Sts.",1826,26.7
"Micronesia, Fed. Sts.",1827,26.7
"Micronesia, Fed. Sts.",1828,26.7
"Micronesia, Fed. Sts.",1829,26.7
"Micronesia, Fed. Sts.",1830,26.7
"Micronesia, Fed. Sts.",1831,26.7
"Micronesia, Fed. Sts.",1832,26.7
"Micronesia, Fed. Sts.",1833,26.7
"Micronesia, Fed. Sts.",1834,26.7
"Micronesia, Fed. Sts.",1835,26.7
"Micronesia, Fed. Sts.",1836,26.7
"Micronesia, Fed. Sts.",1837,26.7
"Micronesia, Fed. Sts.",1838,26.7
"Micronesia, Fed. Sts.",1839,26.7
"Micronesia, Fed. Sts.",1840,26.7
"Micronesia, Fed. Sts.",1841,26.7
"Micronesia, Fed. Sts.",1842,26.7
"Micronesia, Fed. Sts.",1843,26.7
"Micronesia, Fed. Sts.",1844,26.7
"Micronesia, Fed. Sts.",1845,26.7
"Micronesia, Fed. Sts.",1846,26.7
"Micronesia, Fed. Sts.",1847,26.7
"Micronesia, Fed. Sts.",1848,26.7
"Micronesia, Fed. Sts.",1849,26.7
"Micronesia, Fed. Sts.",1850,26.7
"Micronesia, Fed. Sts.",1851,26.7
"Micronesia, Fed. Sts.",1852,26.7
"Micronesia, Fed. Sts.",1853,26.6
"Micronesia, Fed. Sts.",1854,26.6
"Micronesia, Fed. Sts.",1855,26.6
"Micronesia, Fed. Sts.",1856,26.6
"Micronesia, Fed. Sts.",1857,26.6
"Micronesia, Fed. Sts.",1858,26.6
"Micronesia, Fed. Sts.",1859,26.5
"Micronesia, Fed. Sts.",1860,26.5
"Micronesia, Fed. Sts.",1861,26.5
"Micronesia, Fed. Sts.",1862,26.5
"Micronesia, Fed. Sts.",1863,26.5
"Micronesia, Fed. Sts.",1864,26.4
"Micronesia, Fed. Sts.",1865,26.4
"Micronesia, Fed. Sts.",1866,26.4
"Micronesia, Fed. Sts.",1867,26.4
"Micronesia, Fed. Sts.",1868,26.4
"Micronesia, Fed. Sts.",1869,26.4
"Micronesia, Fed. Sts.",1870,26.4
"Micronesia, Fed. Sts.",1871,26.3
"Micronesia, Fed. Sts.",1872,26.3
"Micronesia, Fed. Sts.",1873,26.3
"Micronesia, Fed. Sts.",1874,26.3
"Micronesia, Fed. Sts.",1875,26.3
"Micronesia, Fed. Sts.",1876,26.2
"Micronesia, Fed. Sts.",1877,26.2
"Micronesia, Fed. Sts.",1878,26.2
"Micronesia, Fed. Sts.",1879,26.2
"Micronesia, Fed. Sts.",1880,26.2
"Micronesia, Fed. Sts.",1881,26.2
"Micronesia, Fed. Sts.",1882,26.1
"Micronesia, Fed. Sts.",1883,26.1
"Micronesia, Fed. Sts.",1884,26.1
"Micronesia, Fed. Sts.",1885,26.1
"Micronesia, Fed. Sts.",1886,26.1
"Micronesia, Fed. Sts.",1887,26.1
"Micronesia, Fed. Sts.",1888,26
"Micronesia, Fed. Sts.",1889,26
"Micronesia, Fed. Sts.",1890,26
"Micronesia, Fed. Sts.",1891,26
"Micronesia, Fed. Sts.",1892,26
"Micronesia, Fed. Sts.",1893,25.9
"Micronesia, Fed. Sts.",1894,25.9
"Micronesia, Fed. Sts.",1895,25.9
"Micronesia, Fed. Sts.",1896,25.9
"Micronesia, Fed. Sts.",1897,25.9
"Micronesia, Fed. Sts.",1898,25.9
"Micronesia, Fed. Sts.",1899,25.8
"Micronesia, Fed. Sts.",1900,25.8
"Micronesia, Fed. Sts.",1901,25.8
"Micronesia, Fed. Sts.",1902,25.8
"Micronesia, Fed. Sts.",1903,25.8
"Micronesia, Fed. Sts.",1904,25.8
"Micronesia, Fed. Sts.",1905,25.7
"Micronesia, Fed. Sts.",1906,25.7
"Micronesia, Fed. Sts.",1907,25.7
"Micronesia, Fed. Sts.",1908,25.7
"Micronesia, Fed. Sts.",1909,25.7
"Micronesia, Fed. Sts.",1910,25.6
"Micronesia, Fed. Sts.",1911,25.6
"Micronesia, Fed. Sts.",1912,25.6
"Micronesia, Fed. Sts.",1913,25.6
"Micronesia, Fed. Sts.",1914,25.6
"Micronesia, Fed. Sts.",1915,25.6
"Micronesia, Fed. Sts.",1916,25.5
"Micronesia, Fed. Sts.",1917,25.5
"Micronesia, Fed. Sts.",1918,8.28
"Micronesia, Fed. Sts.",1919,25.5
"Micronesia, Fed. Sts.",1920,25.5
"Micronesia, Fed. Sts.",1921,25.4
"Micronesia, Fed. Sts.",1922,25.4
"Micronesia, Fed. Sts.",1923,25.4
"Micronesia, Fed. Sts.",1924,25.4
"Micronesia, Fed. Sts.",1925,25.4
"Micronesia, Fed. Sts.",1926,26.4
"Micronesia, Fed. Sts.",1927,27.4
"Micronesia, Fed. Sts.",1928,28.4
"Micronesia, Fed. Sts.",1929,29.4
"Micronesia, Fed. Sts.",1930,30.4
"Micronesia, Fed. Sts.",1931,31.4
"Micronesia, Fed. Sts.",1932,32.4
"Micronesia, Fed. Sts.",1933,33.4
"Micronesia, Fed. Sts.",1934,34.4
"Micronesia, Fed. Sts.",1935,35.4
"Micronesia, Fed. Sts.",1936,36.4
"Micronesia, Fed. Sts.",1937,37.4
"Micronesia, Fed. Sts.",1938,38.4
"Micronesia, Fed. Sts.",1939,39.4
"Micronesia, Fed. Sts.",1940,40.4
"Micronesia, Fed. Sts.",1941,41.4
"Micronesia, Fed. Sts.",1942,40.3
"Micronesia, Fed. Sts.",1943,34.6
"Micronesia, Fed. Sts.",1944,26.1
"Micronesia, Fed. Sts.",1945,42
"Micronesia, Fed. Sts.",1946,44.8
"Micronesia, Fed. Sts.",1947,46.6
"Micronesia, Fed. Sts.",1948,48
"Micronesia, Fed. Sts.",1949,49
"Micronesia, Fed. Sts.",1950,49.9
"Micronesia, Fed. Sts.",1951,50.2
"Micronesia, Fed. Sts.",1952,50.5
"Micronesia, Fed. Sts.",1953,50.7
"Micronesia, Fed. Sts.",1954,51
"Micronesia, Fed. Sts.",1955,51.4
"Micronesia, Fed. Sts.",1956,51.7
"Micronesia, Fed. Sts.",1957,52
"Micronesia, Fed. Sts.",1958,52.3
"Micronesia, Fed. Sts.",1959,52.7
"Micronesia, Fed. Sts.",1960,53
"Micronesia, Fed. Sts.",1961,53.4
"Micronesia, Fed. Sts.",1962,53.7
"Micronesia, Fed. Sts.",1963,54.1
"Micronesia, Fed. Sts.",1964,54.5
"Micronesia, Fed. Sts.",1965,54.9
"Micronesia, Fed. Sts.",1966,55.2
"Micronesia, Fed. Sts.",1967,55.6
"Micronesia, Fed. Sts.",1968,55.9
"Micronesia, Fed. Sts.",1969,56.3
"Micronesia, Fed. Sts.",1970,56.6
"Micronesia, Fed. Sts.",1971,57
"Micronesia, Fed. Sts.",1972,57.3
"Micronesia, Fed. Sts.",1973,57.7
"Micronesia, Fed. Sts.",1974,58
"Micronesia, Fed. Sts.",1975,58.3
"Micronesia, Fed. Sts.",1976,58.6
"Micronesia, Fed. Sts.",1977,58.9
"Micronesia, Fed. Sts.",1978,59.3
"Micronesia, Fed. Sts.",1979,59.6
"Micronesia, Fed. Sts.",1980,59.7
"Micronesia, Fed. Sts.",1981,59.9
"Micronesia, Fed. Sts.",1982,59.7
"Micronesia, Fed. Sts.",1983,60.1
"Micronesia, Fed. Sts.",1984,60.4
"Micronesia, Fed. Sts.",1985,60.6
"Micronesia, Fed. Sts.",1986,60.7
"Micronesia, Fed. Sts.",1987,60.8
"Micronesia, Fed. Sts.",1988,61
"Micronesia, Fed. Sts.",1989,61.2
"Micronesia, Fed. Sts.",1990,61.3
"Micronesia, Fed. Sts.",1991,61.4
"Micronesia, Fed. Sts.",1992,61.5
"Micronesia, Fed. Sts.",1993,61.7
"Micronesia, Fed. Sts.",1994,61.8
"Micronesia, Fed. Sts.",1995,62
"Micronesia, Fed. Sts.",1996,62.2
"Micronesia, Fed. Sts.",1997,62.4
"Micronesia, Fed. Sts.",1998,62.5
"Micronesia, Fed. Sts.",1999,62.8
"Micronesia, Fed. Sts.",2000,62.6
"Micronesia, Fed. Sts.",2001,63.2
"Micronesia, Fed. Sts.",2002,62.5
"Micronesia, Fed. Sts.",2003,63.6
"Micronesia, Fed. Sts.",2004,63.7
"Micronesia, Fed. Sts.",2005,63.8
"Micronesia, Fed. Sts.",2006,63.8
"Micronesia, Fed. Sts.",2007,63.9
"Micronesia, Fed. Sts.",2008,64
"Micronesia, Fed. Sts.",2009,64
"Micronesia, Fed. Sts.",2010,64
"Micronesia, Fed. Sts.",2011,64.1
"Micronesia, Fed. Sts.",2012,64.2
"Micronesia, Fed. Sts.",2013,64.2
"Micronesia, Fed. Sts.",2014,64.2
"Micronesia, Fed. Sts.",2015,64
"Micronesia, Fed. Sts.",2016,64.1
"Micronesia, Fed. Sts.",2017,64.2
"Micronesia, Fed. Sts.",2018,64.1
"Micronesia, Fed. Sts.",2019,64.1
"Micronesia, Fed. Sts.",2020,63.8
"Micronesia, Fed. Sts.",2021,63.8
"Micronesia, Fed. Sts.",2022,64
"Micronesia, Fed. Sts.",2023,64.3
"Micronesia, Fed. Sts.",2024,64.9
Gabon,1800,30.6
Gabon,1801,30.6
Gabon,1802,30.6
Gabon,1803,30.6
Gabon,1804,30.6
Gabon,1805,30.6
Gabon,1806,30.6
Gabon,1807,30.6
Gabon,1808,30.6
Gabon,1809,30.6
Gabon,1810,30.6
Gabon,1811,30.6
Gabon,1812,30.6
Gabon,1813,30.6
Gabon,1814,30.6
Gabon,1815,30.6
Gabon,1816,30.6
Gabon,1817,30.6
Gabon,1818,30.6
Gabon,1819,30.6
Gabon,1820,30.6
Gabon,1821,30.6
Gabon,1822,30.6
Gabon,1823,30.6
Gabon,1824,30.6
Gabon,1825,30.6
Gabon,1826,30.6
Gabon,1827,30.6
Gabon,1828,30.6
Gabon,1829,30.6
Gabon,1830,30.6
Gabon,1831,30.6
Gabon,1832,30.6
Gabon,1833,30.6
Gabon,1834,30.6
Gabon,1835,30.6
Gabon,1836,30.6
Gabon,1837,30.6
Gabon,1838,30.6
Gabon,1839,30.6
Gabon,1840,30.6
Gabon,1841,30.6
Gabon,1842,30.6
Gabon,1843,30.6
Gabon,1844,30.6
Gabon,1845,30.6
Gabon,1846,30.6
Gabon,1847,30.6
Gabon,1848,30.6
Gabon,1849,30.6
Gabon,1850,30.6
Gabon,1851,30.7
Gabon,1852,30.8
Gabon,1853,30.9
Gabon,1854,31.1
Gabon,1855,31.2
Gabon,1856,31.3
Gabon,1857,31.4
Gabon,1858,31.5
Gabon,1859,31.6
Gabon,1860,31.7
Gabon,1861,31.8
Gabon,1862,31.9
Gabon,1863,32.1
Gabon,1864,32.2
Gabon,1865,32.3
Gabon,1866,32.4
Gabon,1867,32.5
Gabon,1868,32.6
Gabon,1869,32.7
Gabon,1870,32.9
Gabon,1871,33
Gabon,1872,33.1
Gabon,1873,33.2
Gabon,1874,33.3
Gabon,1875,33.4
Gabon,1876,33.5
Gabon,1877,33.6
Gabon,1878,33.7
Gabon,1879,33.9
Gabon,1880,34
Gabon,1881,34.1
Gabon,1882,34.2
Gabon,1883,34.3
Gabon,1884,34.4
Gabon,1885,34.5
Gabon,1886,34.6
Gabon,1887,34.8
Gabon,1888,34.9
Gabon,1889,35
Gabon,1890,35.1
Gabon,1891,35.2
Gabon,1892,35.3
Gabon,1893,35.4
Gabon,1894,35.5
Gabon,1895,35.6
Gabon,1896,35.8
Gabon,1897,35.9
Gabon,1898,36
Gabon,1899,36.1
Gabon,1900,36.2
Gabon,1901,36.3
Gabon,1902,36.4
Gabon,1903,36.5
Gabon,1904,36.7
Gabon,1905,36.8
Gabon,1906,36.9
Gabon,1907,37
Gabon,1908,37.1
Gabon,1909,37.2
Gabon,1910,37.3
Gabon,1911,37.5
Gabon,1912,37.6
Gabon,1913,37.7
Gabon,1914,37.8
Gabon,1915,37.9
Gabon,1916,38
Gabon,1917,38.1
Gabon,1918,14.8
Gabon,1919,38.4
Gabon,1920,38.5
Gabon,1921,38.6
Gabon,1922,38.7
Gabon,1923,38.8
Gabon,1924,38.9
Gabon,1925,39
Gabon,1926,39.1
Gabon,1927,39.3
Gabon,1928,39.4
Gabon,1929,39.5
Gabon,1930,39.6
Gabon,1931,39.7
Gabon,1932,39.8
Gabon,1933,39.9
Gabon,1934,40
Gabon,1935,40.1
Gabon,1936,40.3
Gabon,1937,40.4
Gabon,1938,40.5
Gabon,1939,40.6
Gabon,1940,40.7
Gabon,1941,40.8
Gabon,1942,40.8
Gabon,1943,40.9
Gabon,1944,41
Gabon,1945,41
Gabon,1946,42.5
Gabon,1947,44.1
Gabon,1948,45.6
Gabon,1949,47.1
Gabon,1950,48.6
Gabon,1951,48.7
Gabon,1952,48.7
Gabon,1953,48.8
Gabon,1954,48.8
Gabon,1955,48.9
Gabon,1956,49
Gabon,1957,49.2
Gabon,1958,49.4
Gabon,1959,49.7
Gabon,1960,50
Gabon,1961,50.3
Gabon,1962,50.6
Gabon,1963,51
Gabon,1964,51.2
Gabon,1965,51.7
Gabon,1966,52
Gabon,1967,52.3
Gabon,1968,52.5
Gabon,1969,52.9
Gabon,1970,53.2
Gabon,1971,53.5
Gabon,1972,53.9
Gabon,1973,54.3
Gabon,1974,54.9
Gabon,1975,55.6
Gabon,1976,56.4
Gabon,1977,56.9
Gabon,1978,57.2
Gabon,1979,57.6
Gabon,1980,58.1
Gabon,1981,58.5
Gabon,1982,58.7
Gabon,1983,59
Gabon,1984,59.4
Gabon,1985,59.8
Gabon,1986,60.3
Gabon,1987,60.5
Gabon,1988,60.5
Gabon,1989,60.5
Gabon,1990,60.5
Gabon,1991,60.6
Gabon,1992,60.9
Gabon,1993,60.7
Gabon,1994,60.6
Gabon,1995,60.4
Gabon,1996,60
Gabon,1997,60.2
Gabon,1998,60.1
Gabon,1999,59.8
Gabon,2000,59.6
Gabon,2001,59.5
Gabon,2002,59.8
Gabon,2003,59.8
Gabon,2004,60.2
Gabon,2005,61.1
Gabon,2006,61.7
Gabon,2007,62
Gabon,2008,62.2
Gabon,2009,62.7
Gabon,2010,63.3
Gabon,2011,63.7
Gabon,2012,64.5
Gabon,2013,65.3
Gabon,2014,65.9
Gabon,2015,66.3
Gabon,2016,66.6
Gabon,2017,67
Gabon,2018,67.5
Gabon,2019,67.8
Gabon,2020,67.7
Gabon,2021,67
Gabon,2022,66.9
Gabon,2023,67.4
Gabon,2024,68.5
UK,1800,38.6
UK,1801,37.4
UK,1802,38.6
UK,1803,37.3
UK,1804,41.4
UK,1805,42.3
UK,1806,43.2
UK,1807,40
UK,1808,40.4
UK,1809,41.7
UK,1810,38.4
UK,1811,39.9
UK,1812,41.8
UK,1813,43
UK,1814,40.2
UK,1815,41.1
UK,1816,39.9
UK,1817,41
UK,1818,39.9
UK,1819,40.5
UK,1820,41.3
UK,1821,41.8
UK,1822,41.4
UK,1823,40
UK,1824,39.2
UK,1825,39.9
UK,1826,39.8
UK,1827,41.1
UK,1828,42
UK,1829,41.6
UK,1830,43
UK,1831,40.8
UK,1832,40.2
UK,1833,41.4
UK,1834,40.8
UK,1835,41.1
UK,1836,41.4
UK,1837,40.2
UK,1838,40.3
UK,1839,40.9
UK,1840,39.9
UK,1841,41.7
UK,1842,41.4
UK,1843,41.9
UK,1844,41.5
UK,1845,42.6
UK,1846,40
UK,1847,38.3
UK,1848,39.5
UK,1849,37.4
UK,1850,42.8
UK,1851,41.4
UK,1852,40.9
UK,1853,40.6
UK,1854,39.3
UK,1855,41
UK,1856,43.3
UK,1857,41.9
UK,1858,40
UK,1859,40.9
UK,1860,43
UK,1861,42.4
UK,1862,42.5
UK,1863,40.4
UK,1864,40
UK,1865,40.7
UK,1866,40.4
UK,1867,42.6
UK,1868,42
UK,1869,41.7
UK,1870,41
UK,1871,41.3
UK,1872,42.9
UK,1873,43.8
UK,1874,42.2
UK,1875,41.9
UK,1876,43.7
UK,1877,44.7
UK,1878,43
UK,1879,44.3
UK,1880,43.8
UK,1881,46.2
UK,1882,44.9
UK,1883,45.1
UK,1884,44.8
UK,1885,45.8
UK,1886,45.4
UK,1887,45.7
UK,1888,46.9
UK,1889,46.4
UK,1890,44.8
UK,1891,44.4
UK,1892,45.6
UK,1893,44.9
UK,1894,48.4
UK,1895,45.8
UK,1896,47.5
UK,1897,47.3
UK,1898,47
UK,1899,46.2
UK,1900,46.4
UK,1901,48
UK,1902,49.2
UK,1903,50.5
UK,1904,49.2
UK,1905,51
UK,1906,50.7
UK,1907,51.5
UK,1908,51.9
UK,1909,52.6
UK,1910,54.1
UK,1911,51.6
UK,1912,54.7
UK,1913,53.9
UK,1914,52.1
UK,1915,48.3
UK,1916,47.8
UK,1917,45.7
UK,1918,40.5
UK,1919,54.2
UK,1920,56.7
UK,1921,58.5
UK,1922,57.3
UK,1923,59.5
UK,1924,58.3
UK,1925,58.6
UK,1926,59.8
UK,1927,59.2
UK,1928,60.1
UK,1929,57.9
UK,1930,61
UK,1931,60.3
UK,1932,60.8
UK,1933,60.8
UK,1934,61.6
UK,1935,62.2
UK,1936,62
UK,1937,62
UK,1938,63.5
UK,1939,63.9
UK,1940,61.1
UK,1941,61.5
UK,1942,64.2
UK,1943,64.2
UK,1944,65
UK,1945,66
UK,1946,66.7
UK,1947,66.6
UK,1948,68.7
UK,1949,68.4
UK,1950,68.9
UK,1951,68.8
UK,1952,69.5
UK,1953,70
UK,1954,70.3
UK,1955,70.5
UK,1956,70.6
UK,1957,70.8
UK,1958,71
UK,1959,71.1
UK,1960,71.2
UK,1961,71.1
UK,1962,71
UK,1963,71.1
UK,1964,71.5
UK,1965,71.7
UK,1966,71.7
UK,1967,72
UK,1968,71.9
UK,1969,71.9
UK,1970,72.1
UK,1971,72.2
UK,1972,72.2
UK,1973,72.3
UK,1974,72.5
UK,1975,72.8
UK,1976,72.9
UK,1977,73.2
UK,1978,73.3
UK,1979,73.4
UK,1980,73.8
UK,1981,74.1
UK,1982,74.2
UK,1983,74.5
UK,1984,74.8
UK,1985,74.8
UK,1986,75
UK,1987,75.3
UK,1988,75.4
UK,1989,75.6
UK,1990,75.8
UK,1991,76.1
UK,1992,76.3
UK,1993,76.4
UK,1994,76.7
UK,1995,76.8
UK,1996,77
UK,1997,77.3
UK,1998,77.5
UK,1999,77.6
UK,2000,78
UK,2001,78.3
UK,2002,78.5
UK,2003,78.6
UK,2004,79
UK,2005,79.3
UK,2006,79.5
UK,2007,79.8
UK,2008,80
UK,2009,80.3
UK,2010,80.6
UK,2011,80.8
UK,2012,80.9
UK,2013,81
UK,2014,81.1
UK,2015,81
UK,2016,81.1
UK,2017,81.2
UK,2018,81
UK,2019,81.1
UK,2020,79.8
UK,2021,80.1
UK,2022,81.5
UK,2023,81.7
UK,2024,81.8
Georgia,1800,31.9
Georgia,1801,31.9
Georgia,1802,31.9
Georgia,1803,31.9
Georgia,1804,31.9
Georgia,1805,31.9
Georgia,1806,31.9
Georgia,1807,31.9
Georgia,1808,31.9
Georgia,1809,31.9
Georgia,1810,31.9
Georgia,1811,31.9
Georgia,1812,31.9
Georgia,1813,31.9
Georgia,1814,31.9
Georgia,1815,31.9
Georgia,1816,31.9
Georgia,1817,31.9
Georgia,1818,31.9
Georgia,1819,31.9
Georgia,1820,31.9
Georgia,1821,31.9
Georgia,1822,31.9
Georgia,1823,31.9
Georgia,1824,31.9
Georgia,1825,31.9
Georgia,1826,31.9
Georgia,1827,31.9
Georgia,1828,31.9
Georgia,1829,31.9
Georgia,1830,31.9
Georgia,1831,31.9
Georgia,1832,31.9
Georgia,1833,31.9
Georgia,1834,31.9
Georgia,1835,31.9
Georgia,1836,31.9
Georgia,1837,31.9
Georgia,1838,31.9
Georgia,1839,31.9
Georgia,1840,31.9
Georgia,1841,31.9
Georgia,1842,31.9
Georgia,1843,31.9
Georgia,1844,31.9
Georgia,1845,31.9
Georgia,1846,31.9
Georgia,1847,31.9
Georgia,1848,31.9
Georgia,1849,31.9
Georgia,1850,31.9
Georgia,1851,31.8
Georgia,1852,31.8
Georgia,1853,31.7
Georgia,1854,31.6
Georgia,1855,31.6
Georgia,1856,31.5
Georgia,1857,31.5
Georgia,1858,31.4
Georgia,1859,31.4
Georgia,1860,31.3
Georgia,1861,31.3
Georgia,1862,31.2
Georgia,1863,31.2
Georgia,1864,30.6
Georgia,1865,30
Georgia,1866,29.5
Georgia,1867,28.9
Georgia,1868,28.4
Georgia,1869,28.4
Georgia,1870,28.3
Georgia,1871,28.3
Georgia,1872,28.3
Georgia,1873,28.3
Georgia,1874,28.5
Georgia,1875,28.6
Georgia,1876,28.7
Georgia,1877,28.9
Georgia,1878,29
Georgia,1879,29.2
Georgia,1880,29.3
Georgia,1881,29.4
Georgia,1882,29.6
Georgia,1883,29.7
Georgia,1884,29.8
Georgia,1885,30
Georgia,1886,30.1
Georgia,1887,30.2
Georgia,1888,30.4
Georgia,1889,30.5
Georgia,1890,30.6
Georgia,1891,30.8
Georgia,1892,30.9
Georgia,1893,31
Georgia,1894,31.1
Georgia,1895,31.3
Georgia,1896,31.4
Georgia,1897,31.5
Georgia,1898,31.3
Georgia,1899,31.1
Georgia,1900,30.9
Georgia,1901,31.1
Georgia,1902,31.2
Georgia,1903,31.4
Georgia,1904,31.6
Georgia,1905,31.7
Georgia,1906,31.9
Georgia,1907,32.1
Georgia,1908,32.2
Georgia,1909,32.4
Georgia,1910,32.6
Georgia,1911,35.1
Georgia,1912,35.5
Georgia,1913,33.5
Georgia,1914,33
Georgia,1915,32.6
Georgia,1916,32.5
Georgia,1917,29.8
Georgia,1918,22.1
Georgia,1919,30.9
Georgia,1920,32.6
Georgia,1921,29
Georgia,1922,31.1
Georgia,1923,31.5
Georgia,1924,30.6
Georgia,1925,34.3
Georgia,1926,37
Georgia,1927,36.4
Georgia,1928,37.6
Georgia,1929,36.5
Georgia,1930,35.8
Georgia,1931,34.9
Georgia,1932,32.7
Georgia,1933,20.6
Georgia,1934,37.5
Georgia,1935,38.8
Georgia,1936,40.2
Georgia,1937,39.2
Georgia,1938,40.6
Georgia,1939,42.5
Georgia,1940,40.4
Georgia,1941,28.1
Georgia,1942,25.1
Georgia,1943,23.4
Georgia,1944,29.4
Georgia,1945,37.7
Georgia,1946,45.7
Georgia,1947,38.9
Georgia,1948,45.5
Georgia,1949,47.8
Georgia,1950,49.6
Georgia,1951,50.4
Georgia,1952,51.4
Georgia,1953,52.3
Georgia,1954,53.3
Georgia,1955,54.3
Georgia,1956,55.4
Georgia,1957,56.4
Georgia,1958,57.3
Georgia,1959,58.3
Georgia,1960,59.3
Georgia,1961,60.1
Georgia,1962,61
Georgia,1963,61.6
Georgia,1964,62.3
Georgia,1965,63
Georgia,1966,63.6
Georgia,1967,64.1
Georgia,1968,64.6
Georgia,1969,65
Georgia,1970,65.4
Georgia,1971,65.7
Georgia,1972,65.9
Georgia,1973,66.2
Georgia,1974,66.5
Georgia,1975,66.7
Georgia,1976,67.1
Georgia,1977,67.4
Georgia,1978,67.7
Georgia,1979,68.1
Georgia,1980,68.5
Georgia,1981,68.8
Georgia,1982,69.1
Georgia,1983,69.1
Georgia,1984,69
Georgia,1985,69.1
Georgia,1986,69.1
Georgia,1987,68.9
Georgia,1988,68.7
Georgia,1989,68.5
Georgia,1990,68.5
Georgia,1991,68.4
Georgia,1992,67.9
Georgia,1993,67.8
Georgia,1994,68.8
Georgia,1995,70
Georgia,1996,70.9
Georgia,1997,70.9
Georgia,1998,70.6
Georgia,1999,70.7
Georgia,2000,70.7
Georgia,2001,70.8
Georgia,2002,70.4
Georgia,2003,70.6
Georgia,2004,70.7
Georgia,2005,71
Georgia,2006,71.5
Georgia,2007,72
Georgia,2008,71.5
Georgia,2009,71.7
Georgia,2010,71.9
Georgia,2011,72.2
Georgia,2012,72.5
Georgia,2013,72.9
Georgia,2014,73.2
Georgia,2015,73.3
Georgia,2016,73.1
Georgia,2017,73.2
Georgia,2018,73.3
Georgia,2019,73.4
Georgia,2020,72.7
Georgia,2021,71.6
Georgia,2022,71.5
Georgia,2023,72.4
Georgia,2024,74.3
Ghana,1800,28
Ghana,1801,28
Ghana,1802,28
Ghana,1803,28
Ghana,1804,28
Ghana,1805,28
Ghana,1806,28
Ghana,1807,28
Ghana,1808,28
Ghana,1809,28
Ghana,1810,28
Ghana,1811,28
Ghana,1812,28
Ghana,1813,28
Ghana,1814,28
Ghana,1815,28
Ghana,1816,28
Ghana,1817,28
Ghana,1818,28
Ghana,1819,28
Ghana,1820,28
Ghana,1821,28
Ghana,1822,28
Ghana,1823,28
Ghana,1824,28
Ghana,1825,28
Ghana,1826,28
Ghana,1827,28
Ghana,1828,28
Ghana,1829,28
Ghana,1830,28
Ghana,1831,28
Ghana,1832,28
Ghana,1833,28
Ghana,1834,28
Ghana,1835,28
Ghana,1836,28
Ghana,1837,28
Ghana,1838,28
Ghana,1839,28
Ghana,1840,28
Ghana,1841,28
Ghana,1842,28
Ghana,1843,28
Ghana,1844,28
Ghana,1845,28
Ghana,1846,28
Ghana,1847,28
Ghana,1848,28
Ghana,1849,28
Ghana,1850,28
Ghana,1851,28
Ghana,1852,28.1
Ghana,1853,28.1
Ghana,1854,28.2
Ghana,1855,28.2
Ghana,1856,28.2
Ghana,1857,28.3
Ghana,1858,28.3
Ghana,1859,28.4
Ghana,1860,28.4
Ghana,1861,28.4
Ghana,1862,28.5
Ghana,1863,28.5
Ghana,1864,28.6
Ghana,1865,28.6
Ghana,1866,28.6
Ghana,1867,28.7
Ghana,1868,28.7
Ghana,1869,28.7
Ghana,1870,28.8
Ghana,1871,28.8
Ghana,1872,28.9
Ghana,1873,28.9
Ghana,1874,28.9
Ghana,1875,29
Ghana,1876,29
Ghana,1877,29.1
Ghana,1878,29.1
Ghana,1879,29.1
Ghana,1880,29.2
Ghana,1881,29.2
Ghana,1882,29.3
Ghana,1883,29.3
Ghana,1884,29.3
Ghana,1885,29.4
Ghana,1886,29.4
Ghana,1887,29.4
Ghana,1888,29.5
Ghana,1889,29.5
Ghana,1890,29.6
Ghana,1891,29.6
Ghana,1892,29.6
Ghana,1893,29.7
Ghana,1894,29.7
Ghana,1895,29.8
Ghana,1896,29.8
Ghana,1897,29.8
Ghana,1898,29.9
Ghana,1899,29.9
Ghana,1900,29.9
Ghana,1901,30
Ghana,1902,30
Ghana,1903,30.1
Ghana,1904,30.1
Ghana,1905,30.1
Ghana,1906,30.2
Ghana,1907,30.2
Ghana,1908,30.3
Ghana,1909,30.3
Ghana,1910,30.3
Ghana,1911,30.4
Ghana,1912,30.4
Ghana,1913,30.5
Ghana,1914,30.5
Ghana,1915,30.5
Ghana,1916,30.6
Ghana,1917,30.6
Ghana,1918,10.3
Ghana,1919,30.7
Ghana,1920,30.7
Ghana,1921,30.8
Ghana,1922,30.8
Ghana,1923,30.9
Ghana,1924,30.9
Ghana,1925,30.9
Ghana,1926,31.5
Ghana,1927,32.2
Ghana,1928,32.8
Ghana,1929,33.4
Ghana,1930,34
Ghana,1931,34.7
Ghana,1932,35.3
Ghana,1933,35.9
Ghana,1934,36.5
Ghana,1935,37.2
Ghana,1936,37.8
Ghana,1937,38.5
Ghana,1938,39.1
Ghana,1939,39.7
Ghana,1940,40.4
Ghana,1941,41
Ghana,1942,41.7
Ghana,1943,42.4
Ghana,1944,43.1
Ghana,1945,43.7
Ghana,1946,44.4
Ghana,1947,45.1
Ghana,1948,45.8
Ghana,1949,46.5
Ghana,1950,47.1
Ghana,1951,47.3
Ghana,1952,47.4
Ghana,1953,47.7
Ghana,1954,48
Ghana,1955,48.3
Ghana,1956,49
Ghana,1957,49.5
Ghana,1958,50.1
Ghana,1959,50.6
Ghana,1960,51
Ghana,1961,51.5
Ghana,1962,52
Ghana,1963,52.4
Ghana,1964,52.7
Ghana,1965,53
Ghana,1966,53.2
Ghana,1967,53.5
Ghana,1968,53.8
Ghana,1969,54.1
Ghana,1970,54.5
Ghana,1971,54.8
Ghana,1972,55.2
Ghana,1973,55.5
Ghana,1974,56
Ghana,1975,56.3
Ghana,1976,56.5
Ghana,1977,56.8
Ghana,1978,57.2
Ghana,1979,57.4
Ghana,1980,57.5
Ghana,1981,57.7
Ghana,1982,57.7
Ghana,1983,57.8
Ghana,1984,57.9
Ghana,1985,58.2
Ghana,1986,58.5
Ghana,1987,58.7
Ghana,1988,58.9
Ghana,1989,59.2
Ghana,1990,59.4
Ghana,1991,59.6
Ghana,1992,59.7
Ghana,1993,59.9
Ghana,1994,59.6
Ghana,1995,59.9
Ghana,1996,59.8
Ghana,1997,59.5
Ghana,1998,59.7
Ghana,1999,59.7
Ghana,2000,59.6
Ghana,2001,59.5
Ghana,2002,59.5
Ghana,2003,59.6
Ghana,2004,59.8
Ghana,2005,60
Ghana,2006,60.3
Ghana,2007,60.5
Ghana,2008,61
Ghana,2009,61.3
Ghana,2010,61.8
Ghana,2011,62.4
Ghana,2012,63
Ghana,2013,63.5
Ghana,2014,63.9
Ghana,2015,64.2
Ghana,2016,64.7
Ghana,2017,65.1
Ghana,2018,65.8
Ghana,2019,66.3
Ghana,2020,65.7
Ghana,2021,65.3
Ghana,2022,65.5
Ghana,2023,66.1
Ghana,2024,67.2
Guinea,1800,29.5
Guinea,1801,29.5
Guinea,1802,29.5
Guinea,1803,29.5
Guinea,1804,29.5
Guinea,1805,29.6
Guinea,1806,29.6
Guinea,1807,29.6
Guinea,1808,29.6
Guinea,1809,29.6
Guinea,1810,29.6
Guinea,1811,29.6
Guinea,1812,29.6
Guinea,1813,29.6
Guinea,1814,29.6
Guinea,1815,29.7
Guinea,1816,29.7
Guinea,1817,29.7
Guinea,1818,29.7
Guinea,1819,29.7
Guinea,1820,29.7
Guinea,1821,29.7
Guinea,1822,29.7
Guinea,1823,29.7
Guinea,1824,29.8
Guinea,1825,29.8
Guinea,1826,29.8
Guinea,1827,29.8
Guinea,1828,29.8
Guinea,1829,29.8
Guinea,1830,29.8
Guinea,1831,29.8
Guinea,1832,29.8
Guinea,1833,29.8
Guinea,1834,29.9
Guinea,1835,29.9
Guinea,1836,29.9
Guinea,1837,29.9
Guinea,1838,29.9
Guinea,1839,29.9
Guinea,1840,29.9
Guinea,1841,29.9
Guinea,1842,29.9
Guinea,1843,29.9
Guinea,1844,30
Guinea,1845,30
Guinea,1846,30
Guinea,1847,30
Guinea,1848,30
Guinea,1849,30
Guinea,1850,30
Guinea,1851,30.1
Guinea,1852,30.1
Guinea,1853,30.2
Guinea,1854,30.3
Guinea,1855,30.3
Guinea,1856,30.4
Guinea,1857,30.4
Guinea,1858,30.5
Guinea,1859,30.6
Guinea,1860,30.6
Guinea,1861,30.7
Guinea,1862,30.7
Guinea,1863,30.8
Guinea,1864,30.9
Guinea,1865,30.9
Guinea,1866,31
Guinea,1867,31
Guinea,1868,31.1
Guinea,1869,31.1
Guinea,1870,31.2
Guinea,1871,31.3
Guinea,1872,31.3
Guinea,1873,31.4
Guinea,1874,31.5
Guinea,1875,31.5
Guinea,1876,31.6
Guinea,1877,31.6
Guinea,1878,31.7
Guinea,1879,31.8
Guinea,1880,31.8
Guinea,1881,31.9
Guinea,1882,31.9
Guinea,1883,32
Guinea,1884,32.1
Guinea,1885,32.1
Guinea,1886,32.2
Guinea,1887,32.3
Guinea,1888,32.3
Guinea,1889,32.4
Guinea,1890,32.4
Guinea,1891,32.5
Guinea,1892,32.5
Guinea,1893,32.6
Guinea,1894,32.7
Guinea,1895,32.7
Guinea,1896,32.8
Guinea,1897,32.9
Guinea,1898,32.9
Guinea,1899,33
Guinea,1900,33
Guinea,1901,33.1
Guinea,1902,33.2
Guinea,1903,33.2
Guinea,1904,33.3
Guinea,1905,33.4
Guinea,1906,33.4
Guinea,1907,33.5
Guinea,1908,33.5
Guinea,1909,33.6
Guinea,1910,33.7
Guinea,1911,33.7
Guinea,1912,33.8
Guinea,1913,33.9
Guinea,1914,33.9
Guinea,1915,34
Guinea,1916,34
Guinea,1917,34.1
Guinea,1918,13.2
Guinea,1919,34.2
Guinea,1920,34.3
Guinea,1921,34.3
Guinea,1922,34.4
Guinea,1923,34.5
Guinea,1924,34.5
Guinea,1925,34.6
Guinea,1926,34.6
Guinea,1927,34.7
Guinea,1928,34.8
Guinea,1929,34.8
Guinea,1930,34.9
Guinea,1931,35
Guinea,1932,35
Guinea,1933,35.1
Guinea,1934,35.2
Guinea,1935,35.2
Guinea,1936,35.3
Guinea,1937,35.3
Guinea,1938,35.4
Guinea,1939,35.5
Guinea,1940,35.5
Guinea,1941,35.6
Guinea,1942,35.8
Guinea,1943,35.9
Guinea,1944,36
Guinea,1945,36.1
Guinea,1946,36.5
Guinea,1947,37
Guinea,1948,37.5
Guinea,1949,37.9
Guinea,1950,38.4
Guinea,1951,38.5
Guinea,1952,38.8
Guinea,1953,39.1
Guinea,1954,39.4
Guinea,1955,39.7
Guinea,1956,40
Guinea,1957,40.2
Guinea,1958,40.5
Guinea,1959,40.8
Guinea,1960,41.1
Guinea,1961,41.5
Guinea,1962,41.8
Guinea,1963,42.1
Guinea,1964,42.4
Guinea,1965,42.8
Guinea,1966,43
Guinea,1967,43.3
Guinea,1968,43.5
Guinea,1969,43.7
Guinea,1970,43.9
Guinea,1971,44.1
Guinea,1972,44.4
Guinea,1973,44.6
Guinea,1974,44.9
Guinea,1975,45.1
Guinea,1976,45.5
Guinea,1977,45.9
Guinea,1978,46.4
Guinea,1979,46.9
Guinea,1980,47.3
Guinea,1981,47.7
Guinea,1982,48.1
Guinea,1983,48.4
Guinea,1984,49
Guinea,1985,49.6
Guinea,1986,50.1
Guinea,1987,50.5
Guinea,1988,51
Guinea,1989,51.4
Guinea,1990,51.9
Guinea,1991,52.4
Guinea,1992,52.6
Guinea,1993,53.1
Guinea,1994,53.3
Guinea,1995,53.5
Guinea,1996,54
Guinea,1997,54.2
Guinea,1998,54.3
Guinea,1999,54.4
Guinea,2000,54.3
Guinea,2001,54.7
Guinea,2002,55.1
Guinea,2003,55.4
Guinea,2004,55.7
Guinea,2005,56
Guinea,2006,56.3
Guinea,2007,56.5
Guinea,2008,56.9
Guinea,2009,57.1
Guinea,2010,57.6
Guinea,2011,57.9
Guinea,2012,58.2
Guinea,2013,58.4
Guinea,2014,57.9
Guinea,2015,58.5
Guinea,2016,59.3
Guinea,2017,59.9
Guinea,2018,60.6
Guinea,2019,61.2
Guinea,2020,60.8
Guinea,2021,60.4
Guinea,2022,60.5
Guinea,2023,61.1
Guinea,2024,62.3
Gambia,1800,28.8
Gambia,1801,28.8
Gambia,1802,28.8
Gambia,1803,28.8
Gambia,1804,28.8
Gambia,1805,28.8
Gambia,1806,28.8
Gambia,1807,28.8
Gambia,1808,28.8
Gambia,1809,28.8
Gambia,1810,28.8
Gambia,1811,28.8
Gambia,1812,28.8
Gambia,1813,28.8
Gambia,1814,28.8
Gambia,1815,28.8
Gambia,1816,28.8
Gambia,1817,28.8
Gambia,1818,28.8
Gambia,1819,28.8
Gambia,1820,28.8
Gambia,1821,28.8
Gambia,1822,28.8
Gambia,1823,28.8
Gambia,1824,28.8
Gambia,1825,28.8
Gambia,1826,28.8
Gambia,1827,28.8
Gambia,1828,28.8
Gambia,1829,28.8
Gambia,1830,28.8
Gambia,1831,28.8
Gambia,1832,28.8
Gambia,1833,28.8
Gambia,1834,28.8
Gambia,1835,28.8
Gambia,1836,28.8
Gambia,1837,28.8
Gambia,1838,28.8
Gambia,1839,28.8
Gambia,1840,28.8
Gambia,1841,28.8
Gambia,1842,28.8
Gambia,1843,28.8
Gambia,1844,28.8
Gambia,1845,28.8
Gambia,1846,28.8
Gambia,1847,28.8
Gambia,1848,28.8
Gambia,1849,28.8
Gambia,1850,28.8
Gambia,1851,29
Gambia,1852,29.2
Gambia,1853,29.4
Gambia,1854,29.5
Gambia,1855,29.7
Gambia,1856,29.9
Gambia,1857,30.1
Gambia,1858,30.3
Gambia,1859,30.5
Gambia,1860,30.6
Gambia,1861,30.8
Gambia,1862,31
Gambia,1863,31.2
Gambia,1864,31.4
Gambia,1865,31.6
Gambia,1866,31.8
Gambia,1867,31.9
Gambia,1868,32.1
Gambia,1869,32.3
Gambia,1870,32.5
Gambia,1871,32.7
Gambia,1872,32.9
Gambia,1873,33.1
Gambia,1874,33.3
Gambia,1875,33.4
Gambia,1876,33.6
Gambia,1877,33.8
Gambia,1878,34
Gambia,1879,34.2
Gambia,1880,34.4
Gambia,1881,34.5
Gambia,1882,34.7
Gambia,1883,34.9
Gambia,1884,35.1
Gambia,1885,35.3
Gambia,1886,35.5
Gambia,1887,35.7
Gambia,1888,35.9
Gambia,1889,36
Gambia,1890,36.2
Gambia,1891,36.4
Gambia,1892,36.6
Gambia,1893,36.8
Gambia,1894,37
Gambia,1895,37.1
Gambia,1896,37.3
Gambia,1897,37.5
Gambia,1898,37.7
Gambia,1899,37.9
Gambia,1900,38.1
Gambia,1901,38.3
Gambia,1902,38.4
Gambia,1903,38.6
Gambia,1904,38.8
Gambia,1905,39
Gambia,1906,39.2
Gambia,1907,39.4
Gambia,1908,39.5
Gambia,1909,39.7
Gambia,1910,39.9
Gambia,1911,40.1
Gambia,1912,40.3
Gambia,1913,40.5
Gambia,1914,40.7
Gambia,1915,40.9
Gambia,1916,41
Gambia,1917,41.2
Gambia,1918,16.4
Gambia,1919,41.6
Gambia,1920,41.8
Gambia,1921,42
Gambia,1922,42.1
Gambia,1923,42.3
Gambia,1924,42.5
Gambia,1925,42.7
Gambia,1926,42.9
Gambia,1927,43.1
Gambia,1928,43.3
Gambia,1929,43.5
Gambia,1930,43.6
Gambia,1931,43.8
Gambia,1932,44
Gambia,1933,44.2
Gambia,1934,44.4
Gambia,1935,44.6
Gambia,1936,44.8
Gambia,1937,44.9
Gambia,1938,45.1
Gambia,1939,45.3
Gambia,1940,45.5
Gambia,1941,46
Gambia,1942,46.5
Gambia,1943,46.9
Gambia,1944,47.4
Gambia,1945,47.9
Gambia,1946,48.7
Gambia,1947,49.5
Gambia,1948,50.2
Gambia,1949,51
Gambia,1950,51.8
Gambia,1951,52.1
Gambia,1952,52.3
Gambia,1953,52.5
Gambia,1954,52.7
Gambia,1955,52.8
Gambia,1956,53
Gambia,1957,53.1
Gambia,1958,53.3
Gambia,1959,53.6
Gambia,1960,53.9
Gambia,1961,54.1
Gambia,1962,54.4
Gambia,1963,54.6
Gambia,1964,54.9
Gambia,1965,55.2
Gambia,1966,55.6
Gambia,1967,56
Gambia,1968,56.2
Gambia,1969,56.5
Gambia,1970,56.6
Gambia,1971,56.7
Gambia,1972,56.7
Gambia,1973,56.8
Gambia,1974,56.9
Gambia,1975,57
Gambia,1976,57.1
Gambia,1977,57.3
Gambia,1978,57
Gambia,1979,57.9
Gambia,1980,58.2
Gambia,1981,56.5
Gambia,1982,58.9
Gambia,1983,59.2
Gambia,1984,59.4
Gambia,1985,59.6
Gambia,1986,59.9
Gambia,1987,60
Gambia,1988,60.3
Gambia,1989,60.4
Gambia,1990,60.6
Gambia,1991,60.8
Gambia,1992,60.8
Gambia,1993,61.2
Gambia,1994,61.3
Gambia,1995,61.4
Gambia,1996,61.4
Gambia,1997,61.1
Gambia,1998,61.5
Gambia,1999,61.5
Gambia,2000,61.6
Gambia,2001,61.7
Gambia,2002,61.7
Gambia,2003,61.8
Gambia,2004,62
Gambia,2005,62.2
Gambia,2006,62.4
Gambia,2007,62.6
Gambia,2008,62.9
Gambia,2009,63.3
Gambia,2010,63.7
Gambia,2011,64.2
Gambia,2012,64.5
Gambia,2013,64.8
Gambia,2014,65
Gambia,2015,65.4
Gambia,2016,65.7
Gambia,2017,66
Gambia,2018,66.4
Gambia,2019,66.7
Gambia,2020,65.5
Gambia,2021,65
Gambia,2022,65.8
Gambia,2023,67.1
Gambia,2024,67.9
Guinea-Bissau,1800,32
Guinea-Bissau,1801,32
Guinea-Bissau,1802,32
Guinea-Bissau,1803,32
Guinea-Bissau,1804,32
Guinea-Bissau,1805,32
Guinea-Bissau,1806,32
Guinea-Bissau,1807,32
Guinea-Bissau,1808,32
Guinea-Bissau,1809,32
Guinea-Bissau,1810,32
Guinea-Bissau,1811,32
Guinea-Bissau,1812,32
Guinea-Bissau,1813,32
Guinea-Bissau,1814,32
Guinea-Bissau,1815,32
Guinea-Bissau,1816,32
Guinea-Bissau,1817,32
Guinea-Bissau,1818,32
Guinea-Bissau,1819,32
Guinea-Bissau,1820,32
Guinea-Bissau,1821,32
Guinea-Bissau,1822,32
Guinea-Bissau,1823,32
Guinea-Bissau,1824,32
Guinea-Bissau,1825,32
Guinea-Bissau,1826,32
Guinea-Bissau,1827,32
Guinea-Bissau,1828,32
Guinea-Bissau,1829,32
Guinea-Bissau,1830,32
Guinea-Bissau,1831,32
Guinea-Bissau,1832,32
Guinea-Bissau,1833,32
Guinea-Bissau,1834,32
Guinea-Bissau,1835,32
Guinea-Bissau,1836,32
Guinea-Bissau,1837,32
Guinea-Bissau,1838,32
Guinea-Bissau,1839,32
Guinea-Bissau,1840,32
Guinea-Bissau,1841,32
Guinea-Bissau,1842,32
Guinea-Bissau,1843,32
Guinea-Bissau,1844,32
Guinea-Bissau,1845,32
Guinea-Bissau,1846,32
Guinea-Bissau,1847,32
Guinea-Bissau,1848,32
Guinea-Bissau,1849,32
Guinea-Bissau,1850,32
Guinea-Bissau,1851,31.9
Guinea-Bissau,1852,31.9
Guinea-Bissau,1853,31.9
Guinea-Bissau,1854,31.8
Guinea-Bissau,1855,31.8
Guinea-Bissau,1856,31.7
Guinea-Bissau,1857,31.7
Guinea-Bissau,1858,31.6
Guinea-Bissau,1859,31.6
Guinea-Bissau,1860,31.5
Guinea-Bissau,1861,31.5
Guinea-Bissau,1862,31.4
Guinea-Bissau,1863,31.4
Guinea-Bissau,1864,31.3
Guinea-Bissau,1865,31.3
Guinea-Bissau,1866,31.2
Guinea-Bissau,1867,31.2
Guinea-Bissau,1868,31.1
Guinea-Bissau,1869,31.1
Guinea-Bissau,1870,31
Guinea-Bissau,1871,31
Guinea-Bissau,1872,30.9
Guinea-Bissau,1873,30.9
Guinea-Bissau,1874,30.8
Guinea-Bissau,1875,30.8
Guinea-Bissau,1876,30.7
Guinea-Bissau,1877,30.7
Guinea-Bissau,1878,30.6
Guinea-Bissau,1879,30.6
Guinea-Bissau,1880,30.5
Guinea-Bissau,1881,30.5
Guinea-Bissau,1882,30.4
Guinea-Bissau,1883,30.4
Guinea-Bissau,1884,30.3
Guinea-Bissau,1885,30.3
Guinea-Bissau,1886,30.2
Guinea-Bissau,1887,30.2
Guinea-Bissau,1888,30.1
Guinea-Bissau,1889,30.1
Guinea-Bissau,1890,30.1
Guinea-Bissau,1891,30
Guinea-Bissau,1892,29.9
Guinea-Bissau,1893,29.9
Guinea-Bissau,1894,29.9
Guinea-Bissau,1895,29.8
Guinea-Bissau,1896,29.8
Guinea-Bissau,1897,29.7
Guinea-Bissau,1898,29.7
Guinea-Bissau,1899,29.6
Guinea-Bissau,1900,29.6
Guinea-Bissau,1901,29.5
Guinea-Bissau,1902,29.5
Guinea-Bissau,1903,29.4
Guinea-Bissau,1904,29.4
Guinea-Bissau,1905,29.3
Guinea-Bissau,1906,29.3
Guinea-Bissau,1907,29.2
Guinea-Bissau,1908,29.2
Guinea-Bissau,1909,29.1
Guinea-Bissau,1910,29.1
Guinea-Bissau,1911,29
Guinea-Bissau,1912,29
Guinea-Bissau,1913,28.9
Guinea-Bissau,1914,28.9
Guinea-Bissau,1915,28.8
Guinea-Bissau,1916,28.8
Guinea-Bissau,1917,28.7
Guinea-Bissau,1918,11.1
Guinea-Bissau,1919,28.6
Guinea-Bissau,1920,28.6
Guinea-Bissau,1921,28.5
Guinea-Bissau,1922,28.5
Guinea-Bissau,1923,28.4
Guinea-Bissau,1924,28.4
Guinea-Bissau,1925,28.3
Guinea-Bissau,1926,28.3
Guinea-Bissau,1927,28.2
Guinea-Bissau,1928,28.2
Guinea-Bissau,1929,28.1
Guinea-Bissau,1930,28.1
Guinea-Bissau,1931,28.3
Guinea-Bissau,1932,28.6
Guinea-Bissau,1933,28.8
Guinea-Bissau,1934,29.1
Guinea-Bissau,1935,29.3
Guinea-Bissau,1936,29.6
Guinea-Bissau,1937,29.8
Guinea-Bissau,1938,30.1
Guinea-Bissau,1939,30.3
Guinea-Bissau,1940,30.5
Guinea-Bissau,1941,30.8
Guinea-Bissau,1942,31.1
Guinea-Bissau,1943,31.4
Guinea-Bissau,1944,31.6
Guinea-Bissau,1945,31.9
Guinea-Bissau,1946,32.2
Guinea-Bissau,1947,32.5
Guinea-Bissau,1948,32.7
Guinea-Bissau,1949,33
Guinea-Bissau,1950,33.3
Guinea-Bissau,1951,33.6
Guinea-Bissau,1952,33.9
Guinea-Bissau,1953,34.3
Guinea-Bissau,1954,35
Guinea-Bissau,1955,35.3
Guinea-Bissau,1956,35.8
Guinea-Bissau,1957,36.2
Guinea-Bissau,1958,36.6
Guinea-Bissau,1959,37
Guinea-Bissau,1960,37.4
Guinea-Bissau,1961,37.8
Guinea-Bissau,1962,38.2
Guinea-Bissau,1963,36
Guinea-Bissau,1964,36.4
Guinea-Bissau,1965,36.8
Guinea-Bissau,1966,37.2
Guinea-Bissau,1967,37.6
Guinea-Bissau,1968,38.1
Guinea-Bissau,1969,38.5
Guinea-Bissau,1970,39
Guinea-Bissau,1971,39.4
Guinea-Bissau,1972,39.8
Guinea-Bissau,1973,40.2
Guinea-Bissau,1974,43.2
Guinea-Bissau,1975,43.6
Guinea-Bissau,1976,44
Guinea-Bissau,1977,44.3
Guinea-Bissau,1978,44.7
Guinea-Bissau,1979,45.1
Guinea-Bissau,1980,45.3
Guinea-Bissau,1981,45.5
Guinea-Bissau,1982,45.7
Guinea-Bissau,1983,45.9
Guinea-Bissau,1984,46.2
Guinea-Bissau,1985,46.5
Guinea-Bissau,1986,46.9
Guinea-Bissau,1987,47.2
Guinea-Bissau,1988,47.7
Guinea-Bissau,1989,48.1
Guinea-Bissau,1990,48.6
Guinea-Bissau,1991,49
Guinea-Bissau,1992,49.4
Guinea-Bissau,1993,49.7
Guinea-Bissau,1994,49.8
Guinea-Bissau,1995,50.3
Guinea-Bissau,1996,49.5
Guinea-Bissau,1997,50
Guinea-Bissau,1998,49.8
Guinea-Bissau,1999,50
Guinea-Bissau,2000,51.5
Guinea-Bissau,2001,51.8
Guinea-Bissau,2002,52.1
Guinea-Bissau,2003,52.4
Guinea-Bissau,2004,52.7
Guinea-Bissau,2005,52.8
Guinea-Bissau,2006,53.6
Guinea-Bissau,2007,54.3
Guinea-Bissau,2008,54.8
Guinea-Bissau,2009,55.5
Guinea-Bissau,2010,56.2
Guinea-Bissau,2011,56.9
Guinea-Bissau,2012,57.4
Guinea-Bissau,2013,57.9
Guinea-Bissau,2014,58.3
Guinea-Bissau,2015,58.8
Guinea-Bissau,2016,59.3
Guinea-Bissau,2017,59.8
Guinea-Bissau,2018,60.3
Guinea-Bissau,2019,61
Guinea-Bissau,2020,60.1
Guinea-Bissau,2021,59.7
Guinea-Bissau,2022,59.9
Guinea-Bissau,2023,60.6
Guinea-Bissau,2024,62
Equatorial Guinea,1800,29.8
Equatorial Guinea,1801,29.8
Equatorial Guinea,1802,29.8
Equatorial Guinea,1803,29.8
Equatorial Guinea,1804,29.8
Equatorial Guinea,1805,29.8
Equatorial Guinea,1806,29.8
Equatorial Guinea,1807,29.8
Equatorial Guinea,1808,29.8
Equatorial Guinea,1809,29.8
Equatorial Guinea,1810,29.8
Equatorial Guinea,1811,29.8
Equatorial Guinea,1812,29.8
Equatorial Guinea,1813,29.8
Equatorial Guinea,1814,29.8
Equatorial Guinea,1815,29.8
Equatorial Guinea,1816,29.8
Equatorial Guinea,1817,29.8
Equatorial Guinea,1818,29.8
Equatorial Guinea,1819,29.8
Equatorial Guinea,1820,29.8
Equatorial Guinea,1821,29.8
Equatorial Guinea,1822,29.8
Equatorial Guinea,1823,29.8
Equatorial Guinea,1824,29.8
Equatorial Guinea,1825,29.8
Equatorial Guinea,1826,29.8
Equatorial Guinea,1827,29.8
Equatorial Guinea,1828,29.8
Equatorial Guinea,1829,29.8
Equatorial Guinea,1830,29.8
Equatorial Guinea,1831,29.8
Equatorial Guinea,1832,29.8
Equatorial Guinea,1833,29.8
Equatorial Guinea,1834,29.8
Equatorial Guinea,1835,29.8
Equatorial Guinea,1836,29.8
Equatorial Guinea,1837,29.8
Equatorial Guinea,1838,29.8
Equatorial Guinea,1839,29.8
Equatorial Guinea,1840,29.8
Equatorial Guinea,1841,29.8
Equatorial Guinea,1842,29.8
Equatorial Guinea,1843,29.8
Equatorial Guinea,1844,29.8
Equatorial Guinea,1845,29.8
Equatorial Guinea,1846,29.8
Equatorial Guinea,1847,29.8
Equatorial Guinea,1848,29.8
Equatorial Guinea,1849,29.8
Equatorial Guinea,1850,29.8
Equatorial Guinea,1851,29.8
Equatorial Guinea,1852,29.9
Equatorial Guinea,1853,29.9
Equatorial Guinea,1854,30
Equatorial Guinea,1855,30
Equatorial Guinea,1856,30.1
Equatorial Guinea,1857,30.1
Equatorial Guinea,1858,30.1
Equatorial Guinea,1859,30.2
Equatorial Guinea,1860,30.2
Equatorial Guinea,1861,30.3
Equatorial Guinea,1862,30.3
Equatorial Guinea,1863,30.4
Equatorial Guinea,1864,30.4
Equatorial Guinea,1865,30.4
Equatorial Guinea,1866,30.5
Equatorial Guinea,1867,30.5
Equatorial Guinea,1868,30.6
Equatorial Guinea,1869,30.6
Equatorial Guinea,1870,30.6
Equatorial Guinea,1871,30.7
Equatorial Guinea,1872,30.7
Equatorial Guinea,1873,30.8
Equatorial Guinea,1874,30.8
Equatorial Guinea,1875,30.9
Equatorial Guinea,1876,30.9
Equatorial Guinea,1877,30.9
Equatorial Guinea,1878,31
Equatorial Guinea,1879,31
Equatorial Guinea,1880,31.1
Equatorial Guinea,1881,31.1
Equatorial Guinea,1882,31.2
Equatorial Guinea,1883,31.2
Equatorial Guinea,1884,31.2
Equatorial Guinea,1885,31.3
Equatorial Guinea,1886,31.3
Equatorial Guinea,1887,31.4
Equatorial Guinea,1888,31.4
Equatorial Guinea,1889,31.5
Equatorial Guinea,1890,31.5
Equatorial Guinea,1891,31.5
Equatorial Guinea,1892,31.6
Equatorial Guinea,1893,31.6
Equatorial Guinea,1894,31.7
Equatorial Guinea,1895,31.7
Equatorial Guinea,1896,31.8
Equatorial Guinea,1897,31.8
Equatorial Guinea,1898,31.8
Equatorial Guinea,1899,31.9
Equatorial Guinea,1900,31.9
Equatorial Guinea,1901,32
Equatorial Guinea,1902,32
Equatorial Guinea,1903,32
Equatorial Guinea,1904,32.1
Equatorial Guinea,1905,32.1
Equatorial Guinea,1906,32.2
Equatorial Guinea,1907,32.2
Equatorial Guinea,1908,32.3
Equatorial Guinea,1909,32.3
Equatorial Guinea,1910,32.4
Equatorial Guinea,1911,32.4
Equatorial Guinea,1912,32.4
Equatorial Guinea,1913,32.5
Equatorial Guinea,1914,32.5
Equatorial Guinea,1915,32.6
Equatorial Guinea,1916,32.6
Equatorial Guinea,1917,32.6
Equatorial Guinea,1918,12.6
Equatorial Guinea,1919,32.7
Equatorial Guinea,1920,32.8
Equatorial Guinea,1921,32.8
Equatorial Guinea,1922,32.9
Equatorial Guinea,1923,32.9
Equatorial Guinea,1924,32.9
Equatorial Guinea,1925,33
Equatorial Guinea,1926,33
Equatorial Guinea,1927,33.1
Equatorial Guinea,1928,33.1
Equatorial Guinea,1929,33.2
Equatorial Guinea,1930,33.2
Equatorial Guinea,1931,33.2
Equatorial Guinea,1932,33.3
Equatorial Guinea,1933,33.3
Equatorial Guinea,1934,33.4
Equatorial Guinea,1935,33.4
Equatorial Guinea,1936,33.5
Equatorial Guinea,1937,33.5
Equatorial Guinea,1938,33.5
Equatorial Guinea,1939,33.6
Equatorial Guinea,1940,33.6
Equatorial Guinea,1941,33.7
Equatorial Guinea,1942,33.8
Equatorial Guinea,1943,33.9
Equatorial Guinea,1944,34
Equatorial Guinea,1945,34.1
Equatorial Guinea,1946,35.1
Equatorial Guinea,1947,36.1
Equatorial Guinea,1948,37.2
Equatorial Guinea,1949,38.2
Equatorial Guinea,1950,39.3
Equatorial Guinea,1951,39.3
Equatorial Guinea,1952,39.3
Equatorial Guinea,1953,39.3
Equatorial Guinea,1954,39.3
Equatorial Guinea,1955,39.3
Equatorial Guinea,1956,39.5
Equatorial Guinea,1957,39.6
Equatorial Guinea,1958,39.8
Equatorial Guinea,1959,40
Equatorial Guinea,1960,40.4
Equatorial Guinea,1961,40.7
Equatorial Guinea,1962,41.1
Equatorial Guinea,1963,41.7
Equatorial Guinea,1964,42.3
Equatorial Guinea,1965,42.9
Equatorial Guinea,1966,43.4
Equatorial Guinea,1967,44
Equatorial Guinea,1968,44.5
Equatorial Guinea,1969,44.9
Equatorial Guinea,1970,45.2
Equatorial Guinea,1971,45.5
Equatorial Guinea,1972,45.9
Equatorial Guinea,1973,46.3
Equatorial Guinea,1974,46.7
Equatorial Guinea,1975,47.4
Equatorial Guinea,1976,48.2
Equatorial Guinea,1977,49
Equatorial Guinea,1978,49.6
Equatorial Guinea,1979,47.1
Equatorial Guinea,1980,50.5
Equatorial Guinea,1981,50.7
Equatorial Guinea,1982,50.9
Equatorial Guinea,1983,51
Equatorial Guinea,1984,50.8
Equatorial Guinea,1985,51.1
Equatorial Guinea,1986,51.1
Equatorial Guinea,1987,51.1
Equatorial Guinea,1988,51
Equatorial Guinea,1989,51.1
Equatorial Guinea,1990,51.1
Equatorial Guinea,1991,51.2
Equatorial Guinea,1992,51.6
Equatorial Guinea,1993,51.8
Equatorial Guinea,1994,52
Equatorial Guinea,1995,52.2
Equatorial Guinea,1996,52.7
Equatorial Guinea,1997,54.4
Equatorial Guinea,1998,55.5
Equatorial Guinea,1999,56.6
Equatorial Guinea,2000,57.6
Equatorial Guinea,2001,58.9
Equatorial Guinea,2002,60
Equatorial Guinea,2003,60.5
Equatorial Guinea,2004,60.9
Equatorial Guinea,2005,61.1
Equatorial Guinea,2006,62
Equatorial Guinea,2007,62.5
Equatorial Guinea,2008,62.9
Equatorial Guinea,2009,63.5
Equatorial Guinea,2010,63.5
Equatorial Guinea,2011,63.1
Equatorial Guinea,2012,63.4
Equatorial Guinea,2013,64.5
Equatorial Guinea,2014,65
Equatorial Guinea,2015,64.8
Equatorial Guinea,2016,64.9
Equatorial Guinea,2017,65.6
Equatorial Guinea,2018,65.8
Equatorial Guinea,2019,66
Equatorial Guinea,2020,65
Equatorial Guinea,2021,64.8
Equatorial Guinea,2022,65.5
Equatorial Guinea,2023,66.3
Equatorial Guinea,2024,66.8
Greece,1800,36.6
Greece,1801,36.6
Greece,1802,36.6
Greece,1803,36.6
Greece,1804,36.6
Greece,1805,36.6
Greece,1806,36.6
Greece,1807,36.6
Greece,1808,36.6
Greece,1809,36.6
Greece,1810,36.6
Greece,1811,36.6
Greece,1812,36.6
Greece,1813,36.6
Greece,1814,36.6
Greece,1815,36.6
Greece,1816,36.6
Greece,1817,36.6
Greece,1818,36.6
Greece,1819,36.6
Greece,1820,36.6
Greece,1821,36.6
Greece,1822,36.6
Greece,1823,36.6
Greece,1824,36.6
Greece,1825,36.6
Greece,1826,36.6
Greece,1827,36.6
Greece,1828,36.6
Greece,1829,36.6
Greece,1830,36.6
Greece,1831,36.6
Greece,1832,36.6
Greece,1833,36.6
Greece,1834,36.6
Greece,1835,36.6
Greece,1836,36.6
Greece,1837,36.6
Greece,1838,36.6
Greece,1839,36.6
Greece,1840,36.6
Greece,1841,36.6
Greece,1842,36.6
Greece,1843,36.6
Greece,1844,36.6
Greece,1845,36.6
Greece,1846,36.6
Greece,1847,36.6
Greece,1848,36.6
Greece,1849,36.6
Greece,1850,36.6
Greece,1851,36.6
Greece,1852,36.6
Greece,1853,36.7
Greece,1854,36.7
Greece,1855,36.7
Greece,1856,36.7
Greece,1857,36.7
Greece,1858,36.8
Greece,1859,36.8
Greece,1860,36.8
Greece,1861,36.8
Greece,1862,36.8
Greece,1863,36.9
Greece,1864,36.9
Greece,1865,36.9
Greece,1866,36.9
Greece,1867,36.9
Greece,1868,37
Greece,1869,37
Greece,1870,37
Greece,1871,37
Greece,1872,37
Greece,1873,37
Greece,1874,37.1
Greece,1875,37.1
Greece,1876,37.1
Greece,1877,37.1
Greece,1878,37.3
Greece,1879,37.4
Greece,1880,37.5
Greece,1881,37.6
Greece,1882,37.7
Greece,1883,37.9
Greece,1884,38
Greece,1885,38.2
Greece,1886,38.3
Greece,1887,38.5
Greece,1888,38.6
Greece,1889,38.8
Greece,1890,39
Greece,1891,39.2
Greece,1892,39.4
Greece,1893,39.6
Greece,1894,39.8
Greece,1895,40
Greece,1896,40.2
Greece,1897,40.4
Greece,1898,40.6
Greece,1899,40.8
Greece,1900,41.1
Greece,1901,41.3
Greece,1902,41.5
Greece,1903,41.7
Greece,1904,41.9
Greece,1905,42.1
Greece,1906,42.3
Greece,1907,42.5
Greece,1908,42.8
Greece,1909,43
Greece,1910,43.4
Greece,1911,43.6
Greece,1912,43.9
Greece,1913,44.2
Greece,1914,44.5
Greece,1915,44.8
Greece,1916,45.1
Greece,1917,45.4
Greece,1918,24.9
Greece,1919,46
Greece,1920,46.3
Greece,1921,46.6
Greece,1922,46.9
Greece,1923,47.6
Greece,1924,48.2
Greece,1925,48.9
Greece,1926,49.5
Greece,1927,50.2
Greece,1928,48.1
Greece,1929,52.1
Greece,1930,52.3
Greece,1931,52.5
Greece,1932,52.7
Greece,1933,53.2
Greece,1934,53.7
Greece,1935,54.2
Greece,1936,54.8
Greece,1937,55.3
Greece,1938,55.8
Greece,1939,56.4
Greece,1940,57
Greece,1941,42.2
Greece,1942,31
Greece,1943,41
Greece,1944,47.3
Greece,1945,61
Greece,1946,59
Greece,1947,56.3
Greece,1948,50.8
Greece,1949,58.3
Greece,1950,69
Greece,1951,69.2
Greece,1952,70.5
Greece,1953,70.5
Greece,1954,71
Greece,1955,71.5
Greece,1956,71.7
Greece,1957,71.4
Greece,1958,72.2
Greece,1959,72.2
Greece,1960,72.4
Greece,1961,72.4
Greece,1962,72.2
Greece,1963,72.4
Greece,1964,72.5
Greece,1965,73
Greece,1966,73.2
Greece,1967,73
Greece,1968,73.2
Greece,1969,73.5
Greece,1970,73.8
Greece,1971,74.1
Greece,1972,74.1
Greece,1973,74.4
Greece,1974,74.6
Greece,1975,74.6
Greece,1976,74.7
Greece,1977,74.9
Greece,1978,75.1
Greece,1979,75.2
Greece,1980,75.3
Greece,1981,75.4
Greece,1982,75.6
Greece,1983,75.6
Greece,1984,75.8
Greece,1985,75.9
Greece,1986,76.2
Greece,1987,76.4
Greece,1988,76.8
Greece,1989,77.1
Greece,1990,77.2
Greece,1991,77.3
Greece,1992,77.4
Greece,1993,77.6
Greece,1994,77.7
Greece,1995,77.8
Greece,1996,77.9
Greece,1997,78.1
Greece,1998,78.2
Greece,1999,78.2
Greece,2000,78.4
Greece,2001,78.7
Greece,2002,78.9
Greece,2003,79.1
Greece,2004,79.2
Greece,2005,79.4
Greece,2006,79.7
Greece,2007,79.6
Greece,2008,80
Greece,2009,80.2
Greece,2010,80.4
Greece,2011,80.5
Greece,2012,80.6
Greece,2013,80.9
Greece,2014,81
Greece,2015,80.9
Greece,2016,81
Greece,2017,81.1
Greece,2018,81
Greece,2019,80.9
Greece,2020,80.6
Greece,2021,79.8
Greece,2022,80.3
Greece,2023,81.7
Greece,2024,81.9
Grenada,1800,31.4
Grenada,1801,31.4
Grenada,1802,31.4
Grenada,1803,31.4
Grenada,1804,31.4
Grenada,1805,31.4
Grenada,1806,31.4
Grenada,1807,31.4
Grenada,1808,31.4
Grenada,1809,31.4
Grenada,1810,31.4
Grenada,1811,31.4
Grenada,1812,31.4
Grenada,1813,31.4
Grenada,1814,31.4
Grenada,1815,31.4
Grenada,1816,31.4
Grenada,1817,31.4
Grenada,1818,31.4
Grenada,1819,31.4
Grenada,1820,31.4
Grenada,1821,31.4
Grenada,1822,31.4
Grenada,1823,31.4
Grenada,1824,31.4
Grenada,1825,31.4
Grenada,1826,31.4
Grenada,1827,31.4
Grenada,1828,31.4
Grenada,1829,31.4
Grenada,1830,31.4
Grenada,1831,31.4
Grenada,1832,31.4
Grenada,1833,31.4
Grenada,1834,31.4
Grenada,1835,31.4
Grenada,1836,31.4
Grenada,1837,31.4
Grenada,1838,31.4
Grenada,1839,32.4
Grenada,1840,33.4
Grenada,1841,34.4
Grenada,1842,35.3
Grenada,1843,36.3
Grenada,1844,37.3
Grenada,1845,37.3
Grenada,1846,37.3
Grenada,1847,37.3
Grenada,1848,37.3
Grenada,1849,37.3
Grenada,1850,37.3
Grenada,1851,37.3
Grenada,1852,37.3
Grenada,1853,37.4
Grenada,1854,37.4
Grenada,1855,37.4
Grenada,1856,37.4
Grenada,1857,37.5
Grenada,1858,37.5
Grenada,1859,37.5
Grenada,1860,37.5
Grenada,1861,37.5
Grenada,1862,37.5
Grenada,1863,37.6
Grenada,1864,37.6
Grenada,1865,37.6
Grenada,1866,37.6
Grenada,1867,37.7
Grenada,1868,37.7
Grenada,1869,37.7
Grenada,1870,37.7
Grenada,1871,37.7
Grenada,1872,37.8
Grenada,1873,37.8
Grenada,1874,37.8
Grenada,1875,37.8
Grenada,1876,37.9
Grenada,1877,37.9
Grenada,1878,37.9
Grenada,1879,37.9
Grenada,1880,37.9
Grenada,1881,38
Grenada,1882,38
Grenada,1883,38
Grenada,1884,38
Grenada,1885,38
Grenada,1886,38.1
Grenada,1887,38.1
Grenada,1888,38.1
Grenada,1889,38.1
Grenada,1890,38.1
Grenada,1891,38.2
Grenada,1892,38.2
Grenada,1893,38.2
Grenada,1894,38.2
Grenada,1895,38.3
Grenada,1896,38.3
Grenada,1897,38.3
Grenada,1898,38.3
Grenada,1899,38.3
Grenada,1900,38.4
Grenada,1901,38.4
Grenada,1902,38.4
Grenada,1903,38.4
Grenada,1904,38.4
Grenada,1905,38.5
Grenada,1906,38.5
Grenada,1907,38.5
Grenada,1908,38.5
Grenada,1909,38.5
Grenada,1910,38.6
Grenada,1911,38.6
Grenada,1912,38.6
Grenada,1913,38.6
Grenada,1914,38.7
Grenada,1915,38.7
Grenada,1916,38.7
Grenada,1917,38.7
Grenada,1918,25.1
Grenada,1919,38.8
Grenada,1920,38.8
Grenada,1921,38.8
Grenada,1922,39.5
Grenada,1923,40.3
Grenada,1924,41
Grenada,1925,41.8
Grenada,1926,42.5
Grenada,1927,43.3
Grenada,1928,44
Grenada,1929,44.7
Grenada,1930,45.5
Grenada,1931,46.2
Grenada,1932,46.9
Grenada,1933,47.5
Grenada,1934,48.1
Grenada,1935,48.8
Grenada,1936,49.4
Grenada,1937,50.1
Grenada,1938,50.7
Grenada,1939,51.4
Grenada,1940,52
Grenada,1941,52.7
Grenada,1942,53.4
Grenada,1943,54
Grenada,1944,54.7
Grenada,1945,55.4
Grenada,1946,56.1
Grenada,1947,56.7
Grenada,1948,57.4
Grenada,1949,58
Grenada,1950,58.6
Grenada,1951,59
Grenada,1952,59.5
Grenada,1953,60.2
Grenada,1954,60.8
Grenada,1955,61.2
Grenada,1956,61.8
Grenada,1957,62.7
Grenada,1958,63.2
Grenada,1959,63.7
Grenada,1960,64.1
Grenada,1961,64.6
Grenada,1962,64.7
Grenada,1963,64.7
Grenada,1964,65.2
Grenada,1965,65.6
Grenada,1966,65.5
Grenada,1967,65.8
Grenada,1968,66.3
Grenada,1969,66.7
Grenada,1970,67
Grenada,1971,67.4
Grenada,1972,67.9
Grenada,1973,68.4
Grenada,1974,68.8
Grenada,1975,69
Grenada,1976,69.2
Grenada,1977,69.1
Grenada,1978,69.3
Grenada,1979,69.5
Grenada,1980,69.3
Grenada,1981,69.5
Grenada,1982,69.5
Grenada,1983,66.2
Grenada,1984,69.5
Grenada,1985,69.5
Grenada,1986,69.7
Grenada,1987,69.5
Grenada,1988,69.5
Grenada,1989,69.4
Grenada,1990,69.2
Grenada,1991,69.7
Grenada,1992,69.7
Grenada,1993,69.9
Grenada,1994,70.3
Grenada,1995,70.7
Grenada,1996,71.2
Grenada,1997,71.6
Grenada,1998,71.9
Grenada,1999,71.9
Grenada,2000,72
Grenada,2001,72.1
Grenada,2002,72.1
Grenada,2003,72.2
Grenada,2004,71.8
Grenada,2005,72.4
Grenada,2006,72.5
Grenada,2007,72.6
Grenada,2008,72.5
Grenada,2009,72.5
Grenada,2010,72.5
Grenada,2011,72.6
Grenada,2012,73.2
Grenada,2013,73.1
Grenada,2014,73
Grenada,2015,73.1
Grenada,2016,72.9
Grenada,2017,73
Grenada,2018,73.2
Grenada,2019,73.3
Grenada,2020,73.4
Grenada,2021,73.4
Grenada,2022,73.8
Grenada,2023,73.9
Grenada,2024,74.1
Guatemala,1800,25.8
Guatemala,1801,25.8
Guatemala,1802,25.8
Guatemala,1803,25.8
Guatemala,1804,25.8
Guatemala,1805,25.8
Guatemala,1806,25.8
Guatemala,1807,25.8
Guatemala,1808,25.8
Guatemala,1809,25.8
Guatemala,1810,25.8
Guatemala,1811,25.8
Guatemala,1812,25.8
Guatemala,1813,25.8
Guatemala,1814,25.8
Guatemala,1815,25.8
Guatemala,1816,25.8
Guatemala,1817,25.8
Guatemala,1818,25.8
Guatemala,1819,25.8
Guatemala,1820,25.8
Guatemala,1821,25.8
Guatemala,1822,25.8
Guatemala,1823,25.8
Guatemala,1824,25.8
Guatemala,1825,25.8
Guatemala,1826,25.8
Guatemala,1827,25.8
Guatemala,1828,25.8
Guatemala,1829,25.8
Guatemala,1830,25.8
Guatemala,1831,25.8
Guatemala,1832,25.8
Guatemala,1833,25.8
Guatemala,1834,25.8
Guatemala,1835,25.8
Guatemala,1836,25.8
Guatemala,1837,25.8
Guatemala,1838,25.8
Guatemala,1839,25.8
Guatemala,1840,25.8
Guatemala,1841,25.8
Guatemala,1842,25.8
Guatemala,1843,25.8
Guatemala,1844,25.8
Guatemala,1845,25.8
Guatemala,1846,25.8
Guatemala,1847,25.8
Guatemala,1848,25.8
Guatemala,1849,25.8
Guatemala,1850,25.8
Guatemala,1851,25.8
Guatemala,1852,25.8
Guatemala,1853,25.8
Guatemala,1854,25.8
Guatemala,1855,25.8
Guatemala,1856,25.8
Guatemala,1857,25.9
Guatemala,1858,25.9
Guatemala,1859,25.9
Guatemala,1860,25.9
Guatemala,1861,25.9
Guatemala,1862,25.9
Guatemala,1863,25.9
Guatemala,1864,25.9
Guatemala,1865,25.9
Guatemala,1866,25.9
Guatemala,1867,25.9
Guatemala,1868,25.9
Guatemala,1869,25.9
Guatemala,1870,25.9
Guatemala,1871,25.9
Guatemala,1872,25.9
Guatemala,1873,25.9
Guatemala,1874,25.9
Guatemala,1875,25.9
Guatemala,1876,25.9
Guatemala,1877,25.9
Guatemala,1878,25.9
Guatemala,1879,26
Guatemala,1880,26
Guatemala,1881,26
Guatemala,1882,26
Guatemala,1883,26
Guatemala,1884,26
Guatemala,1885,26
Guatemala,1886,26
Guatemala,1887,26
Guatemala,1888,26
Guatemala,1889,26
Guatemala,1890,26
Guatemala,1891,26
Guatemala,1892,26
Guatemala,1893,26
Guatemala,1894,26
Guatemala,1895,26.1
Guatemala,1896,26.1
Guatemala,1897,26.1
Guatemala,1898,26.1
Guatemala,1899,26.1
Guatemala,1900,26.1
Guatemala,1901,26.1
Guatemala,1902,26.1
Guatemala,1903,26.1
Guatemala,1904,26.1
Guatemala,1905,26.1
Guatemala,1906,26.1
Guatemala,1907,26.1
Guatemala,1908,26.1
Guatemala,1909,26.1
Guatemala,1910,26.1
Guatemala,1911,26.1
Guatemala,1912,26.1
Guatemala,1913,26.1
Guatemala,1914,26.1
Guatemala,1915,26.1
Guatemala,1916,26.1
Guatemala,1917,26.2
Guatemala,1918,9.82
Guatemala,1919,26.2
Guatemala,1920,26.2
Guatemala,1921,26.2
Guatemala,1922,26.2
Guatemala,1923,26.2
Guatemala,1924,26.2
Guatemala,1925,26.2
Guatemala,1926,26.2
Guatemala,1927,26.2
Guatemala,1928,26.2
Guatemala,1929,26.2
Guatemala,1930,26.2
Guatemala,1931,26.2
Guatemala,1932,26.2
Guatemala,1933,26.2
Guatemala,1934,26.2
Guatemala,1935,27
Guatemala,1936,27.8
Guatemala,1937,28.6
Guatemala,1938,29.3
Guatemala,1939,30.1
Guatemala,1940,30.9
Guatemala,1941,32.1
Guatemala,1942,33.2
Guatemala,1943,34.4
Guatemala,1944,35.6
Guatemala,1945,36.8
Guatemala,1946,37.9
Guatemala,1947,39.1
Guatemala,1948,40.3
Guatemala,1949,41.5
Guatemala,1950,42.7
Guatemala,1951,44.1
Guatemala,1952,42.6
Guatemala,1953,42.8
Guatemala,1954,44.5
Guatemala,1955,44.3
Guatemala,1956,44.2
Guatemala,1957,44.8
Guatemala,1958,45.4
Guatemala,1959,47.4
Guatemala,1960,47.9
Guatemala,1961,49.3
Guatemala,1962,48.8
Guatemala,1963,49.1
Guatemala,1964,49.5
Guatemala,1965,49.5
Guatemala,1966,49.3
Guatemala,1967,50.3
Guatemala,1968,49.5
Guatemala,1969,48.6
Guatemala,1970,49.9
Guatemala,1971,51.9
Guatemala,1972,53.5
Guatemala,1973,53.9
Guatemala,1974,54.3
Guatemala,1975,54.4
Guatemala,1976,46.3
Guatemala,1977,57.2
Guatemala,1978,58.2
Guatemala,1979,58
Guatemala,1980,58
Guatemala,1981,56.8
Guatemala,1982,55.5
Guatemala,1983,58.4
Guatemala,1984,59.8
Guatemala,1985,59.4
Guatemala,1986,59.9
Guatemala,1987,60.4
Guatemala,1988,61
Guatemala,1989,61.6
Guatemala,1990,61.4
Guatemala,1991,61.3
Guatemala,1992,61.4
Guatemala,1993,61.9
Guatemala,1994,62.5
Guatemala,1995,64.1
Guatemala,1996,65.2
Guatemala,1997,65.3
Guatemala,1998,65.4
Guatemala,1999,66.4
Guatemala,2000,66.7
Guatemala,2001,67.2
Guatemala,2002,67.8
Guatemala,2003,68.1
Guatemala,2004,68.4
Guatemala,2005,68.4
Guatemala,2006,68.9
Guatemala,2007,69.5
Guatemala,2008,69.9
Guatemala,2009,69.9
Guatemala,2010,70.3
Guatemala,2011,70.7
Guatemala,2012,71.1
Guatemala,2013,71.3
Guatemala,2014,71.6
Guatemala,2015,71.8
Guatemala,2016,72
Guatemala,2017,72.3
Guatemala,2018,72.4
Guatemala,2019,72.6
Guatemala,2020,71.3
Guatemala,2021,68.7
Guatemala,2022,68.2
Guatemala,2023,69.6
Guatemala,2024,73.5
Guyana,1800,31.1
Guyana,1801,31.1
Guyana,1802,31.1
Guyana,1803,31.1
Guyana,1804,31.1
Guyana,1805,31.1
Guyana,1806,31.1
Guyana,1807,31.1
Guyana,1808,31.1
Guyana,1809,31.1
Guyana,1810,31.1
Guyana,1811,31.1
Guyana,1812,31.1
Guyana,1813,31.1
Guyana,1814,31.1
Guyana,1815,31.1
Guyana,1816,31.1
Guyana,1817,31.1
Guyana,1818,31.1
Guyana,1819,31.1
Guyana,1820,31.1
Guyana,1821,31.1
Guyana,1822,31.1
Guyana,1823,31.1
Guyana,1824,31.1
Guyana,1825,31.1
Guyana,1826,31.1
Guyana,1827,31.1
Guyana,1828,31.1
Guyana,1829,31.1
Guyana,1830,31.1
Guyana,1831,31.1
Guyana,1832,31.1
Guyana,1833,31.1
Guyana,1834,31.1
Guyana,1835,31.1
Guyana,1836,31.1
Guyana,1837,31.1
Guyana,1838,31.1
Guyana,1839,31.1
Guyana,1840,31.1
Guyana,1841,31.1
Guyana,1842,31.1
Guyana,1843,31.1
Guyana,1844,31.1
Guyana,1845,31.1
Guyana,1846,31.1
Guyana,1847,31.1
Guyana,1848,31.1
Guyana,1849,31.1
Guyana,1850,31.1
Guyana,1851,31.1
Guyana,1852,31.1
Guyana,1853,31
Guyana,1854,31
Guyana,1855,31
Guyana,1856,30.9
Guyana,1857,30.9
Guyana,1858,30.9
Guyana,1859,30.9
Guyana,1860,30.8
Guyana,1861,30.8
Guyana,1862,30.8
Guyana,1863,30.7
Guyana,1864,30.7
Guyana,1865,30.7
Guyana,1866,30.6
Guyana,1867,30.6
Guyana,1868,30.6
Guyana,1869,30.5
Guyana,1870,30.5
Guyana,1871,30.5
Guyana,1872,30.4
Guyana,1873,30.4
Guyana,1874,30.4
Guyana,1875,30.4
Guyana,1876,30.3
Guyana,1877,30.3
Guyana,1878,30.3
Guyana,1879,30.2
Guyana,1880,30.2
Guyana,1881,30.2
Guyana,1882,30.1
Guyana,1883,30.1
Guyana,1884,30.1
Guyana,1885,30.1
Guyana,1886,30
Guyana,1887,30
Guyana,1888,30
Guyana,1889,29.9
Guyana,1890,29.9
Guyana,1891,29.9
Guyana,1892,29.9
Guyana,1893,29.8
Guyana,1894,29.8
Guyana,1895,29.8
Guyana,1896,29.7
Guyana,1897,29.7
Guyana,1898,29.7
Guyana,1899,29.6
Guyana,1900,29.6
Guyana,1901,29.6
Guyana,1902,29.6
Guyana,1903,29.5
Guyana,1904,29.5
Guyana,1905,29.4
Guyana,1906,29.4
Guyana,1907,29.4
Guyana,1908,29.4
Guyana,1909,29.3
Guyana,1910,29.3
Guyana,1911,29.3
Guyana,1912,29.6
Guyana,1913,29.9
Guyana,1914,30.2
Guyana,1915,30.5
Guyana,1916,30.8
Guyana,1917,31.1
Guyana,1918,27.4
Guyana,1919,31.6
Guyana,1920,31.9
Guyana,1921,32.2
Guyana,1922,32.9
Guyana,1923,33.6
Guyana,1924,34.2
Guyana,1925,34.9
Guyana,1926,35.6
Guyana,1927,36.2
Guyana,1928,36.9
Guyana,1929,37.5
Guyana,1930,38.2
Guyana,1931,38.9
Guyana,1932,39.5
Guyana,1933,40.2
Guyana,1934,40.9
Guyana,1935,41.6
Guyana,1936,42.2
Guyana,1937,42.9
Guyana,1938,43.6
Guyana,1939,44.2
Guyana,1940,44.9
Guyana,1941,45.6
Guyana,1942,46.3
Guyana,1943,47
Guyana,1944,47.7
Guyana,1945,48.4
Guyana,1946,49.1
Guyana,1947,49.8
Guyana,1948,50.4
Guyana,1949,51.1
Guyana,1950,51.8
Guyana,1951,52.6
Guyana,1952,53
Guyana,1953,53.4
Guyana,1954,54.2
Guyana,1955,55
Guyana,1956,56
Guyana,1957,56.7
Guyana,1958,57.5
Guyana,1959,58.1
Guyana,1960,58.9
Guyana,1961,59.4
Guyana,1962,59.5
Guyana,1963,59.7
Guyana,1964,60
Guyana,1965,60.3
Guyana,1966,60.5
Guyana,1967,60.8
Guyana,1968,61.1
Guyana,1969,61.3
Guyana,1970,61.7
Guyana,1971,61.5
Guyana,1972,61.4
Guyana,1973,61.2
Guyana,1974,61
Guyana,1975,61.2
Guyana,1976,61.7
Guyana,1977,61.7
Guyana,1978,59.6
Guyana,1979,62
Guyana,1980,62.4
Guyana,1981,62.5
Guyana,1982,62.7
Guyana,1983,62.7
Guyana,1984,62.1
Guyana,1985,62.6
Guyana,1986,62.6
Guyana,1987,62.8
Guyana,1988,63.1
Guyana,1989,62.2
Guyana,1990,62.4
Guyana,1991,63
Guyana,1992,63.5
Guyana,1993,63.2
Guyana,1994,63.4
Guyana,1995,63.1
Guyana,1996,63
Guyana,1997,63.3
Guyana,1998,63.5
Guyana,1999,64.1
Guyana,2000,64
Guyana,2001,63.9
Guyana,2002,63.9
Guyana,2003,64.1
Guyana,2004,64.3
Guyana,2005,64.4
Guyana,2006,65
Guyana,2007,65.2
Guyana,2008,65.3
Guyana,2009,65.9
Guyana,2010,65.8
Guyana,2011,65.7
Guyana,2012,65.7
Guyana,2013,66
Guyana,2014,66
Guyana,2015,66.4
Guyana,2016,66.7
Guyana,2017,66.9
Guyana,2018,67.1
Guyana,2019,67.3
Guyana,2020,66.7
Guyana,2021,64
Guyana,2022,64.3
Guyana,2023,68
Guyana,2024,68.1
"Hong Kong, China",1800,34.9
"Hong Kong, China",1801,34.9
"Hong Kong, China",1802,34.9
"Hong Kong, China",1803,34.9
"Hong Kong, China",1804,34.9
"Hong Kong, China",1805,34.9
"Hong Kong, China",1806,34.9
"Hong Kong, China",1807,34.9
"Hong Kong, China",1808,34.9
"Hong Kong, China",1809,34.9
"Hong Kong, China",1810,34.9
"Hong Kong, China",1811,34.9
"Hong Kong, China",1812,34.9
"Hong Kong, China",1813,34.9
"Hong Kong, China",1814,34.9
"Hong Kong, China",1815,34.9
"Hong Kong, China",1816,34.9
"Hong Kong, China",1817,34.9
"Hong Kong, China",1818,34.9
"Hong Kong, China",1819,34.9
"Hong Kong, China",1820,34.9
"Hong Kong, China",1821,34.9
"Hong Kong, China",1822,34.9
"Hong Kong, China",1823,34.9
"Hong Kong, China",1824,34.9
"Hong Kong, China",1825,34.9
"Hong Kong, China",1826,34.9
"Hong Kong, China",1827,34.9
"Hong Kong, China",1828,34.9
"Hong Kong, China",1829,34.9
"Hong Kong, China",1830,34.9
"Hong Kong, China",1831,34.9
"Hong Kong, China",1832,34.9
"Hong Kong, China",1833,34.9
"Hong Kong, China",1834,34.9
"Hong Kong, China",1835,34.9
"Hong Kong, China",1836,34.9
"Hong Kong, China",1837,34.9
"Hong Kong, China",1838,34.9
"Hong Kong, China",1839,34.9
"Hong Kong, China",1840,34.9
"Hong Kong, China",1841,34.9
"Hong Kong, China",1842,34.9
"Hong Kong, China",1843,34.9
"Hong Kong, China",1844,34.9
"Hong Kong, China",1845,34.9
"Hong Kong, China",1846,34.9
"Hong Kong, China",1847,34.9
"Hong Kong, China",1848,34.9
"Hong Kong, China",1849,34.9
"Hong Kong, China",1850,34.9
"Hong Kong, China",1851,34.9
"Hong Kong, China",1852,34.9
"Hong Kong, China",1853,34.9
"Hong Kong, China",1854,34.8
"Hong Kong, China",1855,34.8
"Hong Kong, China",1856,34.8
"Hong Kong, China",1857,34.8
"Hong Kong, China",1858,34.8
"Hong Kong, China",1859,34.8
"Hong Kong, China",1860,34.7
"Hong Kong, China",1861,34.7
"Hong Kong, China",1862,34.7
"Hong Kong, China",1863,34.7
"Hong Kong, China",1864,34.7
"Hong Kong, China",1865,34.7
"Hong Kong, China",1866,34.6
"Hong Kong, China",1867,34.6
"Hong Kong, China",1868,34.6
"Hong Kong, China",1869,34.6
"Hong Kong, China",1870,34.6
"Hong Kong, China",1871,34.6
"Hong Kong, China",1872,34.5
"Hong Kong, China",1873,34.5
"Hong Kong, China",1874,34.5
"Hong Kong, China",1875,34.5
"Hong Kong, China",1876,34.5
"Hong Kong, China",1877,34.5
"Hong Kong, China",1878,34.5
"Hong Kong, China",1879,34.4
"Hong Kong, China",1880,34.4
"Hong Kong, China",1881,34.4
"Hong Kong, China",1882,34.4
"Hong Kong, China",1883,34.4
"Hong Kong, China",1884,34.4
"Hong Kong, China",1885,34.4
"Hong Kong, China",1886,34.3
"Hong Kong, China",1887,34.3
"Hong Kong, China",1888,34.3
"Hong Kong, China",1889,34.3
"Hong Kong, China",1890,34.3
"Hong Kong, China",1891,34.3
"Hong Kong, China",1892,34.2
"Hong Kong, China",1893,34.2
"Hong Kong, China",1894,34.2
"Hong Kong, China",1895,34.2
"Hong Kong, China",1896,34.2
"Hong Kong, China",1897,34.2
"Hong Kong, China",1898,34.1
"Hong Kong, China",1899,34.1
"Hong Kong, China",1900,34.1
"Hong Kong, China",1901,34.1
"Hong Kong, China",1902,34.1
"Hong Kong, China",1903,34.1
"Hong Kong, China",1904,34
"Hong Kong, China",1905,34
"Hong Kong, China",1906,34
"Hong Kong, China",1907,34
"Hong Kong, China",1908,34
"Hong Kong, China",1909,34
"Hong Kong, China",1910,34
"Hong Kong, China",1911,33.9
"Hong Kong, China",1912,33.9
"Hong Kong, China",1913,33.9
"Hong Kong, China",1914,33.9
"Hong Kong, China",1915,33.9
"Hong Kong, China",1916,33.9
"Hong Kong, China",1917,33.9
"Hong Kong, China",1918,21.7
"Hong Kong, China",1919,33.8
"Hong Kong, China",1920,33.8
"Hong Kong, China",1921,34.7
"Hong Kong, China",1922,35.5
"Hong Kong, China",1923,36.4
"Hong Kong, China",1924,37.3
"Hong Kong, China",1925,38.1
"Hong Kong, China",1926,39
"Hong Kong, China",1927,39.8
"Hong Kong, China",1928,40.7
"Hong Kong, China",1929,41.5
"Hong Kong, China",1930,42.4
"Hong Kong, China",1931,43.2
"Hong Kong, China",1932,44.1
"Hong Kong, China",1933,45
"Hong Kong, China",1934,45.8
"Hong Kong, China",1935,46.6
"Hong Kong, China",1936,47.5
"Hong Kong, China",1937,48.4
"Hong Kong, China",1938,49.2
"Hong Kong, China",1939,50
"Hong Kong, China",1940,50.9
"Hong Kong, China",1941,51.7
"Hong Kong, China",1942,52.6
"Hong Kong, China",1943,53.4
"Hong Kong, China",1944,54.3
"Hong Kong, China",1945,55.1
"Hong Kong, China",1946,56
"Hong Kong, China",1947,56.8
"Hong Kong, China",1948,57.6
"Hong Kong, China",1949,58.5
"Hong Kong, China",1950,59.3
"Hong Kong, China",1951,59.8
"Hong Kong, China",1952,60.5
"Hong Kong, China",1953,61.5
"Hong Kong, China",1954,62.4
"Hong Kong, China",1955,63
"Hong Kong, China",1956,63.6
"Hong Kong, China",1957,64.1
"Hong Kong, China",1958,64.6
"Hong Kong, China",1959,65.3
"Hong Kong, China",1960,66.2
"Hong Kong, China",1961,66.9
"Hong Kong, China",1962,67.3
"Hong Kong, China",1963,68
"Hong Kong, China",1964,68.8
"Hong Kong, China",1965,69.6
"Hong Kong, China",1966,69.9
"Hong Kong, China",1967,70.3
"Hong Kong, China",1968,70.7
"Hong Kong, China",1969,70.9
"Hong Kong, China",1970,71.3
"Hong Kong, China",1971,71.9
"Hong Kong, China",1972,72.4
"Hong Kong, China",1973,72.9
"Hong Kong, China",1974,73.5
"Hong Kong, China",1975,73.6
"Hong Kong, China",1976,73.7
"Hong Kong, China",1977,73.4
"Hong Kong, China",1978,73.6
"Hong Kong, China",1979,74
"Hong Kong, China",1980,74.8
"Hong Kong, China",1981,75.4
"Hong Kong, China",1982,75.6
"Hong Kong, China",1983,75.8
"Hong Kong, China",1984,76.1
"Hong Kong, China",1985,76.6
"Hong Kong, China",1986,76.8
"Hong Kong, China",1987,77
"Hong Kong, China",1988,77.1
"Hong Kong, China",1989,77.2
"Hong Kong, China",1990,77.5
"Hong Kong, China",1991,77.7
"Hong Kong, China",1992,78
"Hong Kong, China",1993,78.3
"Hong Kong, China",1994,78.7
"Hong Kong, China",1995,79.2
"Hong Kong, China",1996,79.5
"Hong Kong, China",1997,79.8
"Hong Kong, China",1998,80.1
"Hong Kong, China",1999,80.3
"Hong Kong, China",2000,80.8
"Hong Kong, China",2001,81.1
"Hong Kong, China",2002,81.3
"Hong Kong, China",2003,81.2
"Hong Kong, China",2004,81.4
"Hong Kong, China",2005,81.8
"Hong Kong, China",2006,82
"Hong Kong, China",2007,82.2
"Hong Kong, China",2008,82.4
"Hong Kong, China",2009,82.6
"Hong Kong, China",2010,83
"Hong Kong, China",2011,83.2
"Hong Kong, China",2012,83.6
"Hong Kong, China",2013,83.8
"Hong Kong, China",2014,84.1
"Hong Kong, China",2015,84.3
"Hong Kong, China",2016,84.5
"Hong Kong, China",2017,84.9
"Hong Kong, China",2018,85.3
"Hong Kong, China",2019,85.3
Honduras,1800,33.9
Honduras,1801,33.9
Honduras,1802,33.9
Honduras,1803,33.9
Honduras,1804,33.9
Honduras,1805,33.9
Honduras,1806,33.9
Honduras,1807,33.9
Honduras,1808,33.9
Honduras,1809,33.9
Honduras,1810,33.9
Honduras,1811,33.9
Honduras,1812,33.9
Honduras,1813,33.9
Honduras,1814,33.9
Honduras,1815,33.9
Honduras,1816,33.9
Honduras,1817,33.9
Honduras,1818,33.9
Honduras,1819,33.9
Honduras,1820,33.9
Honduras,1821,33.9
Honduras,1822,33.9
Honduras,1823,33.9
Honduras,1824,33.9
Honduras,1825,33.9
Honduras,1826,33.9
Honduras,1827,33.9
Honduras,1828,33.9
Honduras,1829,33.9
Honduras,1830,33.9
Honduras,1831,33.9
Honduras,1832,33.9
Honduras,1833,33.9
Honduras,1834,33.9
Honduras,1835,33.9
Honduras,1836,33.9
Honduras,1837,33.9
Honduras,1838,33.9
Honduras,1839,33.9
Honduras,1840,33.9
Honduras,1841,33.9
Honduras,1842,33.9
Honduras,1843,33.9
Honduras,1844,33.9
Honduras,1845,33.9
Honduras,1846,33.9
Honduras,1847,33.9
Honduras,1848,33.9
Honduras,1849,33.9
Honduras,1850,33.9
Honduras,1851,33.9
Honduras,1852,33.9
Honduras,1853,33.9
Honduras,1854,33.9
Honduras,1855,33.9
Honduras,1856,33.9
Honduras,1857,33.9
Honduras,1858,33.9
Honduras,1859,33.8
Honduras,1860,33.8
Honduras,1861,33.8
Honduras,1862,33.8
Honduras,1863,33.8
Honduras,1864,33.8
Honduras,1865,33.8
Honduras,1866,33.8
Honduras,1867,33.8
Honduras,1868,33.8
Honduras,1869,33.8
Honduras,1870,33.8
Honduras,1871,33.8
Honduras,1872,33.8
Honduras,1873,33.8
Honduras,1874,33.8
Honduras,1875,33.7
Honduras,1876,33.7
Honduras,1877,33.7
Honduras,1878,33.7
Honduras,1879,33.7
Honduras,1880,33.7
Honduras,1881,33.7
Honduras,1882,33.7
Honduras,1883,33.7
Honduras,1884,33.7
Honduras,1885,33.7
Honduras,1886,33.7
Honduras,1887,33.7
Honduras,1888,33.7
Honduras,1889,33.7
Honduras,1890,33.6
Honduras,1891,33.6
Honduras,1892,33.6
Honduras,1893,33.6
Honduras,1894,33.6
Honduras,1895,33.6
Honduras,1896,33.6
Honduras,1897,33.6
Honduras,1898,33.6
Honduras,1899,33.6
Honduras,1900,33.6
Honduras,1901,33.6
Honduras,1902,33.6
Honduras,1903,33.6
Honduras,1904,33.6
Honduras,1905,33.6
Honduras,1906,33.5
Honduras,1907,33.5
Honduras,1908,33.5
Honduras,1909,33.5
Honduras,1910,33.5
Honduras,1911,33.5
Honduras,1912,33.5
Honduras,1913,33.5
Honduras,1914,33.5
Honduras,1915,33.5
Honduras,1916,33.5
Honduras,1917,33.5
Honduras,1918,29.6
Honduras,1919,33.5
Honduras,1920,33.5
Honduras,1921,33.5
Honduras,1922,33.5
Honduras,1923,33.5
Honduras,1924,33.4
Honduras,1925,33.4
Honduras,1926,33.4
Honduras,1927,33.4
Honduras,1928,33.4
Honduras,1929,33.4
Honduras,1930,33.4
Honduras,1931,33.7
Honduras,1932,34.1
Honduras,1933,34.4
Honduras,1934,34.8
Honduras,1935,35.1
Honduras,1936,35.4
Honduras,1937,35.8
Honduras,1938,36.1
Honduras,1939,36.4
Honduras,1940,36.8
Honduras,1941,37.2
Honduras,1942,37.6
Honduras,1943,38
Honduras,1944,38.4
Honduras,1945,38.8
Honduras,1946,39.2
Honduras,1947,39.6
Honduras,1948,40
Honduras,1949,40.4
Honduras,1950,40.8
Honduras,1951,41.7
Honduras,1952,41.8
Honduras,1953,42.4
Honduras,1954,42.9
Honduras,1955,43.6
Honduras,1956,44.5
Honduras,1957,45.4
Honduras,1958,46.4
Honduras,1959,47.8
Honduras,1960,49
Honduras,1961,50.1
Honduras,1962,51.3
Honduras,1963,52.3
Honduras,1964,53.4
Honduras,1965,54.4
Honduras,1966,55.3
Honduras,1967,56
Honduras,1968,56.6
Honduras,1969,56.1
Honduras,1970,57.7
Honduras,1971,58.5
Honduras,1972,59
Honduras,1973,57.6
Honduras,1974,54.7
Honduras,1975,62.5
Honduras,1976,63.8
Honduras,1977,64.8
Honduras,1978,66
Honduras,1979,66.8
Honduras,1980,67.9
Honduras,1981,67.5
Honduras,1982,68.3
Honduras,1983,69.2
Honduras,1984,69
Honduras,1985,68.9
Honduras,1986,68.7
Honduras,1987,69.7
Honduras,1988,69.2
Honduras,1989,69.1
Honduras,1990,69.1
Honduras,1991,69.6
Honduras,1992,69.4
Honduras,1993,69.5
Honduras,1994,70
Honduras,1995,69.5
Honduras,1996,69.4
Honduras,1997,69.6
Honduras,1998,63.4
Honduras,1999,69.9
Honduras,2000,70.1
Honduras,2001,70.2
Honduras,2002,70.4
Honduras,2003,70.5
Honduras,2004,70.7
Honduras,2005,70.9
Honduras,2006,71.1
Honduras,2007,71.2
Honduras,2008,71.3
Honduras,2009,71.3
Honduras,2010,71.1
Honduras,2011,71
Honduras,2012,69.3
Honduras,2013,69.6
Honduras,2014,69.9
Honduras,2015,69.9
Honduras,2016,71.5
Honduras,2017,71.7
Honduras,2018,71.9
Honduras,2019,72.1
Honduras,2020,70.7
Honduras,2021,69.3
Honduras,2022,69.9
Honduras,2023,72.7
Honduras,2024,72.8
Croatia,1800,36.1
Croatia,1801,36.1
Croatia,1802,36.1
Croatia,1803,36.1
Croatia,1804,36.1
Croatia,1805,36.1
Croatia,1806,36.1
Croatia,1807,36.1
Croatia,1808,36.1
Croatia,1809,36.1
Croatia,1810,36.1
Croatia,1811,36.1
Croatia,1812,36.1
Croatia,1813,36.1
Croatia,1814,36.1
Croatia,1815,36.1
Croatia,1816,36.1
Croatia,1817,36.1
Croatia,1818,36.1
Croatia,1819,36.1
Croatia,1820,36.1
Croatia,1821,36.1
Croatia,1822,36.1
Croatia,1823,36.1
Croatia,1824,36.1
Croatia,1825,36.1
Croatia,1826,36.1
Croatia,1827,36.1
Croatia,1828,36.1
Croatia,1829,36.1
Croatia,1830,36.1
Croatia,1831,36.1
Croatia,1832,36.1
Croatia,1833,36.1
Croatia,1834,36.1
Croatia,1835,36.1
Croatia,1836,36.1
Croatia,1837,36.1
Croatia,1838,36.1
Croatia,1839,36.1
Croatia,1840,36.1
Croatia,1841,36.1
Croatia,1842,36.1
Croatia,1843,36.1
Croatia,1844,36.1
Croatia,1845,36.1
Croatia,1846,36.1
Croatia,1847,36.1
Croatia,1848,36.1
Croatia,1849,36.1
Croatia,1850,36.1
Croatia,1851,36.1
Croatia,1852,36
Croatia,1853,36
Croatia,1854,36
Croatia,1855,35.9
Croatia,1856,35.9
Croatia,1857,35.9
Croatia,1858,35.9
Croatia,1859,35.8
Croatia,1860,35.8
Croatia,1861,35.8
Croatia,1862,35.7
Croatia,1863,35.7
Croatia,1864,35.7
Croatia,1865,35.6
Croatia,1866,35.6
Croatia,1867,35.6
Croatia,1868,35.5
Croatia,1869,35.5
Croatia,1870,35.5
Croatia,1871,35.4
Croatia,1872,35.4
Croatia,1873,35.4
Croatia,1874,35.3
Croatia,1875,35.3
Croatia,1876,35.3
Croatia,1877,35.2
Croatia,1878,35.2
Croatia,1879,35.2
Croatia,1880,35.1
Croatia,1881,35.1
Croatia,1882,35.1
Croatia,1883,35
Croatia,1884,35
Croatia,1885,35
Croatia,1886,35
Croatia,1887,34.9
Croatia,1888,34.9
Croatia,1889,34.9
Croatia,1890,34.8
Croatia,1891,34.8
Croatia,1892,34.8
Croatia,1893,34.7
Croatia,1894,34.7
Croatia,1895,34.7
Croatia,1896,34.6
Croatia,1897,34.6
Croatia,1898,34.6
Croatia,1899,34.5
Croatia,1900,34.5
Croatia,1901,34.5
Croatia,1902,34.5
Croatia,1903,34.4
Croatia,1904,34.4
Croatia,1905,34.4
Croatia,1906,34.3
Croatia,1907,34.3
Croatia,1908,34.3
Croatia,1909,34.2
Croatia,1910,34.2
Croatia,1911,34.2
Croatia,1912,34.1
Croatia,1913,34.1
Croatia,1914,34.1
Croatia,1915,34
Croatia,1916,34
Croatia,1917,34
Croatia,1918,13.2
Croatia,1919,33.9
Croatia,1920,33.9
Croatia,1921,34.6
Croatia,1922,35.3
Croatia,1923,36
Croatia,1924,36.8
Croatia,1925,37.5
Croatia,1926,38.2
Croatia,1927,38.9
Croatia,1928,39.6
Croatia,1929,40.3
Croatia,1930,41
Croatia,1931,41.8
Croatia,1932,42.5
Croatia,1933,43.2
Croatia,1934,43.9
Croatia,1935,44.6
Croatia,1936,45.3
Croatia,1937,46
Croatia,1938,46.7
Croatia,1939,47.4
Croatia,1940,48.1
Croatia,1941,38.4
Croatia,1942,35.1
Croatia,1943,32.8
Croatia,1944,31.4
Croatia,1945,33.7
Croatia,1946,45.9
Croatia,1947,52.2
Croatia,1948,53.5
Croatia,1949,54.3
Croatia,1950,55
Croatia,1951,54.3
Croatia,1952,57.9
Croatia,1953,58.2
Croatia,1954,60.6
Croatia,1955,60.2
Croatia,1956,61.4
Croatia,1957,62
Croatia,1958,64.6
Croatia,1959,64.2
Croatia,1960,64.7
Croatia,1961,66
Croatia,1962,65.4
Croatia,1963,66.6
Croatia,1964,66.6
Croatia,1965,67.6
Croatia,1966,68.8
Croatia,1967,68.5
Croatia,1968,68.5
Croatia,1969,68
Croatia,1970,68.7
Croatia,1971,69.2
Croatia,1972,69.1
Croatia,1973,70
Croatia,1974,70.4
Croatia,1975,70.6
Croatia,1976,70.8
Croatia,1977,70.9
Croatia,1978,70.7
Croatia,1979,70.7
Croatia,1980,70.7
Croatia,1981,70.7
Croatia,1982,70.6
Croatia,1983,70.3
Croatia,1984,70.7
Croatia,1985,71.3
Croatia,1986,71.6
Croatia,1987,71.4
Croatia,1988,71.8
Croatia,1989,72.2
Croatia,1990,72.5
Croatia,1991,72
Croatia,1992,72.4
Croatia,1993,72.7
Croatia,1994,73.3
Croatia,1995,73
Croatia,1996,73.5
Croatia,1997,73.5
Croatia,1998,73.8
Croatia,1999,74.1
Croatia,2000,74.7
Croatia,2001,74.9
Croatia,2002,75
Croatia,2003,75.1
Croatia,2004,75.6
Croatia,2005,75.6
Croatia,2006,76
Croatia,2007,75.9
Croatia,2008,75.9
Croatia,2009,76.5
Croatia,2010,76.8
Croatia,2011,77.1
Croatia,2012,77.4
Croatia,2013,77.8
Croatia,2014,77.9
Croatia,2015,77.7
Croatia,2016,78.4
Croatia,2017,78.5
Croatia,2018,78.6
Croatia,2019,78.7
Croatia,2020,77.9
Croatia,2021,77.5
Croatia,2022,79.2
Croatia,2023,79.3
Croatia,2024,79.5
Haiti,1800,29
Haiti,1801,29
Haiti,1802,29
Haiti,1803,29
Haiti,1804,29
Haiti,1805,29
Haiti,1806,29
Haiti,1807,29
Haiti,1808,29
Haiti,1809,29
Haiti,1810,29
Haiti,1811,29
Haiti,1812,29
Haiti,1813,29
Haiti,1814,29
Haiti,1815,29
Haiti,1816,29
Haiti,1817,29
Haiti,1818,29
Haiti,1819,29
Haiti,1820,29
Haiti,1821,29
Haiti,1822,29
Haiti,1823,29
Haiti,1824,29
Haiti,1825,29
Haiti,1826,29
Haiti,1827,29
Haiti,1828,29
Haiti,1829,29
Haiti,1830,29
Haiti,1831,29
Haiti,1832,29
Haiti,1833,29
Haiti,1834,29
Haiti,1835,29
Haiti,1836,29
Haiti,1837,29
Haiti,1838,29
Haiti,1839,29
Haiti,1840,29
Haiti,1841,29
Haiti,1842,29
Haiti,1843,29
Haiti,1844,29
Haiti,1845,29
Haiti,1846,29
Haiti,1847,29
Haiti,1848,29
Haiti,1849,29
Haiti,1850,29
Haiti,1851,29.1
Haiti,1852,29.1
Haiti,1853,29.1
Haiti,1854,29.2
Haiti,1855,29.3
Haiti,1856,29.3
Haiti,1857,29.4
Haiti,1858,29.4
Haiti,1859,29.4
Haiti,1860,29.5
Haiti,1861,29.6
Haiti,1862,29.6
Haiti,1863,29.6
Haiti,1864,29.7
Haiti,1865,29.8
Haiti,1866,29.8
Haiti,1867,29.9
Haiti,1868,29.9
Haiti,1869,29.9
Haiti,1870,30
Haiti,1871,30.1
Haiti,1872,30.1
Haiti,1873,30.1
Haiti,1874,30.2
Haiti,1875,30.3
Haiti,1876,30.3
Haiti,1877,30.4
Haiti,1878,30.4
Haiti,1879,30.4
Haiti,1880,30.5
Haiti,1881,30.6
Haiti,1882,30.6
Haiti,1883,30.6
Haiti,1884,30.7
Haiti,1885,30.7
Haiti,1886,30.8
Haiti,1887,30.8
Haiti,1888,30.9
Haiti,1889,30.9
Haiti,1890,31
Haiti,1891,31
Haiti,1892,31.1
Haiti,1893,31.1
Haiti,1894,31.2
Haiti,1895,31.2
Haiti,1896,31.3
Haiti,1897,31.3
Haiti,1898,31.4
Haiti,1899,31.4
Haiti,1900,31.5
Haiti,1901,31.5
Haiti,1902,31.6
Haiti,1903,31.6
Haiti,1904,31.7
Haiti,1905,31.7
Haiti,1906,31.8
Haiti,1907,31.8
Haiti,1908,31.9
Haiti,1909,31.9
Haiti,1910,32
Haiti,1911,32
Haiti,1912,32.1
Haiti,1913,32.1
Haiti,1914,32.2
Haiti,1915,32.2
Haiti,1916,32.3
Haiti,1917,32.3
Haiti,1918,21
Haiti,1919,32.4
Haiti,1920,32.5
Haiti,1921,32.5
Haiti,1922,32.6
Haiti,1923,32.6
Haiti,1924,32.7
Haiti,1925,32.7
Haiti,1926,32.8
Haiti,1927,32.8
Haiti,1928,32.9
Haiti,1929,32.9
Haiti,1930,33
Haiti,1931,33
Haiti,1932,33.1
Haiti,1933,33.1
Haiti,1934,33.2
Haiti,1935,33.2
Haiti,1936,33.3
Haiti,1937,33.3
Haiti,1938,33.4
Haiti,1939,33.4
Haiti,1940,33.5
Haiti,1941,33.5
Haiti,1942,33.6
Haiti,1943,34.7
Haiti,1944,35.8
Haiti,1945,36.9
Haiti,1946,38
Haiti,1947,39.1
Haiti,1948,40.2
Haiti,1949,41.3
Haiti,1950,42.5
Haiti,1951,42.7
Haiti,1952,43
Haiti,1953,43.3
Haiti,1954,43.4
Haiti,1955,44
Haiti,1956,44.3
Haiti,1957,44.5
Haiti,1958,44.8
Haiti,1959,45.1
Haiti,1960,45.4
Haiti,1961,45.6
Haiti,1962,46
Haiti,1963,44.2
Haiti,1964,46.3
Haiti,1965,46.5
Haiti,1966,46.6
Haiti,1967,47
Haiti,1968,47.4
Haiti,1969,47.7
Haiti,1970,48
Haiti,1971,48.3
Haiti,1972,48.5
Haiti,1973,49
Haiti,1974,49.4
Haiti,1975,49.7
Haiti,1976,50.1
Haiti,1977,50.4
Haiti,1978,50.6
Haiti,1979,50.9
Haiti,1980,51.3
Haiti,1981,51.7
Haiti,1982,52
Haiti,1983,52.3
Haiti,1984,52.7
Haiti,1985,53
Haiti,1986,53.4
Haiti,1987,53.8
Haiti,1988,54.1
Haiti,1989,54.4
Haiti,1990,54.6
Haiti,1991,54.6
Haiti,1992,54.9
Haiti,1993,54.5
Haiti,1994,54.8
Haiti,1995,55.4
Haiti,1996,55.7
Haiti,1997,56.1
Haiti,1998,56.5
Haiti,1999,57
Haiti,2000,57.4
Haiti,2001,57.8
Haiti,2002,58.2
Haiti,2003,58.5
Haiti,2004,57.5
Haiti,2005,59
Haiti,2006,59.5
Haiti,2007,60
Haiti,2008,60.2
Haiti,2009,60.7
Haiti,2010,32.5
Haiti,2011,60
Haiti,2012,61.4
Haiti,2013,61.6
Haiti,2014,61.9
Haiti,2015,62.2
Haiti,2016,62.4
Haiti,2017,63.1
Haiti,2018,63.5
Haiti,2019,63.8
Haiti,2020,63.6
Haiti,2021,62.7
Haiti,2022,63.3
Haiti,2023,64.3
Haiti,2024,64.9
Hungary,1800,36
Hungary,1801,36
Hungary,1802,36
Hungary,1803,36
Hungary,1804,36
Hungary,1805,36
Hungary,1806,36
Hungary,1807,36
Hungary,1808,36
Hungary,1809,36
Hungary,1810,36
Hungary,1811,36
Hungary,1812,36
Hungary,1813,36
Hungary,1814,36
Hungary,1815,36
Hungary,1816,36
Hungary,1817,36
Hungary,1818,36
Hungary,1819,36
Hungary,1820,36
Hungary,1821,36
Hungary,1822,36
Hungary,1823,36
Hungary,1824,36
Hungary,1825,36
Hungary,1826,36
Hungary,1827,36
Hungary,1828,36
Hungary,1829,36
Hungary,1830,36
Hungary,1831,36
Hungary,1832,36
Hungary,1833,36
Hungary,1834,36
Hungary,1835,36
Hungary,1836,36
Hungary,1837,36
Hungary,1838,36
Hungary,1839,36
Hungary,1840,36
Hungary,1841,36
Hungary,1842,36
Hungary,1843,36
Hungary,1844,36
Hungary,1845,36
Hungary,1846,36
Hungary,1847,36
Hungary,1848,36
Hungary,1849,36
Hungary,1850,36
Hungary,1851,36
Hungary,1852,36
Hungary,1853,36
Hungary,1854,36
Hungary,1855,36
Hungary,1856,36
Hungary,1857,36
Hungary,1858,36
Hungary,1859,36
Hungary,1860,36
Hungary,1861,36
Hungary,1862,36
Hungary,1863,36
Hungary,1864,36
Hungary,1865,36
Hungary,1866,36
Hungary,1867,36
Hungary,1868,36
Hungary,1869,36
Hungary,1870,36
Hungary,1871,36
Hungary,1872,36
Hungary,1873,36
Hungary,1874,36
Hungary,1875,36
Hungary,1876,36
Hungary,1877,36
Hungary,1878,36
Hungary,1879,36
Hungary,1880,36
Hungary,1881,36
Hungary,1882,36
Hungary,1883,36
Hungary,1884,36
Hungary,1885,36
Hungary,1886,36
Hungary,1887,36
Hungary,1888,36
Hungary,1889,36
Hungary,1890,36
Hungary,1891,36.1
Hungary,1892,36.2
Hungary,1893,36.4
Hungary,1894,36.5
Hungary,1895,36.6
Hungary,1896,36.7
Hungary,1897,36.9
Hungary,1898,37
Hungary,1899,37.1
Hungary,1900,37.3
Hungary,1901,37.5
Hungary,1902,37.8
Hungary,1903,38
Hungary,1904,38.2
Hungary,1905,38.5
Hungary,1906,38.7
Hungary,1907,39
Hungary,1908,39.2
Hungary,1909,39.4
Hungary,1910,39.7
Hungary,1911,39.9
Hungary,1912,40.1
Hungary,1913,40.4
Hungary,1914,40.6
Hungary,1915,40.8
Hungary,1916,41
Hungary,1917,41.3
Hungary,1918,30
Hungary,1919,41.7
Hungary,1920,42
Hungary,1921,42.8
Hungary,1922,43.6
Hungary,1923,44.4
Hungary,1924,45.2
Hungary,1925,46
Hungary,1926,46.8
Hungary,1927,47.6
Hungary,1928,48.5
Hungary,1929,49.3
Hungary,1930,50.1
Hungary,1931,50.8
Hungary,1932,51.4
Hungary,1933,52.1
Hungary,1934,52.8
Hungary,1935,53.5
Hungary,1936,54.1
Hungary,1937,54.8
Hungary,1938,55.5
Hungary,1939,56.1
Hungary,1940,56.8
Hungary,1941,56.4
Hungary,1942,50.8
Hungary,1943,40.9
Hungary,1944,25.9
Hungary,1945,46.9
Hungary,1946,54.8
Hungary,1947,58.8
Hungary,1948,60.5
Hungary,1949,61.1
Hungary,1950,61.9
Hungary,1951,62.5
Hungary,1952,64
Hungary,1953,64.2
Hungary,1954,65.5
Hungary,1955,66.6
Hungary,1956,65.7
Hungary,1957,66.3
Hungary,1958,67.3
Hungary,1959,67.3
Hungary,1960,68.1
Hungary,1961,68.8
Hungary,1962,68.2
Hungary,1963,68.9
Hungary,1964,69.5
Hungary,1965,69.4
Hungary,1966,69.9
Hungary,1967,69.6
Hungary,1968,69.4
Hungary,1969,69.3
Hungary,1970,69.2
Hungary,1971,69.1
Hungary,1972,69.7
Hungary,1973,69.8
Hungary,1974,69.5
Hungary,1975,69.4
Hungary,1976,69.6
Hungary,1977,69.9
Hungary,1978,69.5
Hungary,1979,69.5
Hungary,1980,69.1
Hungary,1981,69.1
Hungary,1982,69.3
Hungary,1983,68.9
Hungary,1984,68.9
Hungary,1985,68.9
Hungary,1986,69.2
Hungary,1987,69.6
Hungary,1988,70
Hungary,1989,69.4
Hungary,1990,69.5
Hungary,1991,69.5
Hungary,1992,69.1
Hungary,1993,69.2
Hungary,1994,69.6
Hungary,1995,70
Hungary,1996,70.8
Hungary,1997,71
Hungary,1998,71
Hungary,1999,71.1
Hungary,2000,71.9
Hungary,2001,72.5
Hungary,2002,72.6
Hungary,2003,72.7
Hungary,2004,73.1
Hungary,2005,73.1
Hungary,2006,73.5
Hungary,2007,73.6
Hungary,2008,74.2
Hungary,2009,74.4
Hungary,2010,74.8
Hungary,2011,75.1
Hungary,2012,75.4
Hungary,2013,75.9
Hungary,2014,76
Hungary,2015,75.9
Hungary,2016,76.3
Hungary,2017,76.3
Hungary,2018,76.3
Hungary,2019,76.6
Hungary,2020,75.9
Hungary,2021,74.7
Hungary,2022,75.1
Hungary,2023,77.3
Hungary,2024,77.4
Indonesia,1800,30
Indonesia,1801,30
Indonesia,1802,30
Indonesia,1803,30
Indonesia,1804,30
Indonesia,1805,30
Indonesia,1806,30
Indonesia,1807,30
Indonesia,1808,30
Indonesia,1809,30
Indonesia,1810,30
Indonesia,1811,30
Indonesia,1812,30
Indonesia,1813,30
Indonesia,1814,30
Indonesia,1815,30
Indonesia,1816,30
Indonesia,1817,30
Indonesia,1818,30
Indonesia,1819,30
Indonesia,1820,30
Indonesia,1821,30
Indonesia,1822,30
Indonesia,1823,30
Indonesia,1824,30
Indonesia,1825,30
Indonesia,1826,30
Indonesia,1827,30
Indonesia,1828,30
Indonesia,1829,30
Indonesia,1830,30
Indonesia,1831,30
Indonesia,1832,30
Indonesia,1833,30
Indonesia,1834,30
Indonesia,1835,30
Indonesia,1836,30
Indonesia,1837,30
Indonesia,1838,30
Indonesia,1839,30
Indonesia,1840,30
Indonesia,1841,30
Indonesia,1842,30
Indonesia,1843,30
Indonesia,1844,30
Indonesia,1845,30
Indonesia,1846,30
Indonesia,1847,30
Indonesia,1848,30
Indonesia,1849,30
Indonesia,1850,30
Indonesia,1851,30.1
Indonesia,1852,30.1
Indonesia,1853,30.2
Indonesia,1854,30.2
Indonesia,1855,30.3
Indonesia,1856,30.3
Indonesia,1857,30.4
Indonesia,1858,30.4
Indonesia,1859,30.5
Indonesia,1860,30.6
Indonesia,1861,30.6
Indonesia,1862,30.7
Indonesia,1863,30.7
Indonesia,1864,30.8
Indonesia,1865,30.8
Indonesia,1866,30.9
Indonesia,1867,30.9
Indonesia,1868,31
Indonesia,1869,31
Indonesia,1870,31.1
Indonesia,1871,31.1
Indonesia,1872,31.2
Indonesia,1873,31.3
Indonesia,1874,31.3
Indonesia,1875,31.4
Indonesia,1876,31.4
Indonesia,1877,31.5
Indonesia,1878,31.5
Indonesia,1879,31.6
Indonesia,1880,31.6
Indonesia,1881,31.7
Indonesia,1882,31.8
Indonesia,1883,31.8
Indonesia,1884,31.9
Indonesia,1885,31.9
Indonesia,1886,32
Indonesia,1887,32
Indonesia,1888,32.1
Indonesia,1889,32.1
Indonesia,1890,32.2
Indonesia,1891,32.3
Indonesia,1892,32.3
Indonesia,1893,32.4
Indonesia,1894,32.4
Indonesia,1895,32.5
Indonesia,1896,32.5
Indonesia,1897,32.6
Indonesia,1898,32.6
Indonesia,1899,32.7
Indonesia,1900,32.8
Indonesia,1901,32.8
Indonesia,1902,32.9
Indonesia,1903,32.9
Indonesia,1904,33
Indonesia,1905,33
Indonesia,1906,33.1
Indonesia,1907,33.1
Indonesia,1908,33.2
Indonesia,1909,33.2
Indonesia,1910,33.3
Indonesia,1911,33.4
Indonesia,1912,33.4
Indonesia,1913,33.5
Indonesia,1914,33.5
Indonesia,1915,33.6
Indonesia,1916,33.6
Indonesia,1917,33.7
Indonesia,1918,15.8
Indonesia,1919,33.8
Indonesia,1920,33.9
Indonesia,1921,33.9
Indonesia,1922,34
Indonesia,1923,34
Indonesia,1924,34.1
Indonesia,1925,34.1
Indonesia,1926,34.2
Indonesia,1927,34.2
Indonesia,1928,34.9
Indonesia,1929,35.5
Indonesia,1930,36.1
Indonesia,1931,36.8
Indonesia,1932,37.4
Indonesia,1933,38
Indonesia,1934,38.7
Indonesia,1935,39.3
Indonesia,1936,39.9
Indonesia,1937,40.6
Indonesia,1938,41.1
Indonesia,1939,41.6
Indonesia,1940,42.1
Indonesia,1941,42.6
Indonesia,1942,33.9
Indonesia,1943,32.8
Indonesia,1944,31.7
Indonesia,1945,30.6
Indonesia,1946,35.9
Indonesia,1947,36.6
Indonesia,1948,37.3
Indonesia,1949,37.9
Indonesia,1950,43.2
Indonesia,1951,43.5
Indonesia,1952,44
Indonesia,1953,44.6
Indonesia,1954,45.2
Indonesia,1955,45.7
Indonesia,1956,46.3
Indonesia,1957,46.9
Indonesia,1958,47.2
Indonesia,1959,47.9
Indonesia,1960,48.6
Indonesia,1961,49.1
Indonesia,1962,49.5
Indonesia,1963,50.1
Indonesia,1964,50.8
Indonesia,1965,51.2
Indonesia,1966,51.6
Indonesia,1967,52.2
Indonesia,1968,52.8
Indonesia,1969,53.4
Indonesia,1970,54.1
Indonesia,1971,54.6
Indonesia,1972,55.2
Indonesia,1973,55.8
Indonesia,1974,56.5
Indonesia,1975,56.9
Indonesia,1976,57.3
Indonesia,1977,57.9
Indonesia,1978,58.5
Indonesia,1979,59.1
Indonesia,1980,59.7
Indonesia,1981,60.3
Indonesia,1982,60.9
Indonesia,1983,61.3
Indonesia,1984,61.7
Indonesia,1985,62.1
Indonesia,1986,62.5
Indonesia,1987,62.8
Indonesia,1988,63.2
Indonesia,1989,63.7
Indonesia,1990,64
Indonesia,1991,64.5
Indonesia,1992,64.9
Indonesia,1993,65.3
Indonesia,1994,65.7
Indonesia,1995,66
Indonesia,1996,66.4
Indonesia,1997,66.7
Indonesia,1998,66.8
Indonesia,1999,67
Indonesia,2000,67.2
Indonesia,2001,67.5
Indonesia,2002,67.7
Indonesia,2003,67.8
Indonesia,2004,66.3
Indonesia,2005,68.3
Indonesia,2006,68.4
Indonesia,2007,68.7
Indonesia,2008,68.9
Indonesia,2009,69.1
Indonesia,2010,69.3
Indonesia,2011,69.6
Indonesia,2012,69.8
Indonesia,2013,70
Indonesia,2014,70.2
Indonesia,2015,70.4
Indonesia,2016,70.7
Indonesia,2017,70.9
Indonesia,2018,71.1
Indonesia,2019,71.4
Indonesia,2020,69.7
Indonesia,2021,68.4
Indonesia,2022,69.1
Indonesia,2023,72
Indonesia,2024,72.1
India,1800,25.4
India,1801,25.4
India,1802,25
India,1803,24
India,1804,23.5
India,1805,25.4
India,1806,25.4
India,1807,25.4
India,1808,25.4
India,1809,25.4
India,1810,25.4
India,1811,25.4
India,1812,23
India,1813,25.4
India,1814,25.4
India,1815,25.4
India,1816,25.4
India,1817,25.4
India,1818,25.4
India,1819,25.4
India,1820,25.4
India,1821,25.4
India,1822,25.4
India,1823,25.4
India,1824,25.4
India,1825,25.4
India,1826,25.4
India,1827,25.4
India,1828,25.4
India,1829,25.4
India,1830,25.4
India,1831,25.4
India,1832,23
India,1833,22
India,1834,25.4
India,1835,25.4
India,1836,25.4
India,1837,24.3
India,1838,23.9
India,1839,25.4
India,1840,25.4
India,1841,25.4
India,1842,25.4
India,1843,25.4
India,1844,25.4
India,1845,25.4
India,1846,25.4
India,1847,25.4
India,1848,25.4
India,1849,25.4
India,1850,25.4
India,1851,25.5
India,1852,25.6
India,1853,25.6
India,1854,25.7
India,1855,25.8
India,1856,25.8
India,1857,25.9
India,1858,25.9
India,1859,26
India,1860,23.6
India,1861,22.6
India,1862,26.2
India,1863,26.3
India,1864,26.1
India,1865,26.2
India,1866,21.9
India,1867,26.3
India,1868,26.4
India,1869,22.3
India,1870,26.7
India,1871,26.8
India,1872,26.8
India,1873,26.9
India,1874,27
India,1875,26.7
India,1876,21.3
India,1877,20.3
India,1878,21.4
India,1879,27.3
India,1880,27.3
India,1881,27.4
India,1882,27.3
India,1883,27.3
India,1884,27.2
India,1885,27.1
India,1886,27.1
India,1887,27
India,1888,26.7
India,1889,26.7
India,1890,26.8
India,1891,25.4
India,1892,25
India,1893,26.7
India,1894,26.7
India,1895,26.6
India,1896,25.4
India,1897,22.2
India,1898,28.8
India,1899,26.2
India,1900,20.6
India,1901,26
India,1902,26.6
India,1903,26.5
India,1904,25
India,1905,24.9
India,1906,24.9
India,1907,22
India,1908,26.6
India,1909,26.6
India,1910,26.6
India,1911,26.7
India,1912,26.9
India,1913,27.2
India,1914,27.5
India,1915,27.8
India,1916,28.1
India,1917,28.4
India,1918,9.48
India,1919,28.8
India,1920,29
India,1921,29.3
India,1922,29.8
India,1923,30.4
India,1924,31
India,1925,31.6
India,1926,32.2
India,1927,32.8
India,1928,33.4
India,1929,34
India,1930,34.6
India,1931,35.2
India,1932,35.7
India,1933,36.2
India,1934,36.6
India,1935,37.1
India,1936,37.6
India,1937,38
India,1938,38.5
India,1939,39
India,1940,39.5
India,1941,40
India,1942,40.4
India,1943,39.5
India,1944,40.2
India,1945,41.5
India,1946,41.9
India,1947,40.1
India,1948,42.3
India,1949,43
India,1950,43.4
India,1951,44
India,1952,44.5
India,1953,44.8
India,1954,45.4
India,1955,45.8
India,1956,46
India,1957,45.9
India,1958,45.8
India,1959,46.1
India,1960,45.8
India,1961,46
India,1962,46.4
India,1963,46.7
India,1964,47.1
India,1965,45.7
India,1966,46
India,1967,46.4
India,1968,48.3
India,1969,48.7
India,1970,49.3
India,1971,49.7
India,1972,50.1
India,1973,50.9
India,1974,51.5
India,1975,51.6
India,1976,52.1
India,1977,52.8
India,1978,53.6
India,1979,54.7
India,1980,55.2
India,1981,55.5
India,1982,56.3
India,1983,56.6
India,1984,56.9
India,1985,57.3
India,1986,57.8
India,1987,58.3
India,1988,58.6
India,1989,59.1
India,1990,59.6
India,1991,59.8
India,1992,60
India,1993,60.6
India,1994,61.2
India,1995,61.7
India,1996,62
India,1997,61.9
India,1998,62.1
India,1999,62.6
India,2000,62.9
India,2001,63.3
India,2002,63.8
India,2003,64.5
India,2004,65.2
India,2005,65.4
India,2006,65.6
India,2007,65.8
India,2008,66.1
India,2009,66.8
India,2010,67.3
India,2011,67.6
India,2012,68
India,2013,68.4
India,2014,69
India,2015,69.4
India,2016,70
India,2017,70.3
India,2018,70.5
India,2019,70.8
India,2020,70
India,2021,67.1
India,2022,67.6
India,2023,71.9
India,2024,72.1
Ireland,1800,38.3
Ireland,1801,38.3
Ireland,1802,38.3
Ireland,1803,38.3
Ireland,1804,38.3
Ireland,1805,38.3
Ireland,1806,38.3
Ireland,1807,38.3
Ireland,1808,38.3
Ireland,1809,38.3
Ireland,1810,38.3
Ireland,1811,38.3
Ireland,1812,38.3
Ireland,1813,38.3
Ireland,1814,38.3
Ireland,1815,38.3
Ireland,1816,38.3
Ireland,1817,38.3
Ireland,1818,38.3
Ireland,1819,38.3
Ireland,1820,38.3
Ireland,1821,38.3
Ireland,1822,38.3
Ireland,1823,38.3
Ireland,1824,38.3
Ireland,1825,38.3
Ireland,1826,38.3
Ireland,1827,38.3
Ireland,1828,38.3
Ireland,1829,38.3
Ireland,1830,38.3
Ireland,1831,38.3
Ireland,1832,38.3
Ireland,1833,38.3
Ireland,1834,38.3
Ireland,1835,38.3
Ireland,1836,38.3
Ireland,1837,38.3
Ireland,1838,38.3
Ireland,1839,38.3
Ireland,1840,38.3
Ireland,1841,38.3
Ireland,1842,38.3
Ireland,1843,38.3
Ireland,1844,38.3
Ireland,1845,38.3
Ireland,1846,19.8
Ireland,1847,24
Ireland,1848,14.9
Ireland,1849,14.1
Ireland,1850,31.2
Ireland,1851,38.3
Ireland,1852,38.3
Ireland,1853,38.3
Ireland,1854,38.3
Ireland,1855,38.3
Ireland,1856,38.3
Ireland,1857,38.3
Ireland,1858,38.3
Ireland,1859,38.3
Ireland,1860,38.6
Ireland,1861,38.8
Ireland,1862,39.1
Ireland,1863,39.4
Ireland,1864,39.6
Ireland,1865,39.9
Ireland,1866,40.2
Ireland,1867,40.4
Ireland,1868,40.7
Ireland,1869,41
Ireland,1870,41.2
Ireland,1871,41.5
Ireland,1872,41.8
Ireland,1873,42
Ireland,1874,42.3
Ireland,1875,42.5
Ireland,1876,42.8
Ireland,1877,43.1
Ireland,1878,43.3
Ireland,1879,43.6
Ireland,1880,43.9
Ireland,1881,44.1
Ireland,1882,44.4
Ireland,1883,44.7
Ireland,1884,44.9
Ireland,1885,45.2
Ireland,1886,45.5
Ireland,1887,45.7
Ireland,1888,46
Ireland,1889,46.3
Ireland,1890,46.5
Ireland,1891,46.8
Ireland,1892,47
Ireland,1893,47.3
Ireland,1894,47.6
Ireland,1895,47.8
Ireland,1896,48.1
Ireland,1897,48.4
Ireland,1898,48.6
Ireland,1899,48.9
Ireland,1900,49.2
Ireland,1901,49.4
Ireland,1902,49.9
Ireland,1903,50.3
Ireland,1904,50.8
Ireland,1905,51.2
Ireland,1906,51.6
Ireland,1907,52.1
Ireland,1908,52.5
Ireland,1909,53
Ireland,1910,53.4
Ireland,1911,53.8
Ireland,1912,54.1
Ireland,1913,54.4
Ireland,1914,54.6
Ireland,1915,54.9
Ireland,1916,55.1
Ireland,1917,55.4
Ireland,1918,49.7
Ireland,1919,55.9
Ireland,1920,56.1
Ireland,1921,56.4
Ireland,1922,56.6
Ireland,1923,56.9
Ireland,1924,57.1
Ireland,1925,57.4
Ireland,1926,57.7
Ireland,1927,57.8
Ireland,1928,57.9
Ireland,1929,58
Ireland,1930,58.2
Ireland,1931,58.3
Ireland,1932,58.4
Ireland,1933,58.6
Ireland,1934,58.7
Ireland,1935,58.8
Ireland,1936,59
Ireland,1937,59.2
Ireland,1938,59.4
Ireland,1939,59.6
Ireland,1940,59.9
Ireland,1941,60.1
Ireland,1942,60.4
Ireland,1943,60.7
Ireland,1944,61
Ireland,1945,61.3
Ireland,1946,61.6
Ireland,1947,62.7
Ireland,1948,63.8
Ireland,1949,64.9
Ireland,1950,66
Ireland,1951,65.8
Ireland,1952,67.3
Ireland,1953,68.1
Ireland,1954,68.3
Ireland,1955,68.5
Ireland,1956,69.1
Ireland,1957,69.4
Ireland,1958,69.6
Ireland,1959,69.8
Ireland,1960,70.1
Ireland,1961,70
Ireland,1962,70.2
Ireland,1963,70.5
Ireland,1964,70.6
Ireland,1965,70.8
Ireland,1966,70.7
Ireland,1967,71.1
Ireland,1968,71.2
Ireland,1969,71.1
Ireland,1970,71.2
Ireland,1971,71.5
Ireland,1972,71.4
Ireland,1973,71.4
Ireland,1974,71.4
Ireland,1975,71.7
Ireland,1976,72
Ireland,1977,72.2
Ireland,1978,72.2
Ireland,1979,72.4
Ireland,1980,72.7
Ireland,1981,73
Ireland,1982,73.3
Ireland,1983,73.4
Ireland,1984,73.7
Ireland,1985,73.8
Ireland,1986,73.9
Ireland,1987,74.3
Ireland,1988,74.5
Ireland,1989,74.7
Ireland,1990,75
Ireland,1991,75.2
Ireland,1992,75.4
Ireland,1993,75.5
Ireland,1994,75.8
Ireland,1995,75.7
Ireland,1996,76
Ireland,1997,76.1
Ireland,1998,76.3
Ireland,1999,76.4
Ireland,2000,76.8
Ireland,2001,77.3
Ireland,2002,77.8
Ireland,2003,78.3
Ireland,2004,78.7
Ireland,2005,79.1
Ireland,2006,79.4
Ireland,2007,79.7
Ireland,2008,80
Ireland,2009,80.2
Ireland,2010,80.8
Ireland,2011,80.8
Ireland,2012,81
Ireland,2013,81.2
Ireland,2014,81.5
Ireland,2015,81.7
Ireland,2016,81.9
Ireland,2017,81.9
Ireland,2018,82
Ireland,2019,82
Ireland,2020,82.2
Ireland,2021,81.8
Ireland,2022,82.5
Ireland,2023,82.6
Ireland,2024,82.8
Iran,1800,25.6
Iran,1801,25.6
Iran,1802,25.6
Iran,1803,25.6
Iran,1804,25.6
Iran,1805,25.6
Iran,1806,25.6
Iran,1807,25.6
Iran,1808,25.6
Iran,1809,25.6
Iran,1810,25.6
Iran,1811,25.6
Iran,1812,25.6
Iran,1813,25.6
Iran,1814,25.6
Iran,1815,25.6
Iran,1816,25.6
Iran,1817,25.6
Iran,1818,25.6
Iran,1819,25.6
Iran,1820,25.6
Iran,1821,25.6
Iran,1822,25.6
Iran,1823,25.6
Iran,1824,25.6
Iran,1825,25.6
Iran,1826,25.6
Iran,1827,25.6
Iran,1828,25.6
Iran,1829,25.6
Iran,1830,25.6
Iran,1831,25.6
Iran,1832,25.6
Iran,1833,25.6
Iran,1834,25.6
Iran,1835,25.6
Iran,1836,25.6
Iran,1837,25.6
Iran,1838,25.6
Iran,1839,25.6
Iran,1840,25.6
Iran,1841,25.6
Iran,1842,25.6
Iran,1843,25.6
Iran,1844,25.6
Iran,1845,25.6
Iran,1846,25.6
Iran,1847,25.6
Iran,1848,25.6
Iran,1849,25.6
Iran,1850,25.6
Iran,1851,25.6
Iran,1852,25.6
Iran,1853,25.6
Iran,1854,25.6
Iran,1855,25.6
Iran,1856,25.6
Iran,1857,25.6
Iran,1858,25.6
Iran,1859,25.6
Iran,1860,25.6
Iran,1861,25.6
Iran,1862,25.6
Iran,1863,25.6
Iran,1864,25.6
Iran,1865,25.6
Iran,1866,25.6
Iran,1867,25.5
Iran,1868,25.5
Iran,1869,25.5
Iran,1870,25.5
Iran,1871,25.5
Iran,1872,25.5
Iran,1873,25.5
Iran,1874,25.5
Iran,1875,25.5
Iran,1876,25.5
Iran,1877,25.5
Iran,1878,25.5
Iran,1879,25.5
Iran,1880,25.5
Iran,1881,25.5
Iran,1882,25.5
Iran,1883,25.5
Iran,1884,25.5
Iran,1885,25.5
Iran,1886,25.5
Iran,1887,25.5
Iran,1888,25.5
Iran,1889,25.5
Iran,1890,25.5
Iran,1891,25.5
Iran,1892,25.5
Iran,1893,25.5
Iran,1894,25.5
Iran,1895,25.4
Iran,1896,25.4
Iran,1897,25.4
Iran,1898,25.4
Iran,1899,25.4
Iran,1900,25.4
Iran,1901,25.4
Iran,1902,25.4
Iran,1903,25.4
Iran,1904,25.4
Iran,1905,25.4
Iran,1906,25.4
Iran,1907,25.4
Iran,1908,25.4
Iran,1909,25.4
Iran,1910,25.4
Iran,1911,25.4
Iran,1912,25.4
Iran,1913,25.4
Iran,1914,25.4
Iran,1915,25.4
Iran,1916,25.4
Iran,1917,25.4
Iran,1918,21
Iran,1919,25.4
Iran,1920,25.4
Iran,1921,25.4
Iran,1922,25.4
Iran,1923,25.4
Iran,1924,25.4
Iran,1925,25.4
Iran,1926,25.4
Iran,1927,25.4
Iran,1928,25.3
Iran,1929,25.3
Iran,1930,25.3
Iran,1931,25.3
Iran,1932,25.3
Iran,1933,25.3
Iran,1934,25.3
Iran,1935,25.3
Iran,1936,25.3
Iran,1937,25.3
Iran,1938,25.3
Iran,1939,25.3
Iran,1940,25.3
Iran,1941,26.7
Iran,1942,28.1
Iran,1943,29.6
Iran,1944,31
Iran,1945,32.4
Iran,1946,33.8
Iran,1947,35.2
Iran,1948,36.6
Iran,1949,38
Iran,1950,39.4
Iran,1951,39.8
Iran,1952,40.2
Iran,1953,40.4
Iran,1954,40.7
Iran,1955,41.2
Iran,1956,41.6
Iran,1957,41.9
Iran,1958,42.9
Iran,1959,43.7
Iran,1960,44.5
Iran,1961,45.3
Iran,1962,45.4
Iran,1963,47
Iran,1964,47.8
Iran,1965,48.7
Iran,1966,49.6
Iran,1967,50.4
Iran,1968,51
Iran,1969,53.1
Iran,1970,54.5
Iran,1971,56
Iran,1972,57.1
Iran,1973,58.9
Iran,1974,60.2
Iran,1975,61.5
Iran,1976,62.6
Iran,1977,63.5
Iran,1978,62.6
Iran,1979,64.6
Iran,1980,64.7
Iran,1981,64.8
Iran,1982,64.4
Iran,1983,65.2
Iran,1984,66.2
Iran,1985,66.3
Iran,1986,65.2
Iran,1987,66.5
Iran,1988,66.8
Iran,1989,68.1
Iran,1990,66.7
Iran,1991,68.9
Iran,1992,69.3
Iran,1993,69.6
Iran,1994,70
Iran,1995,70.4
Iran,1996,70.7
Iran,1997,70.9
Iran,1998,71.3
Iran,1999,71.6
Iran,2000,71.9
Iran,2001,72.2
Iran,2002,72.5
Iran,2003,71.8
Iran,2004,73.2
Iran,2005,73.5
Iran,2006,74
Iran,2007,74.4
Iran,2008,74.8
Iran,2009,75.1
Iran,2010,75.5
Iran,2011,75.8
Iran,2012,76
Iran,2013,76.2
Iran,2014,76.5
Iran,2015,76.7
Iran,2016,77.1
Iran,2017,77.3
Iran,2018,77.6
Iran,2019,77.8
Iran,2020,76.5
Iran,2021,75.5
Iran,2022,76.2
Iran,2023,78.6
Iran,2024,78.9
Iraq,1800,31.2
Iraq,1801,31.2
Iraq,1802,31.2
Iraq,1803,31.2
Iraq,1804,31.2
Iraq,1805,31.2
Iraq,1806,31.2
Iraq,1807,31.2
Iraq,1808,31.2
Iraq,1809,31.2
Iraq,1810,31.2
Iraq,1811,31.2
Iraq,1812,31.2
Iraq,1813,31.2
Iraq,1814,31.2
Iraq,1815,31.2
Iraq,1816,31.2
Iraq,1817,31.2
Iraq,1818,31.2
Iraq,1819,31.2
Iraq,1820,31.2
Iraq,1821,31.2
Iraq,1822,31.2
Iraq,1823,31.2
Iraq,1824,31.2
Iraq,1825,31.2
Iraq,1826,31.2
Iraq,1827,31.2
Iraq,1828,31.2
Iraq,1829,31.2
Iraq,1830,31.2
Iraq,1831,31.2
Iraq,1832,31.2
Iraq,1833,31.2
Iraq,1834,31.2
Iraq,1835,31.2
Iraq,1836,31.2
Iraq,1837,31.2
Iraq,1838,31.2
Iraq,1839,31.2
Iraq,1840,31.2
Iraq,1841,31.2
Iraq,1842,31.2
Iraq,1843,31.2
Iraq,1844,31.2
Iraq,1845,31.2
Iraq,1846,31.2
Iraq,1847,31.2
Iraq,1848,31.2
Iraq,1849,31.2
Iraq,1850,31.2
Iraq,1851,31.4
Iraq,1852,31.6
Iraq,1853,31.8
Iraq,1854,32
Iraq,1855,32.2
Iraq,1856,32.4
Iraq,1857,32.6
Iraq,1858,32.8
Iraq,1859,33
Iraq,1860,33.2
Iraq,1861,33.4
Iraq,1862,33.6
Iraq,1863,33.8
Iraq,1864,34
Iraq,1865,34.2
Iraq,1866,34.4
Iraq,1867,34.5
Iraq,1868,34.8
Iraq,1869,35
Iraq,1870,35.1
Iraq,1871,35.3
Iraq,1872,35.5
Iraq,1873,35.7
Iraq,1874,35.9
Iraq,1875,36.1
Iraq,1876,36.3
Iraq,1877,36.5
Iraq,1878,36.7
Iraq,1879,36.9
Iraq,1880,37.1
Iraq,1881,37.3
Iraq,1882,37.5
Iraq,1883,37.7
Iraq,1884,37.9
Iraq,1885,38.1
Iraq,1886,38.3
Iraq,1887,38.5
Iraq,1888,38.7
Iraq,1889,38.9
Iraq,1890,39.1
Iraq,1891,39.3
Iraq,1892,39.5
Iraq,1893,39.7
Iraq,1894,39.9
Iraq,1895,40.1
Iraq,1896,40.3
Iraq,1897,40.5
Iraq,1898,40.7
Iraq,1899,40.9
Iraq,1900,41.1
Iraq,1901,41.3
Iraq,1902,41.5
Iraq,1903,41.6
Iraq,1904,41.9
Iraq,1905,42
Iraq,1906,42.2
Iraq,1907,42.4
Iraq,1908,42.6
Iraq,1909,42.8
Iraq,1910,43
Iraq,1911,43.2
Iraq,1912,43.4
Iraq,1913,43.6
Iraq,1914,43.8
Iraq,1915,44
Iraq,1916,44.2
Iraq,1917,44.4
Iraq,1918,37
Iraq,1919,44.8
Iraq,1920,45
Iraq,1921,45.2
Iraq,1922,45.4
Iraq,1923,45.6
Iraq,1924,45.8
Iraq,1925,46
Iraq,1926,46.2
Iraq,1927,46.4
Iraq,1928,46.6
Iraq,1929,46.8
Iraq,1930,47
Iraq,1931,47.2
Iraq,1932,47.4
Iraq,1933,47.6
Iraq,1934,47.8
Iraq,1935,48
Iraq,1936,48.2
Iraq,1937,48.4
Iraq,1938,48.6
Iraq,1939,48.8
Iraq,1940,49
Iraq,1941,49.6
Iraq,1942,50.3
Iraq,1943,51
Iraq,1944,51.8
Iraq,1945,52.5
Iraq,1946,53.1
Iraq,1947,53.9
Iraq,1948,54.6
Iraq,1949,55.3
Iraq,1950,56
Iraq,1951,56.3
Iraq,1952,56.6
Iraq,1953,57.4
Iraq,1954,58.1
Iraq,1955,58.5
Iraq,1956,58.9
Iraq,1957,59.3
Iraq,1958,59.5
Iraq,1959,59.4
Iraq,1960,60.5
Iraq,1961,59.1
Iraq,1962,59.5
Iraq,1963,59.7
Iraq,1964,61
Iraq,1965,61.1
Iraq,1966,61.5
Iraq,1967,61.9
Iraq,1968,62.3
Iraq,1969,62.5
Iraq,1970,62.8
Iraq,1971,64
Iraq,1972,64.5
Iraq,1973,64.7
Iraq,1974,63.4
Iraq,1975,64.2
Iraq,1976,66.6
Iraq,1977,66.8
Iraq,1978,67.1
Iraq,1979,67.6
Iraq,1980,64.5
Iraq,1981,63.6
Iraq,1982,58
Iraq,1983,60
Iraq,1984,63.4
Iraq,1985,62.7
Iraq,1986,56.6
Iraq,1987,61.9
Iraq,1988,62
Iraq,1989,66.8
Iraq,1990,67
Iraq,1991,67
Iraq,1992,67
Iraq,1993,67.1
Iraq,1994,67.1
Iraq,1995,67.2
Iraq,1996,67.3
Iraq,1997,67.5
Iraq,1998,67.9
Iraq,1999,68.3
Iraq,2000,68.6
Iraq,2001,69
Iraq,2002,69.3
Iraq,2003,68.1
Iraq,2004,68.3
Iraq,2005,67.7
Iraq,2006,66.6
Iraq,2007,67.2
Iraq,2008,69.3
Iraq,2009,70.1
Iraq,2010,70.6
Iraq,2011,71
Iraq,2012,71.3
Iraq,2013,70.9
Iraq,2014,69.9
Iraq,2015,70.7
Iraq,2016,70.9
Iraq,2017,71.5
Iraq,2018,73.3
Iraq,2019,73.3
Iraq,2020,70.8
Iraq,2021,72
Iraq,2022,73
Iraq,2023,73.8
Iraq,2024,73.9
Iceland,1800,42.9
Iceland,1801,33.9
Iceland,1802,27.6
Iceland,1803,19.6
Iceland,1804,24.8
Iceland,1805,30.9
Iceland,1806,45.8
Iceland,1807,43.6
Iceland,1808,43.5
Iceland,1809,40.4
Iceland,1810,43.1
Iceland,1811,38.6
Iceland,1812,33.7
Iceland,1813,33.3
Iceland,1814,37.2
Iceland,1815,45.1
Iceland,1816,31.1
Iceland,1817,45.6
Iceland,1818,43.5
Iceland,1819,36.8
Iceland,1820,36.6
Iceland,1821,31
Iceland,1822,48.4
Iceland,1823,45.9
Iceland,1824,41.6
Iceland,1825,32.8
Iceland,1826,25.6
Iceland,1827,24.9
Iceland,1828,29.6
Iceland,1829,34.9
Iceland,1830,40.5
Iceland,1831,40.5
Iceland,1832,39.1
Iceland,1833,35.9
Iceland,1834,24
Iceland,1835,36.6
Iceland,1836,30.9
Iceland,1837,32.8
Iceland,1838,32.4
Iceland,1839,27.9
Iceland,1840,32
Iceland,1841,40.2
Iceland,1842,40.1
Iceland,1843,25.4
Iceland,1844,42.9
Iceland,1845,41.4
Iceland,1846,18.3
Iceland,1847,32.9
Iceland,1848,41.4
Iceland,1849,37.1
Iceland,1850,36.6
Iceland,1851,30
Iceland,1852,42.1
Iceland,1853,48.6
Iceland,1854,43.1
Iceland,1855,38.2
Iceland,1856,42.4
Iceland,1857,39.5
Iceland,1858,34.9
Iceland,1859,29.7
Iceland,1860,19.8
Iceland,1861,27.1
Iceland,1862,27
Iceland,1863,35.1
Iceland,1864,34.8
Iceland,1865,34.2
Iceland,1866,27.2
Iceland,1867,37.6
Iceland,1868,34.7
Iceland,1869,28.1
Iceland,1870,38.4
Iceland,1871,35.1
Iceland,1872,25.2
Iceland,1873,36.7
Iceland,1874,39.7
Iceland,1875,36.6
Iceland,1876,40.3
Iceland,1877,44.7
Iceland,1878,41.7
Iceland,1879,39.6
Iceland,1880,42.4
Iceland,1881,35.9
Iceland,1882,17.8
Iceland,1883,30.3
Iceland,1884,42.3
Iceland,1885,45.6
Iceland,1886,45.1
Iceland,1887,40.7
Iceland,1888,46.9
Iceland,1889,52.6
Iceland,1890,36.7
Iceland,1891,47.6
Iceland,1892,52.9
Iceland,1893,52.7
Iceland,1894,44.9
Iceland,1895,52.7
Iceland,1896,53.4
Iceland,1897,48.7
Iceland,1898,44.3
Iceland,1899,49.9
Iceland,1900,46.8
Iceland,1901,53.1
Iceland,1902,50.7
Iceland,1903,49
Iceland,1904,52.8
Iceland,1905,49.7
Iceland,1906,53.8
Iceland,1907,49.9
Iceland,1908,46
Iceland,1909,52.5
Iceland,1910,52.9
Iceland,1911,55.7
Iceland,1912,56.2
Iceland,1913,59.2
Iceland,1914,52.1
Iceland,1915,53.9
Iceland,1916,54.8
Iceland,1917,59.3
Iceland,1918,51.3
Iceland,1919,58.7
Iceland,1920,54.8
Iceland,1921,54.4
Iceland,1922,57.2
Iceland,1923,57.9
Iceland,1924,54.2
Iceland,1925,58.5
Iceland,1926,61.1
Iceland,1927,58.4
Iceland,1928,62.1
Iceland,1929,60.8
Iceland,1930,60.5
Iceland,1931,61.1
Iceland,1932,62.5
Iceland,1933,63.3
Iceland,1934,63.7
Iceland,1935,59.8
Iceland,1936,63.1
Iceland,1937,63.9
Iceland,1938,65.4
Iceland,1939,66.3
Iceland,1940,66.2
Iceland,1941,63.5
Iceland,1942,64.5
Iceland,1943,65.6
Iceland,1944,67.2
Iceland,1945,68
Iceland,1946,69
Iceland,1947,69.8
Iceland,1948,70.6
Iceland,1949,71.9
Iceland,1950,71.5
Iceland,1951,71.8
Iceland,1952,72
Iceland,1953,72.2
Iceland,1954,72.5
Iceland,1955,72.7
Iceland,1956,72.8
Iceland,1957,73
Iceland,1958,73.1
Iceland,1959,73.2
Iceland,1960,73.4
Iceland,1961,73.4
Iceland,1962,73.5
Iceland,1963,73.6
Iceland,1964,73.7
Iceland,1965,73.7
Iceland,1966,73.8
Iceland,1967,73.8
Iceland,1968,73.9
Iceland,1969,74
Iceland,1970,73.9
Iceland,1971,74.2
Iceland,1972,74.5
Iceland,1973,74.8
Iceland,1974,75.1
Iceland,1975,75.7
Iceland,1976,75.9
Iceland,1977,76.1
Iceland,1978,76.2
Iceland,1979,76.3
Iceland,1980,76.5
Iceland,1981,76.7
Iceland,1982,77
Iceland,1983,77.1
Iceland,1984,77.3
Iceland,1985,77.3
Iceland,1986,77.3
Iceland,1987,77.7
Iceland,1988,77.7
Iceland,1989,77.9
Iceland,1990,78.1
Iceland,1991,78.2
Iceland,1992,78.5
Iceland,1993,78.6
Iceland,1994,78.7
Iceland,1995,78.4
Iceland,1996,79
Iceland,1997,79.2
Iceland,1998,79.5
Iceland,1999,79.9
Iceland,2000,80.3
Iceland,2001,80.6
Iceland,2002,80.8
Iceland,2003,81.2
Iceland,2004,81.4
Iceland,2005,81.6
Iceland,2006,81.7
Iceland,2007,81.9
Iceland,2008,82.2
Iceland,2009,82.4
Iceland,2010,82.6
Iceland,2011,82.8
Iceland,2012,82.9
Iceland,2013,83.2
Iceland,2014,83.7
Iceland,2015,83.7
Iceland,2016,83.8
Iceland,2017,83.9
Iceland,2018,84
Iceland,2019,84.1
Iceland,2020,84.3
Iceland,2021,84.3
Iceland,2022,84.5
Iceland,2023,84.6
Iceland,2024,84.8
Israel,1800,32
Israel,1801,32
Israel,1802,32
Israel,1803,32
Israel,1804,32
Israel,1805,32
Israel,1806,32
Israel,1807,32
Israel,1808,32
Israel,1809,32
Israel,1810,32
Israel,1811,32
Israel,1812,32
Israel,1813,32
Israel,1814,32
Israel,1815,32
Israel,1816,32
Israel,1817,32
Israel,1818,32
Israel,1819,32
Israel,1820,32
Israel,1821,32
Israel,1822,32
Israel,1823,32
Israel,1824,32
Israel,1825,32
Israel,1826,32
Israel,1827,32
Israel,1828,32
Israel,1829,32
Israel,1830,32
Israel,1831,32
Israel,1832,32
Israel,1833,32
Israel,1834,32
Israel,1835,32
Israel,1836,32
Israel,1837,32
Israel,1838,32
Israel,1839,32
Israel,1840,32
Israel,1841,32
Israel,1842,32
Israel,1843,32
Israel,1844,32
Israel,1845,32
Israel,1846,32
Israel,1847,32
Israel,1848,32
Israel,1849,32
Israel,1850,32
Israel,1851,32
Israel,1852,32.1
Israel,1853,32.1
Israel,1854,32.2
Israel,1855,32.2
Israel,1856,32.3
Israel,1857,32.3
Israel,1858,32.4
Israel,1859,32.4
Israel,1860,32.5
Israel,1861,32.5
Israel,1862,32.5
Israel,1863,32.6
Israel,1864,32.6
Israel,1865,32.7
Israel,1866,32.7
Israel,1867,32.8
Israel,1868,32.8
Israel,1869,32.9
Israel,1870,32.9
Israel,1871,32.9
Israel,1872,33
Israel,1873,33
Israel,1874,33.1
Israel,1875,33.1
Israel,1876,33.2
Israel,1877,33.2
Israel,1878,33.3
Israel,1879,33.3
Israel,1880,33.3
Israel,1881,33.4
Israel,1882,33.4
Israel,1883,33.5
Israel,1884,33.5
Israel,1885,33.6
Israel,1886,33.6
Israel,1887,33.6
Israel,1888,33.7
Israel,1889,33.7
Israel,1890,33.8
Israel,1891,33.8
Israel,1892,33.9
Israel,1893,33.9
Israel,1894,34
Israel,1895,34
Israel,1896,34
Israel,1897,34.1
Israel,1898,34.1
Israel,1899,34.2
Israel,1900,34.2
Israel,1901,34.3
Israel,1902,34.3
Israel,1903,34.4
Israel,1904,34.4
Israel,1905,34.5
Israel,1906,34.5
Israel,1907,34.5
Israel,1908,34.6
Israel,1909,34.6
Israel,1910,34.7
Israel,1911,34.7
Israel,1912,34.8
Israel,1913,34.8
Israel,1914,34.9
Israel,1915,34.9
Israel,1916,34.9
Israel,1917,35
Israel,1918,29
Israel,1919,35.1
Israel,1920,35.1
Israel,1921,35.2
Israel,1922,35.2
Israel,1923,35.3
Israel,1924,35.3
Israel,1925,35.3
Israel,1926,35.4
Israel,1927,35.4
Israel,1928,35.5
Israel,1929,35.5
Israel,1930,35.6
Israel,1931,35.6
Israel,1932,35.6
Israel,1933,35.7
Israel,1934,35.7
Israel,1935,35.8
Israel,1936,38.2
Israel,1937,40.7
Israel,1938,43.1
Israel,1939,45.6
Israel,1940,48.1
Israel,1941,50.5
Israel,1942,53
Israel,1943,55.5
Israel,1944,58
Israel,1945,60.5
Israel,1946,63
Israel,1947,65.5
Israel,1948,68
Israel,1949,70.5
Israel,1950,73
Israel,1951,72
Israel,1952,71.8
Israel,1953,71.5
Israel,1954,69.8
Israel,1955,70.3
Israel,1956,69.9
Israel,1957,70.3
Israel,1958,71.2
Israel,1959,71.6
Israel,1960,71.8
Israel,1961,71.9
Israel,1962,71.7
Israel,1963,71.8
Israel,1964,71.7
Israel,1965,71.7
Israel,1966,71.8
Israel,1967,70.2
Israel,1968,71.7
Israel,1969,71.5
Israel,1970,71.7
Israel,1971,72.2
Israel,1972,72.2
Israel,1973,70.5
Israel,1974,72.1
Israel,1975,72.4
Israel,1976,73
Israel,1977,73.3
Israel,1978,73.5
Israel,1979,73.8
Israel,1980,74.2
Israel,1981,74.4
Israel,1982,74.7
Israel,1983,74.8
Israel,1984,75.2
Israel,1985,75.6
Israel,1986,75.7
Israel,1987,76.1
Israel,1988,76.5
Israel,1989,77
Israel,1990,77.3
Israel,1991,77.2
Israel,1992,77.1
Israel,1993,77.5
Israel,1994,77.7
Israel,1995,77.8
Israel,1996,78
Israel,1997,78.2
Israel,1998,78.4
Israel,1999,78.7
Israel,2000,78.9
Israel,2001,79
Israel,2002,78.9
Israel,2003,79.5
Israel,2004,79.9
Israel,2005,80.3
Israel,2006,80.4
Israel,2007,80.8
Israel,2008,81
Israel,2009,81.4
Israel,2010,81.9
Israel,2011,82
Israel,2012,82.3
Israel,2013,82.5
Israel,2014,82
Israel,2015,82.7
Israel,2016,83
Israel,2017,83
Israel,2018,83
Israel,2019,83
Israel,2020,82.5
Israel,2021,82.4
Israel,2022,82.8
Israel,2023,83.6
Israel,2024,83.7
Italy,1800,29.7
Italy,1801,29.7
Italy,1802,29.7
Italy,1803,29.7
Italy,1804,29.7
Italy,1805,29.7
Italy,1806,29.7
Italy,1807,29.7
Italy,1808,29.7
Italy,1809,29.7
Italy,1810,29.7
Italy,1811,29.7
Italy,1812,29.7
Italy,1813,29.7
Italy,1814,29.7
Italy,1815,29.7
Italy,1816,29.7
Italy,1817,29.7
Italy,1818,29.7
Italy,1819,29.7
Italy,1820,29.7
Italy,1821,29.7
Italy,1822,29.7
Italy,1823,29.7
Italy,1824,29.7
Italy,1825,29.7
Italy,1826,29.7
Italy,1827,29.7
Italy,1828,29.7
Italy,1829,29.7
Italy,1830,29.7
Italy,1831,29.7
Italy,1832,29.7
Italy,1833,29.7
Italy,1834,29.7
Italy,1835,29.7
Italy,1836,29.7
Italy,1837,29.7
Italy,1838,29.7
Italy,1839,29.7
Italy,1840,29.7
Italy,1841,29.7
Italy,1842,29.7
Italy,1843,29.7
Italy,1844,29.7
Italy,1845,29.7
Italy,1846,29.7
Italy,1847,29.7
Italy,1848,29.7
Italy,1849,29.7
Italy,1850,29.7
Italy,1851,29.7
Italy,1852,29.7
Italy,1853,29.7
Italy,1854,29.7
Italy,1855,29.7
Italy,1856,29.7
Italy,1857,29.7
Italy,1858,29.7
Italy,1859,29.7
Italy,1860,29.7
Italy,1861,29.7
Italy,1862,29.7
Italy,1863,29.7
Italy,1864,29.7
Italy,1865,29.7
Italy,1866,29.7
Italy,1867,29.7
Italy,1868,29.7
Italy,1869,29.7
Italy,1870,29.7
Italy,1871,29.7
Italy,1872,29.7
Italy,1873,31.6
Italy,1874,31.8
Italy,1875,31.3
Italy,1876,33.6
Italy,1877,34.9
Italy,1878,34.3
Italy,1879,34
Italy,1880,32.8
Italy,1881,34.2
Italy,1882,34.3
Italy,1883,35.2
Italy,1884,36.6
Italy,1885,36.9
Italy,1886,35.1
Italy,1887,36
Italy,1888,37
Italy,1889,39.1
Italy,1890,38.5
Italy,1891,38.5
Italy,1892,38.9
Italy,1893,39.8
Italy,1894,40
Italy,1895,39.6
Italy,1896,40.7
Italy,1897,43.3
Italy,1898,42.4
Italy,1899,43.7
Italy,1900,41.7
Italy,1901,43.6
Italy,1902,43
Italy,1903,43.2
Italy,1904,44.5
Italy,1905,44
Italy,1906,45.1
Italy,1907,45.5
Italy,1908,43.2
Italy,1909,44.7
Italy,1910,46.8
Italy,1911,44.8
Italy,1912,49
Italy,1913,48.5
Italy,1914,50
Italy,1915,42.4
Italy,1916,39.3
Italy,1917,37.7
Italy,1918,25.7
Italy,1919,42.2
Italy,1920,45.6
Italy,1921,49.3
Italy,1922,50.1
Italy,1923,51.5
Italy,1924,51.6
Italy,1925,51.4
Italy,1926,51
Italy,1927,52.7
Italy,1928,52.8
Italy,1929,52.4
Italy,1930,55.3
Italy,1931,54.9
Italy,1932,54.9
Italy,1933,56.4
Italy,1934,57
Italy,1935,56.3
Italy,1936,56.9
Italy,1937,55.6
Italy,1938,56.2
Italy,1939,57.8
Italy,1940,57.1
Italy,1941,54.7
Italy,1942,52.5
Italy,1943,49.3
Italy,1944,52.4
Italy,1945,54.9
Italy,1946,59.1
Italy,1947,61.3
Italy,1948,63.6
Italy,1949,64.2
Italy,1950,65.9
Italy,1951,65.7
Italy,1952,66.2
Italy,1953,67.1
Italy,1954,68.1
Italy,1955,68.4
Italy,1956,68.3
Italy,1957,68.4
Italy,1958,69.2
Italy,1959,69.7
Italy,1960,69.9
Italy,1961,70.2
Italy,1962,69.9
Italy,1963,70
Italy,1964,70.7
Italy,1965,70.9
Italy,1966,71.3
Italy,1967,71.3
Italy,1968,71.2
Italy,1969,71.3
Italy,1970,71.8
Italy,1971,72.1
Italy,1972,72.3
Italy,1973,72.4
Italy,1974,72.8
Italy,1975,72.9
Italy,1976,73.1
Italy,1977,73.5
Italy,1978,73.8
Italy,1979,74.1
Italy,1980,74.2
Italy,1981,74.6
Italy,1982,75
Italy,1983,75
Italy,1984,75.5
Italy,1985,75.8
Italy,1986,76.1
Italy,1987,76.5
Italy,1988,76.7
Italy,1989,77
Italy,1990,77.2
Italy,1991,77.3
Italy,1992,77.5
Italy,1993,77.8
Italy,1994,78
Italy,1995,78.2
Italy,1996,78.5
Italy,1997,78.8
Italy,1998,79
Italy,1999,79.3
Italy,2000,79.6
Italy,2001,79.9
Italy,2002,80.2
Italy,2003,80.3
Italy,2004,80.8
Italy,2005,81
Italy,2006,81.3
Italy,2007,81.5
Italy,2008,81.6
Italy,2009,81.8
Italy,2010,82.1
Italy,2011,82.2
Italy,2012,82.4
Italy,2013,82.6
Italy,2014,82.8
Italy,2015,82.7
Italy,2016,83
Italy,2017,83.1
Italy,2018,83.1
Italy,2019,83.1
Italy,2020,82
Italy,2021,82.4
Italy,2022,83.6
Italy,2023,83.8
Italy,2024,83.9
Jamaica,1800,34.2
Jamaica,1801,34.2
Jamaica,1802,34.2
Jamaica,1803,34.2
Jamaica,1804,34.2
Jamaica,1805,34.2
Jamaica,1806,34.2
Jamaica,1807,34.2
Jamaica,1808,34.2
Jamaica,1809,34.2
Jamaica,1810,34.2
Jamaica,1811,34.2
Jamaica,1812,34.2
Jamaica,1813,34.2
Jamaica,1814,34.2
Jamaica,1815,34.2
Jamaica,1816,34.2
Jamaica,1817,34.2
Jamaica,1818,34.2
Jamaica,1819,34.2
Jamaica,1820,34.2
Jamaica,1821,34.2
Jamaica,1822,34.2
Jamaica,1823,34.2
Jamaica,1824,34.2
Jamaica,1825,34.2
Jamaica,1826,34.2
Jamaica,1827,34.2
Jamaica,1828,34.2
Jamaica,1829,34.2
Jamaica,1830,34.2
Jamaica,1831,34.2
Jamaica,1832,34.2
Jamaica,1833,34.2
Jamaica,1834,34.2
Jamaica,1835,34.2
Jamaica,1836,34.2
Jamaica,1837,34.2
Jamaica,1838,34.2
Jamaica,1839,34.2
Jamaica,1840,34.2
Jamaica,1841,34.2
Jamaica,1842,34.2
Jamaica,1843,34.2
Jamaica,1844,34.2
Jamaica,1845,34.2
Jamaica,1846,34.2
Jamaica,1847,34.2
Jamaica,1848,34.2
Jamaica,1849,34.2
Jamaica,1850,34.2
Jamaica,1851,34.2
Jamaica,1852,34.2
Jamaica,1853,34.2
Jamaica,1854,34.2
Jamaica,1855,34.2
Jamaica,1856,34.2
Jamaica,1857,34.2
Jamaica,1858,34.2
Jamaica,1859,34.2
Jamaica,1860,34.2
Jamaica,1861,34.2
Jamaica,1862,34.2
Jamaica,1863,34.2
Jamaica,1864,34.2
Jamaica,1865,34.2
Jamaica,1866,34.2
Jamaica,1867,34.2
Jamaica,1868,34.2
Jamaica,1869,34.2
Jamaica,1870,34.2
Jamaica,1871,34.2
Jamaica,1872,34.2
Jamaica,1873,34.2
Jamaica,1874,34.2
Jamaica,1875,34.2
Jamaica,1876,34.2
Jamaica,1877,34.2
Jamaica,1878,34.2
Jamaica,1879,34.2
Jamaica,1880,34.2
Jamaica,1881,34.2
Jamaica,1882,40.1
Jamaica,1883,38.1
Jamaica,1884,37.2
Jamaica,1885,37.8
Jamaica,1886,36.9
Jamaica,1887,35.5
Jamaica,1888,38.6
Jamaica,1889,37.6
Jamaica,1890,34.3
Jamaica,1891,37.3
Jamaica,1892,39.2
Jamaica,1893,38.6
Jamaica,1894,39
Jamaica,1895,37.4
Jamaica,1896,37.6
Jamaica,1897,37
Jamaica,1898,39.1
Jamaica,1899,37.6
Jamaica,1900,37.8
Jamaica,1901,38.1
Jamaica,1902,40.4
Jamaica,1903,34.6
Jamaica,1904,33.6
Jamaica,1905,37.6
Jamaica,1906,32.4
Jamaica,1907,29.5
Jamaica,1908,36.8
Jamaica,1909,37.3
Jamaica,1910,36.7
Jamaica,1911,37.9
Jamaica,1912,34.4
Jamaica,1913,37.5
Jamaica,1914,38.2
Jamaica,1915,37
Jamaica,1916,35.6
Jamaica,1917,31.7
Jamaica,1918,26.4
Jamaica,1919,36.6
Jamaica,1920,35.4
Jamaica,1921,30.7
Jamaica,1922,37
Jamaica,1923,38
Jamaica,1924,38.6
Jamaica,1925,39
Jamaica,1926,40.8
Jamaica,1927,39.5
Jamaica,1928,41.6
Jamaica,1929,43
Jamaica,1930,45.4
Jamaica,1931,42.8
Jamaica,1932,44.3
Jamaica,1933,41.6
Jamaica,1934,44.5
Jamaica,1935,44.1
Jamaica,1936,44.5
Jamaica,1937,47.3
Jamaica,1938,46
Jamaica,1939,48.6
Jamaica,1940,47.7
Jamaica,1941,49.5
Jamaica,1942,50
Jamaica,1943,50.6
Jamaica,1944,49.5
Jamaica,1945,49.6
Jamaica,1946,52
Jamaica,1947,51
Jamaica,1948,52.4
Jamaica,1949,54.7
Jamaica,1950,57.5
Jamaica,1951,57.9
Jamaica,1952,59.2
Jamaica,1953,60.5
Jamaica,1954,61.3
Jamaica,1955,62.1
Jamaica,1956,63
Jamaica,1957,63.9
Jamaica,1958,64.4
Jamaica,1959,64.6
Jamaica,1960,65.1
Jamaica,1961,65.4
Jamaica,1962,64.8
Jamaica,1963,66.1
Jamaica,1964,66.6
Jamaica,1965,66.8
Jamaica,1966,67.3
Jamaica,1967,67.8
Jamaica,1968,67.7
Jamaica,1969,68.4
Jamaica,1970,68.9
Jamaica,1971,68.8
Jamaica,1972,69.5
Jamaica,1973,70.1
Jamaica,1974,70.7
Jamaica,1975,71
Jamaica,1976,71.1
Jamaica,1977,70.9
Jamaica,1978,72
Jamaica,1979,72.8
Jamaica,1980,73.8
Jamaica,1981,73.5
Jamaica,1982,74
Jamaica,1983,73
Jamaica,1984,72.7
Jamaica,1985,73.1
Jamaica,1986,73.8
Jamaica,1987,73.4
Jamaica,1988,74.5
Jamaica,1989,74.8
Jamaica,1990,75.3
Jamaica,1991,76.2
Jamaica,1992,75.9
Jamaica,1993,75.5
Jamaica,1994,75.3
Jamaica,1995,75.3
Jamaica,1996,75.2
Jamaica,1997,75
Jamaica,1998,74.9
Jamaica,1999,74.5
Jamaica,2000,74.6
Jamaica,2001,74.7
Jamaica,2002,75.5
Jamaica,2003,76.3
Jamaica,2004,76.8
Jamaica,2005,77.4
Jamaica,2006,77.5
Jamaica,2007,76.3
Jamaica,2008,75.2
Jamaica,2009,74.6
Jamaica,2010,76.3
Jamaica,2011,75.8
Jamaica,2012,77
Jamaica,2013,77.1
Jamaica,2014,76.3
Jamaica,2015,76.1
Jamaica,2016,76.2
Jamaica,2017,76.3
Jamaica,2018,76.3
Jamaica,2019,76.3
Jamaica,2020,76.4
Jamaica,2021,74.9
Jamaica,2022,75
Jamaica,2023,76.9
Jamaica,2024,77
Jordan,1800,31.7
Jordan,1801,31.7
Jordan,1802,31.7
Jordan,1803,31.7
Jordan,1804,31.7
Jordan,1805,31.7
Jordan,1806,31.7
Jordan,1807,31.7
Jordan,1808,31.7
Jordan,1809,31.7
Jordan,1810,31.7
Jordan,1811,31.7
Jordan,1812,31.7
Jordan,1813,31.7
Jordan,1814,31.7
Jordan,1815,31.7
Jordan,1816,31.7
Jordan,1817,31.7
Jordan,1818,31.7
Jordan,1819,31.7
Jordan,1820,31.7
Jordan,1821,31.7
Jordan,1822,31.7
Jordan,1823,31.7
Jordan,1824,31.7
Jordan,1825,31.7
Jordan,1826,31.7
Jordan,1827,31.7
Jordan,1828,31.7
Jordan,1829,31.7
Jordan,1830,31.7
Jordan,1831,31.7
Jordan,1832,31.7
Jordan,1833,31.7
Jordan,1834,31.7
Jordan,1835,31.7
Jordan,1836,31.7
Jordan,1837,31.7
Jordan,1838,31.7
Jordan,1839,31.7
Jordan,1840,31.7
Jordan,1841,31.7
Jordan,1842,31.7
Jordan,1843,31.7
Jordan,1844,31.7
Jordan,1845,31.7
Jordan,1846,31.7
Jordan,1847,31.7
Jordan,1848,31.7
Jordan,1849,31.7
Jordan,1850,31.7
Jordan,1851,31.8
Jordan,1852,31.9
Jordan,1853,31.9
Jordan,1854,32
Jordan,1855,32.1
Jordan,1856,32.2
Jordan,1857,32.3
Jordan,1858,32.4
Jordan,1859,32.5
Jordan,1860,32.5
Jordan,1861,32.6
Jordan,1862,32.7
Jordan,1863,32.8
Jordan,1864,32.9
Jordan,1865,32.9
Jordan,1866,33
Jordan,1867,33.1
Jordan,1868,33.2
Jordan,1869,33.3
Jordan,1870,33.4
Jordan,1871,33.4
Jordan,1872,33.5
Jordan,1873,33.6
Jordan,1874,33.7
Jordan,1875,33.8
Jordan,1876,33.9
Jordan,1877,33.9
Jordan,1878,34
Jordan,1879,34.1
Jordan,1880,34.2
Jordan,1881,34.3
Jordan,1882,34.4
Jordan,1883,34.4
Jordan,1884,34.5
Jordan,1885,34.6
Jordan,1886,34.7
Jordan,1887,34.8
Jordan,1888,34.9
Jordan,1889,34.9
Jordan,1890,35
Jordan,1891,35.1
Jordan,1892,35.2
Jordan,1893,35.3
Jordan,1894,35.3
Jordan,1895,35.4
Jordan,1896,35.5
Jordan,1897,35.6
Jordan,1898,35.7
Jordan,1899,35.8
Jordan,1900,35.8
Jordan,1901,35.9
Jordan,1902,36
Jordan,1903,36.1
Jordan,1904,36.2
Jordan,1905,36.3
Jordan,1906,36.3
Jordan,1907,36.4
Jordan,1908,36.5
Jordan,1909,36.6
Jordan,1910,36.7
Jordan,1911,36.8
Jordan,1912,36.8
Jordan,1913,36.9
Jordan,1914,37
Jordan,1915,37.1
Jordan,1916,37.2
Jordan,1917,37.3
Jordan,1918,30.9
Jordan,1919,37.4
Jordan,1920,37.5
Jordan,1921,37.6
Jordan,1922,37.7
Jordan,1923,37.7
Jordan,1924,37.8
Jordan,1925,37.9
Jordan,1926,38
Jordan,1927,38.1
Jordan,1928,38.2
Jordan,1929,38.2
Jordan,1930,38.3
Jordan,1931,38.4
Jordan,1932,38.5
Jordan,1933,38.6
Jordan,1934,38.7
Jordan,1935,38.7
Jordan,1936,39.9
Jordan,1937,41
Jordan,1938,42.2
Jordan,1939,43.4
Jordan,1940,44.5
Jordan,1941,45.8
Jordan,1942,47
Jordan,1943,48.2
Jordan,1944,49.4
Jordan,1945,50.6
Jordan,1946,51.9
Jordan,1947,53.1
Jordan,1948,54.4
Jordan,1949,55.6
Jordan,1950,56.9
Jordan,1951,57
Jordan,1952,57.1
Jordan,1953,57.3
Jordan,1954,57.5
Jordan,1955,57.5
Jordan,1956,57.9
Jordan,1957,58.1
Jordan,1958,58.5
Jordan,1959,58.9
Jordan,1960,59.4
Jordan,1961,59.6
Jordan,1962,60
Jordan,1963,60.1
Jordan,1964,60.9
Jordan,1965,61.4
Jordan,1966,61.4
Jordan,1967,61.6
Jordan,1968,62.9
Jordan,1969,63.5
Jordan,1970,63
Jordan,1971,64.4
Jordan,1972,64.8
Jordan,1973,65.2
Jordan,1974,65.3
Jordan,1975,65.4
Jordan,1976,65.7
Jordan,1977,66.3
Jordan,1978,66.5
Jordan,1979,66.7
Jordan,1980,67.1
Jordan,1981,67.5
Jordan,1982,67.6
Jordan,1983,68.1
Jordan,1984,68.7
Jordan,1985,69.1
Jordan,1986,69
Jordan,1987,69.6
Jordan,1988,70.3
Jordan,1989,70.7
Jordan,1990,71.2
Jordan,1991,71.4
Jordan,1992,71.8
Jordan,1993,71.6
Jordan,1994,71.7
Jordan,1995,71.8
Jordan,1996,71.8
Jordan,1997,72
Jordan,1998,72.3
Jordan,1999,72.5
Jordan,2000,72.9
Jordan,2001,73
Jordan,2002,73.3
Jordan,2003,73.8
Jordan,2004,74
Jordan,2005,74.1
Jordan,2006,74.5
Jordan,2007,75.5
Jordan,2008,76.2
Jordan,2009,76.7
Jordan,2010,76.9
Jordan,2011,77.2
Jordan,2012,77.5
Jordan,2013,77.9
Jordan,2014,78.1
Jordan,2015,78.2
Jordan,2016,78.1
Jordan,2017,78.2
Jordan,2018,77.9
Jordan,2019,78.2
Jordan,2020,77.3
Jordan,2021,76.4
Jordan,2022,76.3
Jordan,2023,77.2
Jordan,2024,79
Japan,1800,36.4
Japan,1801,36.4
Japan,1802,36.4
Japan,1803,36.4
Japan,1804,36.4
Japan,1805,36.4
Japan,1806,36.4
Japan,1807,36.4
Japan,1808,36.4
Japan,1809,36.4
Japan,1810,36.4
Japan,1811,36.4
Japan,1812,36.4
Japan,1813,36.4
Japan,1814,36.4
Japan,1815,36.4
Japan,1816,36.4
Japan,1817,36.4
Japan,1818,36.4
Japan,1819,36.4
Japan,1820,36.4
Japan,1821,36.4
Japan,1822,36.4
Japan,1823,36.4
Japan,1824,36.4
Japan,1825,36.4
Japan,1826,36.4
Japan,1827,36.4
Japan,1828,36.4
Japan,1829,36.4
Japan,1830,36.4
Japan,1831,36.4
Japan,1832,36.4
Japan,1833,36.4
Japan,1834,36.4
Japan,1835,36.4
Japan,1836,36.4
Japan,1837,36.4
Japan,1838,36.4
Japan,1839,36.4
Japan,1840,36.4
Japan,1841,36.4
Japan,1842,36.4
Japan,1843,36.4
Japan,1844,36.4
Japan,1845,36.4
Japan,1846,36.4
Japan,1847,36.4
Japan,1848,36.4
Japan,1849,36.4
Japan,1850,36.4
Japan,1851,36.4
Japan,1852,36.4
Japan,1853,36.4
Japan,1854,36.4
Japan,1855,36.4
Japan,1856,36.4
Japan,1857,36.4
Japan,1858,36.4
Japan,1859,36.5
Japan,1860,36.5
Japan,1861,36.5
Japan,1862,36.5
Japan,1863,36.5
Japan,1864,36.5
Japan,1865,36.5
Japan,1866,36.5
Japan,1867,36.5
Japan,1868,36.6
Japan,1869,36.6
Japan,1870,36.6
Japan,1871,36.7
Japan,1872,36.7
Japan,1873,36.8
Japan,1874,36.8
Japan,1875,36.9
Japan,1876,36.9
Japan,1877,37
Japan,1878,37
Japan,1879,37.1
Japan,1880,37.1
Japan,1881,37.2
Japan,1882,37.2
Japan,1883,37.3
Japan,1884,37.4
Japan,1885,37.4
Japan,1886,37.5
Japan,1887,37.6
Japan,1888,37.6
Japan,1889,37.7
Japan,1890,37.8
Japan,1891,37.9
Japan,1892,38
Japan,1893,38.1
Japan,1894,38.1
Japan,1895,38.2
Japan,1896,38.3
Japan,1897,38.4
Japan,1898,38.5
Japan,1899,38.6
Japan,1900,38.8
Japan,1901,38.9
Japan,1902,39
Japan,1903,39.1
Japan,1904,39.3
Japan,1905,39.4
Japan,1906,39.5
Japan,1907,39.7
Japan,1908,39.9
Japan,1909,40
Japan,1910,40.2
Japan,1911,40.4
Japan,1912,40.5
Japan,1913,40.7
Japan,1914,40.9
Japan,1915,41.1
Japan,1916,41.3
Japan,1917,41.6
Japan,1918,32.9
Japan,1919,42
Japan,1920,42.3
Japan,1921,42.6
Japan,1922,42.9
Japan,1923,43.5
Japan,1924,44.1
Japan,1925,44.7
Japan,1926,45.3
Japan,1927,45.9
Japan,1928,46.3
Japan,1929,46.6
Japan,1930,46.9
Japan,1931,47.3
Japan,1932,47.6
Japan,1933,47.9
Japan,1934,48.2
Japan,1935,48.6
Japan,1936,49
Japan,1937,49.3
Japan,1938,49.3
Japan,1939,49.3
Japan,1940,49.3
Japan,1941,49.1
Japan,1942,48.9
Japan,1943,46.3
Japan,1944,40.3
Japan,1945,30.8
Japan,1946,46.9
Japan,1947,52.1
Japan,1948,57.3
Japan,1949,58.2
Japan,1950,59.8
Japan,1951,61.5
Japan,1952,63.4
Japan,1953,64
Japan,1954,65
Japan,1955,66.1
Japan,1956,66.1
Japan,1957,66.2
Japan,1958,67.4
Japan,1959,67.8
Japan,1960,68.3
Japan,1961,68.8
Japan,1962,69.3
Japan,1963,70.1
Japan,1964,70.7
Japan,1965,70.9
Japan,1966,71.5
Japan,1967,71.9
Japan,1968,72.2
Japan,1969,72.4
Japan,1970,72.7
Japan,1971,73.3
Japan,1972,73.7
Japan,1973,73.9
Japan,1974,74.3
Japan,1975,74.8
Japan,1976,75.2
Japan,1977,75.8
Japan,1978,76.1
Japan,1979,76.4
Japan,1980,76.6
Japan,1981,76.9
Japan,1982,77.3
Japan,1983,77.5
Japan,1984,77.8
Japan,1985,78.2
Japan,1986,78.5
Japan,1987,78.9
Japan,1988,79
Japan,1989,79.3
Japan,1990,79.4
Japan,1991,79.6
Japan,1992,79.7
Japan,1993,79.9
Japan,1994,80.2
Japan,1995,80.2
Japan,1996,80.7
Japan,1997,81
Japan,1998,81
Japan,1999,81.2
Japan,2000,81.6
Japan,2001,81.9
Japan,2002,82.2
Japan,2003,82.3
Japan,2004,82.5
Japan,2005,82.5
Japan,2006,82.8
Japan,2007,82.9
Japan,2008,83.1
Japan,2009,83.3
Japan,2010,83.3
Japan,2011,83.2
Japan,2012,83.6
Japan,2013,83.9
Japan,2014,84.1
Japan,2015,84.3
Japan,2016,84.5
Japan,2017,84.7
Japan,2018,84.8
Japan,2019,84.8
Japan,2020,85.1
Japan,2021,85.2
Japan,2022,85.2
Japan,2023,85.3
Japan,2024,85.5
Kazakhstan,1800,26.2
Kazakhstan,1801,26.2
Kazakhstan,1802,26.2
Kazakhstan,1803,26.2
Kazakhstan,1804,26.2
Kazakhstan,1805,26.2
Kazakhstan,1806,26.2
Kazakhstan,1807,26.2
Kazakhstan,1808,26.2
Kazakhstan,1809,26.2
Kazakhstan,1810,26.2
Kazakhstan,1811,26.2
Kazakhstan,1812,26.2
Kazakhstan,1813,26.2
Kazakhstan,1814,26.2
Kazakhstan,1815,26.2
Kazakhstan,1816,26.2
Kazakhstan,1817,26.2
Kazakhstan,1818,26.2
Kazakhstan,1819,26.2
Kazakhstan,1820,26.2
Kazakhstan,1821,26.2
Kazakhstan,1822,26.2
Kazakhstan,1823,26.2
Kazakhstan,1824,26.2
Kazakhstan,1825,26.2
Kazakhstan,1826,26.2
Kazakhstan,1827,26.2
Kazakhstan,1828,26.2
Kazakhstan,1829,26.2
Kazakhstan,1830,26.2
Kazakhstan,1831,26.2
Kazakhstan,1832,26.2
Kazakhstan,1833,26.2
Kazakhstan,1834,26.2
Kazakhstan,1835,26.2
Kazakhstan,1836,26.2
Kazakhstan,1837,26.2
Kazakhstan,1838,26.2
Kazakhstan,1839,26.2
Kazakhstan,1840,26.2
Kazakhstan,1841,26.2
Kazakhstan,1842,26.2
Kazakhstan,1843,26.2
Kazakhstan,1844,26.2
Kazakhstan,1845,26.2
Kazakhstan,1846,26.2
Kazakhstan,1847,26.2
Kazakhstan,1848,26.2
Kazakhstan,1849,26.2
Kazakhstan,1850,26.2
Kazakhstan,1851,26.2
Kazakhstan,1852,26.2
Kazakhstan,1853,26.2
Kazakhstan,1854,26.3
Kazakhstan,1855,26.3
Kazakhstan,1856,26.3
Kazakhstan,1857,26.3
Kazakhstan,1858,26.3
Kazakhstan,1859,26.3
Kazakhstan,1860,26.3
Kazakhstan,1861,26.4
Kazakhstan,1862,26.4
Kazakhstan,1863,26.4
Kazakhstan,1864,25.9
Kazakhstan,1865,25.4
Kazakhstan,1866,24.9
Kazakhstan,1867,24.3
Kazakhstan,1868,23.8
Kazakhstan,1869,23.9
Kazakhstan,1870,23.9
Kazakhstan,1871,24
Kazakhstan,1872,24.1
Kazakhstan,1873,24.1
Kazakhstan,1874,24.3
Kazakhstan,1875,24.5
Kazakhstan,1876,24.8
Kazakhstan,1877,25
Kazakhstan,1878,25.2
Kazakhstan,1879,25.4
Kazakhstan,1880,25.6
Kazakhstan,1881,25.8
Kazakhstan,1882,26.1
Kazakhstan,1883,26.3
Kazakhstan,1884,26.5
Kazakhstan,1885,26.7
Kazakhstan,1886,26.9
Kazakhstan,1887,27.1
Kazakhstan,1888,27.4
Kazakhstan,1889,27.6
Kazakhstan,1890,27.8
Kazakhstan,1891,28
Kazakhstan,1892,28.2
Kazakhstan,1893,28.4
Kazakhstan,1894,28.7
Kazakhstan,1895,28.9
Kazakhstan,1896,29.1
Kazakhstan,1897,29.3
Kazakhstan,1898,29.2
Kazakhstan,1899,29
Kazakhstan,1900,28.9
Kazakhstan,1901,29.1
Kazakhstan,1902,29.4
Kazakhstan,1903,29.7
Kazakhstan,1904,30
Kazakhstan,1905,30.2
Kazakhstan,1906,30.5
Kazakhstan,1907,30.8
Kazakhstan,1908,31.1
Kazakhstan,1909,31.3
Kazakhstan,1910,31.6
Kazakhstan,1911,34.7
Kazakhstan,1912,35.1
Kazakhstan,1913,32.9
Kazakhstan,1914,32.5
Kazakhstan,1915,32.1
Kazakhstan,1916,32.1
Kazakhstan,1917,29
Kazakhstan,1918,18.7
Kazakhstan,1919,24.4
Kazakhstan,1920,19.7
Kazakhstan,1921,23.1
Kazakhstan,1922,24.1
Kazakhstan,1923,33.4
Kazakhstan,1924,36
Kazakhstan,1925,35
Kazakhstan,1926,38.4
Kazakhstan,1927,37.7
Kazakhstan,1928,39.3
Kazakhstan,1929,38
Kazakhstan,1930,37.4
Kazakhstan,1931,16.7
Kazakhstan,1932,8.36
Kazakhstan,1933,4.18
Kazakhstan,1934,39.9
Kazakhstan,1935,41.6
Kazakhstan,1936,43.3
Kazakhstan,1937,42.3
Kazakhstan,1938,44.1
Kazakhstan,1939,46.6
Kazakhstan,1940,44.1
Kazakhstan,1941,28.4
Kazakhstan,1942,25.3
Kazakhstan,1943,24.2
Kazakhstan,1944,32.7
Kazakhstan,1945,41.1
Kazakhstan,1946,51.7
Kazakhstan,1947,43.4
Kazakhstan,1948,51.9
Kazakhstan,1949,54.9
Kazakhstan,1950,57.4
Kazakhstan,1951,57.6
Kazakhstan,1952,58
Kazakhstan,1953,58.4
Kazakhstan,1954,58.9
Kazakhstan,1955,59.3
Kazakhstan,1956,59.8
Kazakhstan,1957,60.2
Kazakhstan,1958,60.7
Kazakhstan,1959,61
Kazakhstan,1960,61.4
Kazakhstan,1961,61.8
Kazakhstan,1962,62.2
Kazakhstan,1963,62.5
Kazakhstan,1964,62.9
Kazakhstan,1965,63.4
Kazakhstan,1966,63.7
Kazakhstan,1967,64
Kazakhstan,1968,64.4
Kazakhstan,1969,64.5
Kazakhstan,1970,64.8
Kazakhstan,1971,65.1
Kazakhstan,1972,65.2
Kazakhstan,1973,65.4
Kazakhstan,1974,65.5
Kazakhstan,1975,65.7
Kazakhstan,1976,65.8
Kazakhstan,1977,66.1
Kazakhstan,1978,65.9
Kazakhstan,1979,66.5
Kazakhstan,1980,66.9
Kazakhstan,1981,67
Kazakhstan,1982,67.5
Kazakhstan,1983,67.4
Kazakhstan,1984,67.3
Kazakhstan,1985,67.7
Kazakhstan,1986,68.9
Kazakhstan,1987,68.8
Kazakhstan,1988,68.6
Kazakhstan,1989,68.3
Kazakhstan,1990,68.1
Kazakhstan,1991,67.6
Kazakhstan,1992,66.7
Kazakhstan,1993,65.7
Kazakhstan,1994,64.8
Kazakhstan,1995,64
Kazakhstan,1996,63.9
Kazakhstan,1997,64.1
Kazakhstan,1998,64.5
Kazakhstan,1999,64.8
Kazakhstan,2000,64.7
Kazakhstan,2001,64.7
Kazakhstan,2002,64.7
Kazakhstan,2003,64.6
Kazakhstan,2004,64.6
Kazakhstan,2005,64.6
Kazakhstan,2006,64.8
Kazakhstan,2007,65.3
Kazakhstan,2008,66.3
Kazakhstan,2009,67.3
Kazakhstan,2010,67.6
Kazakhstan,2011,68.1
Kazakhstan,2012,68.6
Kazakhstan,2013,69.4
Kazakhstan,2014,70.1
Kazakhstan,2015,70.6
Kazakhstan,2016,71.1
Kazakhstan,2017,71.5
Kazakhstan,2018,71.7
Kazakhstan,2019,71.9
Kazakhstan,2020,70.4
Kazakhstan,2021,69.7
Kazakhstan,2022,69.8
Kazakhstan,2023,70.7
Kazakhstan,2024,72.5
Kenya,1800,25.5
Kenya,1801,25.5
Kenya,1802,25.5
Kenya,1803,25.5
Kenya,1804,25.5
Kenya,1805,25.5
Kenya,1806,25.5
Kenya,1807,25.5
Kenya,1808,25.5
Kenya,1809,25.5
Kenya,1810,25.5
Kenya,1811,25.5
Kenya,1812,25.5
Kenya,1813,25.5
Kenya,1814,25.5
Kenya,1815,25.5
Kenya,1816,25.5
Kenya,1817,25.5
Kenya,1818,25.5
Kenya,1819,25.5
Kenya,1820,25.5
Kenya,1821,25.5
Kenya,1822,25.5
Kenya,1823,25.5
Kenya,1824,25.5
Kenya,1825,25.5
Kenya,1826,25.5
Kenya,1827,25.5
Kenya,1828,25.5
Kenya,1829,25.5
Kenya,1830,25.5
Kenya,1831,25.5
Kenya,1832,25.5
Kenya,1833,25.5
Kenya,1834,25.5
Kenya,1835,25.5
Kenya,1836,25.5
Kenya,1837,25.5
Kenya,1838,25.5
Kenya,1839,25.5
Kenya,1840,25.5
Kenya,1841,25.5
Kenya,1842,25.5
Kenya,1843,25.5
Kenya,1844,25.5
Kenya,1845,25.5
Kenya,1846,25.5
Kenya,1847,25.5
Kenya,1848,25.5
Kenya,1849,25.5
Kenya,1850,25.5
Kenya,1851,25.5
Kenya,1852,25.6
Kenya,1853,25.6
Kenya,1854,25.7
Kenya,1855,25.7
Kenya,1856,25.7
Kenya,1857,25.8
Kenya,1858,25.8
Kenya,1859,25.9
Kenya,1860,25.9
Kenya,1861,25.9
Kenya,1862,26
Kenya,1863,26
Kenya,1864,26.1
Kenya,1865,26.1
Kenya,1866,26.1
Kenya,1867,26.2
Kenya,1868,26.2
Kenya,1869,26.3
Kenya,1870,26.3
Kenya,1871,26.3
Kenya,1872,26.4
Kenya,1873,26.4
Kenya,1874,26.5
Kenya,1875,26.5
Kenya,1876,26.5
Kenya,1877,26.6
Kenya,1878,26.6
Kenya,1879,26.7
Kenya,1880,26.7
Kenya,1881,26.7
Kenya,1882,26.8
Kenya,1883,26.8
Kenya,1884,26.9
Kenya,1885,26.9
Kenya,1886,26.9
Kenya,1887,27
Kenya,1888,27
Kenya,1889,27.1
Kenya,1890,27.1
Kenya,1891,27.1
Kenya,1892,27.2
Kenya,1893,27.2
Kenya,1894,27.3
Kenya,1895,27.3
Kenya,1896,27.4
Kenya,1897,27.4
Kenya,1898,27.4
Kenya,1899,27.5
Kenya,1900,27.5
Kenya,1901,27.6
Kenya,1902,27.6
Kenya,1903,27.6
Kenya,1904,27.7
Kenya,1905,27.7
Kenya,1906,27.8
Kenya,1907,27.8
Kenya,1908,27.8
Kenya,1909,27.9
Kenya,1910,27.9
Kenya,1911,27.9
Kenya,1912,28
Kenya,1913,28
Kenya,1914,28.1
Kenya,1915,28.1
Kenya,1916,28.1
Kenya,1917,28.2
Kenya,1918,6.65
Kenya,1919,28.3
Kenya,1920,28.3
Kenya,1921,28.4
Kenya,1922,28.4
Kenya,1923,28.1
Kenya,1924,27.8
Kenya,1925,27.4
Kenya,1926,27.1
Kenya,1927,26.8
Kenya,1928,27.1
Kenya,1929,27.4
Kenya,1930,27.8
Kenya,1931,28.1
Kenya,1932,28.4
Kenya,1933,28.7
Kenya,1934,29
Kenya,1935,29.3
Kenya,1936,29.7
Kenya,1937,30
Kenya,1938,30.4
Kenya,1939,30.8
Kenya,1940,31.2
Kenya,1941,31.6
Kenya,1942,32.1
Kenya,1943,32.5
Kenya,1944,33
Kenya,1945,33.4
Kenya,1946,36.5
Kenya,1947,39.5
Kenya,1948,42.6
Kenya,1949,45.7
Kenya,1950,48.8
Kenya,1951,49.6
Kenya,1952,49.1
Kenya,1953,49.6
Kenya,1954,50.3
Kenya,1955,50.9
Kenya,1956,51.5
Kenya,1957,52.8
Kenya,1958,53.3
Kenya,1959,53.8
Kenya,1960,54.3
Kenya,1961,54.7
Kenya,1962,55.1
Kenya,1963,55.6
Kenya,1964,56
Kenya,1965,56.3
Kenya,1966,56.7
Kenya,1967,57
Kenya,1968,57.4
Kenya,1969,57.8
Kenya,1970,58.1
Kenya,1971,58.5
Kenya,1972,59
Kenya,1973,59.4
Kenya,1974,59.8
Kenya,1975,60.2
Kenya,1976,60.6
Kenya,1977,61
Kenya,1978,61.5
Kenya,1979,61.9
Kenya,1980,62.2
Kenya,1981,62.5
Kenya,1982,62.8
Kenya,1983,63.1
Kenya,1984,63.3
Kenya,1985,63.4
Kenya,1986,63.5
Kenya,1987,63.4
Kenya,1988,63.3
Kenya,1989,62.8
Kenya,1990,62.1
Kenya,1991,61.2
Kenya,1992,60.1
Kenya,1993,59
Kenya,1994,57.9
Kenya,1995,57
Kenya,1996,56.3
Kenya,1997,55.5
Kenya,1998,55.1
Kenya,1999,54.9
Kenya,2000,54.8
Kenya,2001,54.9
Kenya,2002,55
Kenya,2003,55.2
Kenya,2004,55.7
Kenya,2005,56.5
Kenya,2006,57.5
Kenya,2007,58.5
Kenya,2008,59.4
Kenya,2009,60.3
Kenya,2010,61.2
Kenya,2011,62
Kenya,2012,62.6
Kenya,2013,63.2
Kenya,2014,63.8
Kenya,2015,64.4
Kenya,2016,65.1
Kenya,2017,65.7
Kenya,2018,66.1
Kenya,2019,66.5
Kenya,2020,66.2
Kenya,2021,64.9
Kenya,2022,65.6
Kenya,2023,66.9
Kenya,2024,67.7
Kyrgyz Republic,1800,23.9
Kyrgyz Republic,1801,23.9
Kyrgyz Republic,1802,23.9
Kyrgyz Republic,1803,23.9
Kyrgyz Republic,1804,23.9
Kyrgyz Republic,1805,23.9
Kyrgyz Republic,1806,23.9
Kyrgyz Republic,1807,23.9
Kyrgyz Republic,1808,23.9
Kyrgyz Republic,1809,23.9
Kyrgyz Republic,1810,23.9
Kyrgyz Republic,1811,23.9
Kyrgyz Republic,1812,23.9
Kyrgyz Republic,1813,23.9
Kyrgyz Republic,1814,23.9
Kyrgyz Republic,1815,23.9
Kyrgyz Republic,1816,23.9
Kyrgyz Republic,1817,23.9
Kyrgyz Republic,1818,23.9
Kyrgyz Republic,1819,23.9
Kyrgyz Republic,1820,23.9
Kyrgyz Republic,1821,23.9
Kyrgyz Republic,1822,23.9
Kyrgyz Republic,1823,23.9
Kyrgyz Republic,1824,23.9
Kyrgyz Republic,1825,23.9
Kyrgyz Republic,1826,23.9
Kyrgyz Republic,1827,23.9
Kyrgyz Republic,1828,23.9
Kyrgyz Republic,1829,23.9
Kyrgyz Republic,1830,23.9
Kyrgyz Republic,1831,23.9
Kyrgyz Republic,1832,23.9
Kyrgyz Republic,1833,23.9
Kyrgyz Republic,1834,23.9
Kyrgyz Republic,1835,23.9
Kyrgyz Republic,1836,23.9
Kyrgyz Republic,1837,23.9
Kyrgyz Republic,1838,23.9
Kyrgyz Republic,1839,23.9
Kyrgyz Republic,1840,23.9
Kyrgyz Republic,1841,23.9
Kyrgyz Republic,1842,23.9
Kyrgyz Republic,1843,23.9
Kyrgyz Republic,1844,23.9
Kyrgyz Republic,1845,23.9
Kyrgyz Republic,1846,23.9
Kyrgyz Republic,1847,23.9
Kyrgyz Republic,1848,23.9
Kyrgyz Republic,1849,23.9
Kyrgyz Republic,1850,23.9
Kyrgyz Republic,1851,23.9
Kyrgyz Republic,1852,23.9
Kyrgyz Republic,1853,23.9
Kyrgyz Republic,1854,23.9
Kyrgyz Republic,1855,23.9
Kyrgyz Republic,1856,23.9
Kyrgyz Republic,1857,23.9
Kyrgyz Republic,1858,23.9
Kyrgyz Republic,1859,23.9
Kyrgyz Republic,1860,23.9
Kyrgyz Republic,1861,23.8
Kyrgyz Republic,1862,23.8
Kyrgyz Republic,1863,23.8
Kyrgyz Republic,1864,23.3
Kyrgyz Republic,1865,22.8
Kyrgyz Republic,1866,22.2
Kyrgyz Republic,1867,21.7
Kyrgyz Republic,1868,21.2
Kyrgyz Republic,1869,21.2
Kyrgyz Republic,1870,21.3
Kyrgyz Republic,1871,21.3
Kyrgyz Republic,1872,21.3
Kyrgyz Republic,1873,21.4
Kyrgyz Republic,1874,21.6
Kyrgyz Republic,1875,21.7
Kyrgyz Republic,1876,21.9
Kyrgyz Republic,1877,22.1
Kyrgyz Republic,1878,22.3
Kyrgyz Republic,1879,22.5
Kyrgyz Republic,1880,22.7
Kyrgyz Republic,1881,22.9
Kyrgyz Republic,1882,23.1
Kyrgyz Republic,1883,23.3
Kyrgyz Republic,1884,23.4
Kyrgyz Republic,1885,23.6
Kyrgyz Republic,1886,23.8
Kyrgyz Republic,1887,24
Kyrgyz Republic,1888,24.2
Kyrgyz Republic,1889,24.4
Kyrgyz Republic,1890,24.6
Kyrgyz Republic,1891,24.8
Kyrgyz Republic,1892,24.9
Kyrgyz Republic,1893,25.1
Kyrgyz Republic,1894,25.3
Kyrgyz Republic,1895,25.5
Kyrgyz Republic,1896,25.7
Kyrgyz Republic,1897,25.9
Kyrgyz Republic,1898,25.7
Kyrgyz Republic,1899,25.6
Kyrgyz Republic,1900,25.4
Kyrgyz Republic,1901,25.6
Kyrgyz Republic,1902,25.8
Kyrgyz Republic,1903,26.1
Kyrgyz Republic,1904,26.3
Kyrgyz Republic,1905,26.6
Kyrgyz Republic,1906,26.8
Kyrgyz Republic,1907,27
Kyrgyz Republic,1908,27.3
Kyrgyz Republic,1909,27.5
Kyrgyz Republic,1910,27.7
Kyrgyz Republic,1911,30.6
Kyrgyz Republic,1912,31
Kyrgyz Republic,1913,28.9
Kyrgyz Republic,1914,28.5
Kyrgyz Republic,1915,28.1
Kyrgyz Republic,1916,28.1
Kyrgyz Republic,1917,25.1
Kyrgyz Republic,1918,15.3
Kyrgyz Republic,1919,20.7
Kyrgyz Republic,1920,16.3
Kyrgyz Republic,1921,11.7
Kyrgyz Republic,1922,13.6
Kyrgyz Republic,1923,29
Kyrgyz Republic,1924,31.4
Kyrgyz Republic,1925,30.6
Kyrgyz Republic,1926,33.6
Kyrgyz Republic,1927,33
Kyrgyz Republic,1928,34.4
Kyrgyz Republic,1929,33.2
Kyrgyz Republic,1930,32.5
Kyrgyz Republic,1931,26.9
Kyrgyz Republic,1932,19.1
Kyrgyz Republic,1933,15.3
Kyrgyz Republic,1934,34.8
Kyrgyz Republic,1935,36.3
Kyrgyz Republic,1936,37.9
Kyrgyz Republic,1937,36.9
Kyrgyz Republic,1938,38.5
Kyrgyz Republic,1939,40.8
Kyrgyz Republic,1940,38.4
Kyrgyz Republic,1941,28
Kyrgyz Republic,1942,24.1
Kyrgyz Republic,1943,23.2
Kyrgyz Republic,1944,30.9
Kyrgyz Republic,1945,38.1
Kyrgyz Republic,1946,45.1
Kyrgyz Republic,1947,37.3
Kyrgyz Republic,1948,45.1
Kyrgyz Republic,1949,47.8
Kyrgyz Republic,1950,50
Kyrgyz Republic,1951,50.4
Kyrgyz Republic,1952,51
Kyrgyz Republic,1953,51.7
Kyrgyz Republic,1954,52.3
Kyrgyz Republic,1955,52.9
Kyrgyz Republic,1956,53.6
Kyrgyz Republic,1957,54.2
Kyrgyz Republic,1958,54.8
Kyrgyz Republic,1959,55.3
Kyrgyz Republic,1960,55.8
Kyrgyz Republic,1961,56.3
Kyrgyz Republic,1962,57
Kyrgyz Republic,1963,57.4
Kyrgyz Republic,1964,57.8
Kyrgyz Republic,1965,58.3
Kyrgyz Republic,1966,58.7
Kyrgyz Republic,1967,59.1
Kyrgyz Republic,1968,59.3
Kyrgyz Republic,1969,60.1
Kyrgyz Republic,1970,60.4
Kyrgyz Republic,1971,60.9
Kyrgyz Republic,1972,61.4
Kyrgyz Republic,1973,61.7
Kyrgyz Republic,1974,61.8
Kyrgyz Republic,1975,62.2
Kyrgyz Republic,1976,62.5
Kyrgyz Republic,1977,62.6
Kyrgyz Republic,1978,62.9
Kyrgyz Republic,1979,63.4
Kyrgyz Republic,1980,64.3
Kyrgyz Republic,1981,64.8
Kyrgyz Republic,1982,65.2
Kyrgyz Republic,1983,65.4
Kyrgyz Republic,1984,65.3
Kyrgyz Republic,1985,66.2
Kyrgyz Republic,1986,67.3
Kyrgyz Republic,1987,67.4
Kyrgyz Republic,1988,67.1
Kyrgyz Republic,1989,67
Kyrgyz Republic,1990,67.3
Kyrgyz Republic,1991,67.2
Kyrgyz Republic,1992,67.1
Kyrgyz Republic,1993,66.3
Kyrgyz Republic,1994,65.5
Kyrgyz Republic,1995,65.6
Kyrgyz Republic,1996,66.3
Kyrgyz Republic,1997,66.8
Kyrgyz Republic,1998,67.2
Kyrgyz Republic,1999,67.6
Kyrgyz Republic,2000,67.2
Kyrgyz Republic,2001,67.3
Kyrgyz Republic,2002,67.2
Kyrgyz Republic,2003,67.1
Kyrgyz Republic,2004,67.4
Kyrgyz Republic,2005,67.4
Kyrgyz Republic,2006,67.2
Kyrgyz Republic,2007,67.6
Kyrgyz Republic,2008,68.3
Kyrgyz Republic,2009,69.3
Kyrgyz Republic,2010,69.6
Kyrgyz Republic,2011,70.3
Kyrgyz Republic,2012,70.7
Kyrgyz Republic,2013,71.2
Kyrgyz Republic,2014,71.6
Kyrgyz Republic,2015,71.9
Kyrgyz Republic,2016,72.7
Kyrgyz Republic,2017,73
Kyrgyz Republic,2018,73.3
Kyrgyz Republic,2019,73.4
Kyrgyz Republic,2020,71.8
Kyrgyz Republic,2021,72.1
Kyrgyz Republic,2022,72.7
Kyrgyz Republic,2023,73.3
Kyrgyz Republic,2024,74.2
Cambodia,1800,35
Cambodia,1801,35
Cambodia,1802,35
Cambodia,1803,35
Cambodia,1804,35
Cambodia,1805,35
Cambodia,1806,35
Cambodia,1807,35
Cambodia,1808,35
Cambodia,1809,35
Cambodia,1810,35
Cambodia,1811,35
Cambodia,1812,35
Cambodia,1813,35
Cambodia,1814,35
Cambodia,1815,35
Cambodia,1816,35
Cambodia,1817,35
Cambodia,1818,35
Cambodia,1819,35
Cambodia,1820,35
Cambodia,1821,35
Cambodia,1822,35
Cambodia,1823,35
Cambodia,1824,35
Cambodia,1825,35
Cambodia,1826,35
Cambodia,1827,35
Cambodia,1828,35
Cambodia,1829,35
Cambodia,1830,35
Cambodia,1831,35
Cambodia,1832,35
Cambodia,1833,35
Cambodia,1834,35
Cambodia,1835,35
Cambodia,1836,35
Cambodia,1837,35
Cambodia,1838,35
Cambodia,1839,35
Cambodia,1840,35
Cambodia,1841,35
Cambodia,1842,35
Cambodia,1843,35
Cambodia,1844,35
Cambodia,1845,35
Cambodia,1846,35
Cambodia,1847,35
Cambodia,1848,35
Cambodia,1849,35
Cambodia,1850,35
Cambodia,1851,35
Cambodia,1852,35.1
Cambodia,1853,35.1
Cambodia,1854,35.2
Cambodia,1855,35.3
Cambodia,1856,35.3
Cambodia,1857,35.4
Cambodia,1858,35.4
Cambodia,1859,35.5
Cambodia,1860,35.5
Cambodia,1861,35.6
Cambodia,1862,35.6
Cambodia,1863,35.7
Cambodia,1864,35.7
Cambodia,1865,35.8
Cambodia,1866,35.8
Cambodia,1867,35.9
Cambodia,1868,35.9
Cambodia,1869,36
Cambodia,1870,36
Cambodia,1871,36.1
Cambodia,1872,36.1
Cambodia,1873,36.2
Cambodia,1874,36.2
Cambodia,1875,36.3
Cambodia,1876,36.3
Cambodia,1877,36.4
Cambodia,1878,36.4
Cambodia,1879,36.5
Cambodia,1880,36.5
Cambodia,1881,36.6
Cambodia,1882,36.6
Cambodia,1883,36.7
Cambodia,1884,36.7
Cambodia,1885,36.8
Cambodia,1886,36.8
Cambodia,1887,36.9
Cambodia,1888,36.9
Cambodia,1889,37
Cambodia,1890,37
Cambodia,1891,37.1
Cambodia,1892,37.1
Cambodia,1893,37.2
Cambodia,1894,37.2
Cambodia,1895,37.3
Cambodia,1896,37.4
Cambodia,1897,37.4
Cambodia,1898,37.5
Cambodia,1899,37.5
Cambodia,1900,37.5
Cambodia,1901,37.6
Cambodia,1902,37.6
Cambodia,1903,37.7
Cambodia,1904,37.8
Cambodia,1905,37.8
Cambodia,1906,37.9
Cambodia,1907,37.9
Cambodia,1908,38
Cambodia,1909,38
Cambodia,1910,38.1
Cambodia,1911,38.1
Cambodia,1912,38.2
Cambodia,1913,38.2
Cambodia,1914,38.3
Cambodia,1915,38.3
Cambodia,1916,38.4
Cambodia,1917,38.4
Cambodia,1918,24.6
Cambodia,1919,38.5
Cambodia,1920,38.6
Cambodia,1921,38.6
Cambodia,1922,38.7
Cambodia,1923,38.7
Cambodia,1924,38.8
Cambodia,1925,38.8
Cambodia,1926,38.9
Cambodia,1927,38.9
Cambodia,1928,39
Cambodia,1929,39
Cambodia,1930,39.1
Cambodia,1931,39.1
Cambodia,1932,39.2
Cambodia,1933,39.2
Cambodia,1934,39.3
Cambodia,1935,39.3
Cambodia,1936,39.4
Cambodia,1937,39.4
Cambodia,1938,39.5
Cambodia,1939,39.5
Cambodia,1940,38.5
Cambodia,1941,38.1
Cambodia,1942,38.1
Cambodia,1943,38.1
Cambodia,1944,36.1
Cambodia,1945,32.2
Cambodia,1946,40.3
Cambodia,1947,41.7
Cambodia,1948,43.2
Cambodia,1949,44.7
Cambodia,1950,46.2
Cambodia,1951,46.4
Cambodia,1952,46.6
Cambodia,1953,46.8
Cambodia,1954,47.3
Cambodia,1955,47.5
Cambodia,1956,47.8
Cambodia,1957,48.2
Cambodia,1958,48.5
Cambodia,1959,48.9
Cambodia,1960,49.4
Cambodia,1961,49.8
Cambodia,1962,50.2
Cambodia,1963,50.6
Cambodia,1964,51
Cambodia,1965,51.3
Cambodia,1966,51.6
Cambodia,1967,51.7
Cambodia,1968,52
Cambodia,1969,52.3
Cambodia,1970,44.5
Cambodia,1971,44.8
Cambodia,1972,45.2
Cambodia,1973,45
Cambodia,1974,44.9
Cambodia,1975,24.7
Cambodia,1976,24.5
Cambodia,1977,24.4
Cambodia,1978,24.2
Cambodia,1979,24.1
Cambodia,1980,52.2
Cambodia,1981,52.6
Cambodia,1982,53.1
Cambodia,1983,53.5
Cambodia,1984,54
Cambodia,1985,54.5
Cambodia,1986,54.9
Cambodia,1987,56.5
Cambodia,1988,57.1
Cambodia,1989,57.4
Cambodia,1990,57.8
Cambodia,1991,58.2
Cambodia,1992,58.6
Cambodia,1993,58.8
Cambodia,1994,58.7
Cambodia,1995,59
Cambodia,1996,59.1
Cambodia,1997,59.4
Cambodia,1998,59.6
Cambodia,1999,60
Cambodia,2000,60.4
Cambodia,2001,60.9
Cambodia,2002,61.5
Cambodia,2003,62.2
Cambodia,2004,62.9
Cambodia,2005,63.7
Cambodia,2006,64.5
Cambodia,2007,65.2
Cambodia,2008,65.9
Cambodia,2009,66.5
Cambodia,2010,66.9
Cambodia,2011,67.4
Cambodia,2012,67.9
Cambodia,2013,68.2
Cambodia,2014,68.6
Cambodia,2015,68.9
Cambodia,2016,69.2
Cambodia,2017,69.4
Cambodia,2018,69.7
Cambodia,2019,69.9
Cambodia,2020,69.6
Cambodia,2021,68.8
Cambodia,2022,69.1
Cambodia,2023,70.7
Cambodia,2024,70.8
Kiribati,1800,24.9
Kiribati,1801,24.9
Kiribati,1802,24.9
Kiribati,1803,24.9
Kiribati,1804,24.9
Kiribati,1805,24.9
Kiribati,1806,24.9
Kiribati,1807,24.9
Kiribati,1808,24.9
Kiribati,1809,24.9
Kiribati,1810,24.9
Kiribati,1811,24.9
Kiribati,1812,24.9
Kiribati,1813,24.9
Kiribati,1814,24.9
Kiribati,1815,24.9
Kiribati,1816,24.9
Kiribati,1817,24.9
Kiribati,1818,24.9
Kiribati,1819,24.9
Kiribati,1820,24.9
Kiribati,1821,24.9
Kiribati,1822,24.9
Kiribati,1823,24.9
Kiribati,1824,24.9
Kiribati,1825,24.9
Kiribati,1826,24.9
Kiribati,1827,24.9
Kiribati,1828,24.9
Kiribati,1829,24.9
Kiribati,1830,24.9
Kiribati,1831,24.9
Kiribati,1832,24.9
Kiribati,1833,24.9
Kiribati,1834,24.9
Kiribati,1835,24.9
Kiribati,1836,24.9
Kiribati,1837,24.9
Kiribati,1838,24.9
Kiribati,1839,24.9
Kiribati,1840,24.9
Kiribati,1841,24.9
Kiribati,1842,24.9
Kiribati,1843,24.9
Kiribati,1844,24.9
Kiribati,1845,24.9
Kiribati,1846,24.9
Kiribati,1847,24.9
Kiribati,1848,24.9
Kiribati,1849,24.9
Kiribati,1850,24.9
Kiribati,1851,24.9
Kiribati,1852,24.9
Kiribati,1853,24.9
Kiribati,1854,25
Kiribati,1855,25
Kiribati,1856,25
Kiribati,1857,25
Kiribati,1858,25
Kiribati,1859,25
Kiribati,1860,25.1
Kiribati,1861,25.1
Kiribati,1862,25.1
Kiribati,1863,25.1
Kiribati,1864,25.1
Kiribati,1865,25.1
Kiribati,1866,25.1
Kiribati,1867,25.2
Kiribati,1868,25.2
Kiribati,1869,25.2
Kiribati,1870,25.2
Kiribati,1871,25.2
Kiribati,1872,25.2
Kiribati,1873,25.3
Kiribati,1874,25.3
Kiribati,1875,25.3
Kiribati,1876,25.3
Kiribati,1877,25.3
Kiribati,1878,25.3
Kiribati,1879,25.4
Kiribati,1880,25.4
Kiribati,1881,25.4
Kiribati,1882,25.4
Kiribati,1883,25.4
Kiribati,1884,25.4
Kiribati,1885,25.4
Kiribati,1886,25.4
Kiribati,1887,25.5
Kiribati,1888,25.5
Kiribati,1889,25.5
Kiribati,1890,8.2
Kiribati,1891,25.5
Kiribati,1892,25.6
Kiribati,1893,25.6
Kiribati,1894,25.6
Kiribati,1895,25.6
Kiribati,1896,25.6
Kiribati,1897,25.6
Kiribati,1898,25.6
Kiribati,1899,25.6
Kiribati,1900,25.7
Kiribati,1901,25.7
Kiribati,1902,25.7
Kiribati,1903,25.7
Kiribati,1904,25.7
Kiribati,1905,25.8
Kiribati,1906,25.8
Kiribati,1907,25.8
Kiribati,1908,25.8
Kiribati,1909,25.8
Kiribati,1910,25.8
Kiribati,1911,25.8
Kiribati,1912,25.9
Kiribati,1913,25.9
Kiribati,1914,25.9
Kiribati,1915,25.9
Kiribati,1916,25.9
Kiribati,1917,25.9
Kiribati,1918,25.9
Kiribati,1919,26
Kiribati,1920,26
Kiribati,1921,26
Kiribati,1922,26
Kiribati,1923,26
Kiribati,1924,26
Kiribati,1925,26.1
Kiribati,1926,26.1
Kiribati,1927,26.1
Kiribati,1928,26.1
Kiribati,1929,26.1
Kiribati,1930,26.1
Kiribati,1931,26.1
Kiribati,1932,26.2
Kiribati,1933,26.2
Kiribati,1934,26.2
Kiribati,1935,27.4
Kiribati,1936,28.6
Kiribati,1937,29.7
Kiribati,1938,30.9
Kiribati,1939,32.1
Kiribati,1940,33.3
Kiribati,1941,34.4
Kiribati,1942,31.6
Kiribati,1943,28.4
Kiribati,1944,32.6
Kiribati,1945,28.3
Kiribati,1946,39.7
Kiribati,1947,41.2
Kiribati,1948,42.4
Kiribati,1949,43.5
Kiribati,1950,44.7
Kiribati,1951,45
Kiribati,1952,45.4
Kiribati,1953,45.7
Kiribati,1954,46
Kiribati,1955,46.3
Kiribati,1956,46.7
Kiribati,1957,47.1
Kiribati,1958,47.5
Kiribati,1959,47.9
Kiribati,1960,48.2
Kiribati,1961,48.6
Kiribati,1962,48.9
Kiribati,1963,49.3
Kiribati,1964,49.7
Kiribati,1965,50
Kiribati,1966,50.4
Kiribati,1967,50.8
Kiribati,1968,51.1
Kiribati,1969,51.4
Kiribati,1970,51.7
Kiribati,1971,52
Kiribati,1972,52.2
Kiribati,1973,52.7
Kiribati,1974,53.5
Kiribati,1975,54
Kiribati,1976,54.3
Kiribati,1977,54
Kiribati,1978,54.7
Kiribati,1979,54.8
Kiribati,1980,54.8
Kiribati,1981,54.7
Kiribati,1982,54.6
Kiribati,1983,54.5
Kiribati,1984,54.4
Kiribati,1985,54.4
Kiribati,1986,54.4
Kiribati,1987,54.4
Kiribati,1988,54.4
Kiribati,1989,54.5
Kiribati,1990,54.6
Kiribati,1991,54.6
Kiribati,1992,54.7
Kiribati,1993,54.9
Kiribati,1994,55.1
Kiribati,1995,55.3
Kiribati,1996,55.6
Kiribati,1997,55.8
Kiribati,1998,56
Kiribati,1999,56.2
Kiribati,2000,56.4
Kiribati,2001,56.7
Kiribati,2002,57
Kiribati,2003,57.2
Kiribati,2004,57.5
Kiribati,2005,57.7
Kiribati,2006,58
Kiribati,2007,58.2
Kiribati,2008,58.4
Kiribati,2009,58.6
Kiribati,2010,58.8
Kiribati,2011,59
Kiribati,2012,59.3
Kiribati,2013,59.5
Kiribati,2014,59.7
Kiribati,2015,59.9
Kiribati,2016,60.1
Kiribati,2017,60.3
Kiribati,2018,59.3
Kiribati,2019,60.8
Kiribati,2020,60.9
Kiribati,2021,61
Kiribati,2022,61.2
Kiribati,2023,61.4
Kiribati,2024,61.5
St. Kitts and Nevis,1950,60.8
St. Kitts and Nevis,1951,61.9
St. Kitts and Nevis,1952,62.4
St. Kitts and Nevis,1953,62.7
St. Kitts and Nevis,1954,62.7
St. Kitts and Nevis,1955,62.2
St. Kitts and Nevis,1956,61.5
St. Kitts and Nevis,1957,60.1
St. Kitts and Nevis,1958,58.7
St. Kitts and Nevis,1959,58.5
St. Kitts and Nevis,1960,58.3
St. Kitts and Nevis,1961,58.8
St. Kitts and Nevis,1962,60
St. Kitts and Nevis,1963,60.6
St. Kitts and Nevis,1964,61.2
St. Kitts and Nevis,1965,61.8
St. Kitts and Nevis,1966,62.4
St. Kitts and Nevis,1967,62.9
St. Kitts and Nevis,1968,63
St. Kitts and Nevis,1969,62.9
St. Kitts and Nevis,1970,62.6
St. Kitts and Nevis,1971,62.2
St. Kitts and Nevis,1972,61.9
St. Kitts and Nevis,1973,62
St. Kitts and Nevis,1974,62.5
St. Kitts and Nevis,1975,63.3
St. Kitts and Nevis,1976,63.8
St. Kitts and Nevis,1977,64.1
St. Kitts and Nevis,1978,63.7
St. Kitts and Nevis,1979,63.6
St. Kitts and Nevis,1980,63.8
St. Kitts and Nevis,1981,64.2
St. Kitts and Nevis,1982,64.6
St. Kitts and Nevis,1983,64.6
St. Kitts and Nevis,1984,64.8
St. Kitts and Nevis,1985,64.8
St. Kitts and Nevis,1986,64.9
St. Kitts and Nevis,1987,65.2
St. Kitts and Nevis,1988,65.4
St. Kitts and Nevis,1989,65.4
St. Kitts and Nevis,1990,65.9
St. Kitts and Nevis,1991,67.2
St. Kitts and Nevis,1992,67.5
St. Kitts and Nevis,1993,67.8
St. Kitts and Nevis,1994,67.8
St. Kitts and Nevis,1995,67.9
St. Kitts and Nevis,1996,68.3
St. Kitts and Nevis,1997,68.7
St. Kitts and Nevis,1998,68.7
St. Kitts and Nevis,1999,69.5
St. Kitts and Nevis,2000,69.9
St. Kitts and Nevis,2001,70.3
St. Kitts and Nevis,2002,70.7
St. Kitts and Nevis,2003,71.1
St. Kitts and Nevis,2004,71.2
St. Kitts and Nevis,2005,71.4
St. Kitts and Nevis,2006,71.5
St. Kitts and Nevis,2007,71.7
St. Kitts and Nevis,2008,72
St. Kitts and Nevis,2009,72.1
St. Kitts and Nevis,2010,72.2
St. Kitts and Nevis,2011,72.3
St. Kitts and Nevis,2012,72.3
St. Kitts and Nevis,2013,72.2
St. Kitts and Nevis,2014,72.1
St. Kitts and Nevis,2015,72
St. Kitts and Nevis,2016,72.1
St. Kitts and Nevis,2017,72.1
St. Kitts and Nevis,2018,72.1
St. Kitts and Nevis,2019,72.1
St. Kitts and Nevis,2020,72.2
St. Kitts and Nevis,2021,72.2
St. Kitts and Nevis,2022,72.6
St. Kitts and Nevis,2023,72.7
St. Kitts and Nevis,2024,72.9
South Korea,1800,25.8
South Korea,1801,25.8
South Korea,1802,25.8
South Korea,1803,25.8
South Korea,1804,25.8
South Korea,1805,25.8
South Korea,1806,25.8
South Korea,1807,25.8
South Korea,1808,25.8
South Korea,1809,25.8
South Korea,1810,25.8
South Korea,1811,25.8
South Korea,1812,25.8
South Korea,1813,25.8
South Korea,1814,25.8
South Korea,1815,25.8
South Korea,1816,25.8
South Korea,1817,25.8
South Korea,1818,25.8
South Korea,1819,25.8
South Korea,1820,25.8
South Korea,1821,25.8
South Korea,1822,25.8
South Korea,1823,25.8
South Korea,1824,25.8
South Korea,1825,25.8
South Korea,1826,25.8
South Korea,1827,25.8
South Korea,1828,25.8
South Korea,1829,25.8
South Korea,1830,25.8
South Korea,1831,25.8
South Korea,1832,25.8
South Korea,1833,25.8
South Korea,1834,25.8
South Korea,1835,25.8
South Korea,1836,25.8
South Korea,1837,25.8
South Korea,1838,25.8
South Korea,1839,25.8
South Korea,1840,25.8
South Korea,1841,25.8
South Korea,1842,25.8
South Korea,1843,25.8
South Korea,1844,25.8
South Korea,1845,25.8
South Korea,1846,25.8
South Korea,1847,25.8
South Korea,1848,25.8
South Korea,1849,25.8
South Korea,1850,25.8
South Korea,1851,25.8
South Korea,1852,25.8
South Korea,1853,25.7
South Korea,1854,25.7
South Korea,1855,25.7
South Korea,1856,25.7
South Korea,1857,25.6
South Korea,1858,25.6
South Korea,1859,25.6
South Korea,1860,25.6
South Korea,1861,25.6
South Korea,1862,25.6
South Korea,1863,25.5
South Korea,1864,25.5
South Korea,1865,25.5
South Korea,1866,25.5
South Korea,1867,25.4
South Korea,1868,25.4
South Korea,1869,25.4
South Korea,1870,25.4
South Korea,1871,25.4
South Korea,1872,25.3
South Korea,1873,25.3
South Korea,1874,25.3
South Korea,1875,25.3
South Korea,1876,25.3
South Korea,1877,25.2
South Korea,1878,25.2
South Korea,1879,25.2
South Korea,1880,25.2
South Korea,1881,25.1
South Korea,1882,25.1
South Korea,1883,25.1
South Korea,1884,25.1
South Korea,1885,25.1
South Korea,1886,25.1
South Korea,1887,25
South Korea,1888,25
South Korea,1889,25
South Korea,1890,25
South Korea,1891,24.9
South Korea,1892,24.9
South Korea,1893,24.9
South Korea,1894,24.9
South Korea,1895,24.9
South Korea,1896,24.8
South Korea,1897,24.8
South Korea,1898,24.8
South Korea,1899,24.8
South Korea,1900,24.8
South Korea,1901,24.7
South Korea,1902,24.7
South Korea,1903,24.7
South Korea,1904,24.2
South Korea,1905,23.8
South Korea,1906,23.3
South Korea,1907,22.9
South Korea,1908,22.4
South Korea,1909,22.7
South Korea,1910,22.9
South Korea,1911,23.2
South Korea,1912,23.4
South Korea,1913,23.7
South Korea,1914,24.2
South Korea,1915,24.6
South Korea,1916,25.1
South Korea,1917,25.5
South Korea,1918,16.1
South Korea,1919,25.9
South Korea,1920,26.4
South Korea,1921,26.9
South Korea,1922,27.3
South Korea,1923,27.8
South Korea,1924,28.5
South Korea,1925,29.3
South Korea,1926,30
South Korea,1927,30.7
South Korea,1928,31.5
South Korea,1929,32.2
South Korea,1930,32.8
South Korea,1931,33.5
South Korea,1932,34.2
South Korea,1933,34.9
South Korea,1934,35.8
South Korea,1935,36.7
South Korea,1936,37.7
South Korea,1937,38.6
South Korea,1938,39.5
South Korea,1939,40
South Korea,1940,40.5
South Korea,1941,41
South Korea,1942,41.5
South Korea,1943,39.8
South Korea,1944,38.8
South Korea,1945,39.2
South Korea,1946,41.5
South Korea,1947,43.3
South Korea,1948,43.8
South Korea,1949,44.2
South Korea,1950,39.5
South Korea,1951,43.6
South Korea,1952,51.8
South Korea,1953,54.2
South Korea,1954,54.9
South Korea,1955,55.9
South Korea,1956,56.6
South Korea,1957,57.4
South Korea,1958,58
South Korea,1959,58.5
South Korea,1960,59.1
South Korea,1961,59.5
South Korea,1962,60
South Korea,1963,60.5
South Korea,1964,60.9
South Korea,1965,61.4
South Korea,1966,61.8
South Korea,1967,62.2
South Korea,1968,62.6
South Korea,1969,63.1
South Korea,1970,63.6
South Korea,1971,64.1
South Korea,1972,64.4
South Korea,1973,65
South Korea,1974,65.3
South Korea,1975,65.7
South Korea,1976,66.1
South Korea,1977,66.5
South Korea,1978,67.1
South Korea,1979,67.6
South Korea,1980,67.3
South Korea,1981,68.5
South Korea,1982,68.6
South Korea,1983,68.5
South Korea,1984,69.5
South Korea,1985,69.9
South Korea,1986,70.3
South Korea,1987,70.6
South Korea,1988,71.3
South Korea,1989,71.7
South Korea,1990,72.1
South Korea,1991,72.5
South Korea,1992,73.1
South Korea,1993,73.6
South Korea,1994,73.9
South Korea,1995,74.3
South Korea,1996,74.8
South Korea,1997,75.3
South Korea,1998,75.6
South Korea,1999,76
South Korea,2000,76.3
South Korea,2001,76.9
South Korea,2002,77.3
South Korea,2003,77.7
South Korea,2004,78.3
South Korea,2005,78.8
South Korea,2006,79.3
South Korea,2007,79.8
South Korea,2008,80.2
South Korea,2009,80.5
South Korea,2010,80.8
South Korea,2011,81.2
South Korea,2012,81.5
South Korea,2013,81.9
South Korea,2014,82.3
South Korea,2015,82.6
South Korea,2016,82.8
South Korea,2017,82.9
South Korea,2018,82.9
South Korea,2019,82.9
South Korea,2020,82.9
South Korea,2021,83
South Korea,2022,83.3
South Korea,2023,83.4
South Korea,2024,83.5
Kuwait,1800,26
Kuwait,1801,26
Kuwait,1802,26
Kuwait,1803,26
Kuwait,1804,26
Kuwait,1805,26
Kuwait,1806,26
Kuwait,1807,26
Kuwait,1808,26
Kuwait,1809,26
Kuwait,1810,26
Kuwait,1811,26
Kuwait,1812,26
Kuwait,1813,26
Kuwait,1814,26
Kuwait,1815,26
Kuwait,1816,26
Kuwait,1817,26
Kuwait,1818,26
Kuwait,1819,26
Kuwait,1820,26
Kuwait,1821,26
Kuwait,1822,26
Kuwait,1823,26
Kuwait,1824,26
Kuwait,1825,26
Kuwait,1826,26
Kuwait,1827,26
Kuwait,1828,26
Kuwait,1829,26
Kuwait,1830,26
Kuwait,1831,26
Kuwait,1832,26
Kuwait,1833,26
Kuwait,1834,26
Kuwait,1835,26
Kuwait,1836,26
Kuwait,1837,26
Kuwait,1838,26
Kuwait,1839,26
Kuwait,1840,26
Kuwait,1841,26
Kuwait,1842,26
Kuwait,1843,26
Kuwait,1844,26
Kuwait,1845,26
Kuwait,1846,26
Kuwait,1847,26
Kuwait,1848,26
Kuwait,1849,26
Kuwait,1850,26
Kuwait,1851,26.1
Kuwait,1852,26.1
Kuwait,1853,26.2
Kuwait,1854,26.3
Kuwait,1855,26.3
Kuwait,1856,26.4
Kuwait,1857,26.4
Kuwait,1858,26.5
Kuwait,1859,26.6
Kuwait,1860,26.6
Kuwait,1861,26.7
Kuwait,1862,26.8
Kuwait,1863,26.8
Kuwait,1864,26.9
Kuwait,1865,27
Kuwait,1866,27
Kuwait,1867,27.1
Kuwait,1868,27.2
Kuwait,1869,27.2
Kuwait,1870,27.3
Kuwait,1871,27.4
Kuwait,1872,27.4
Kuwait,1873,27.5
Kuwait,1874,27.6
Kuwait,1875,27.6
Kuwait,1876,27.7
Kuwait,1877,27.8
Kuwait,1878,27.8
Kuwait,1879,27.9
Kuwait,1880,27.9
Kuwait,1881,28
Kuwait,1882,28.1
Kuwait,1883,28.1
Kuwait,1884,28.2
Kuwait,1885,28.3
Kuwait,1886,28.3
Kuwait,1887,28.4
Kuwait,1888,28.5
Kuwait,1889,28.5
Kuwait,1890,28.6
Kuwait,1891,28.7
Kuwait,1892,28.7
Kuwait,1893,28.8
Kuwait,1894,28.9
Kuwait,1895,28.9
Kuwait,1896,29
Kuwait,1897,29.1
Kuwait,1898,29.1
Kuwait,1899,29.2
Kuwait,1900,29.3
Kuwait,1901,29.3
Kuwait,1902,29.4
Kuwait,1903,29.4
Kuwait,1904,29.5
Kuwait,1905,29.6
Kuwait,1906,29.6
Kuwait,1907,29.7
Kuwait,1908,29.8
Kuwait,1909,29.8
Kuwait,1910,29.9
Kuwait,1911,30
Kuwait,1912,30
Kuwait,1913,30.1
Kuwait,1914,30.2
Kuwait,1915,30.2
Kuwait,1916,30.3
Kuwait,1917,30.4
Kuwait,1918,25.2
Kuwait,1919,30.5
Kuwait,1920,30.6
Kuwait,1921,30.6
Kuwait,1922,30.7
Kuwait,1923,30.7
Kuwait,1924,30.8
Kuwait,1925,30.9
Kuwait,1926,30.9
Kuwait,1927,31
Kuwait,1928,31.1
Kuwait,1929,31.1
Kuwait,1930,31.2
Kuwait,1931,31.3
Kuwait,1932,31.3
Kuwait,1933,31.4
Kuwait,1934,31.5
Kuwait,1935,31.5
Kuwait,1936,31.6
Kuwait,1937,31.6
Kuwait,1938,31.7
Kuwait,1939,31.8
Kuwait,1940,34.7
Kuwait,1941,37.7
Kuwait,1942,40.7
Kuwait,1943,43.8
Kuwait,1944,46.8
Kuwait,1945,49.9
Kuwait,1946,52.9
Kuwait,1947,56
Kuwait,1948,59.1
Kuwait,1949,62.2
Kuwait,1950,65.3
Kuwait,1951,65.4
Kuwait,1952,65.5
Kuwait,1953,65.7
Kuwait,1954,65.9
Kuwait,1955,66.1
Kuwait,1956,65.6
Kuwait,1957,67.3
Kuwait,1958,68.1
Kuwait,1959,69
Kuwait,1960,69.2
Kuwait,1961,69.7
Kuwait,1962,71.3
Kuwait,1963,69.6
Kuwait,1964,69
Kuwait,1965,69.7
Kuwait,1966,70
Kuwait,1967,69.8
Kuwait,1968,69.5
Kuwait,1969,70.3
Kuwait,1970,70.5
Kuwait,1971,71
Kuwait,1972,71
Kuwait,1973,70.4
Kuwait,1974,70.6
Kuwait,1975,70.5
Kuwait,1976,70.6
Kuwait,1977,70
Kuwait,1978,71
Kuwait,1979,71.6
Kuwait,1980,72.5
Kuwait,1981,73.2
Kuwait,1982,73.5
Kuwait,1983,74.3
Kuwait,1984,75.1
Kuwait,1985,75.2
Kuwait,1986,76.1
Kuwait,1987,75.8
Kuwait,1988,75.4
Kuwait,1989,75.3
Kuwait,1990,74.9
Kuwait,1991,72.2
Kuwait,1992,79.5
Kuwait,1993,79.5
Kuwait,1994,78.7
Kuwait,1995,78.3
Kuwait,1996,78.8
Kuwait,1997,77.8
Kuwait,1998,78.5
Kuwait,1999,77.8
Kuwait,2000,78.1
Kuwait,2001,79.2
Kuwait,2002,78.6
Kuwait,2003,78.9
Kuwait,2004,78.8
Kuwait,2005,78.7
Kuwait,2006,78.8
Kuwait,2007,79
Kuwait,2008,78.1
Kuwait,2009,78.7
Kuwait,2010,80.1
Kuwait,2011,80.9
Kuwait,2012,81
Kuwait,2013,81.3
Kuwait,2014,81.6
Kuwait,2015,81.5
Kuwait,2016,81.6
Kuwait,2017,81.6
Kuwait,2018,81.6
Kuwait,2019,81.5
Kuwait,2020,78.6
Kuwait,2021,80.4
Kuwait,2022,82.1
Kuwait,2023,82.3
Kuwait,2024,82.4
Lao,1800,31.9
Lao,1801,31.9
Lao,1802,31.9
Lao,1803,31.9
Lao,1804,31.9
Lao,1805,31.9
Lao,1806,31.9
Lao,1807,31.9
Lao,1808,31.9
Lao,1809,31.9
Lao,1810,31.9
Lao,1811,31.9
Lao,1812,31.9
Lao,1813,31.9
Lao,1814,31.9
Lao,1815,31.9
Lao,1816,31.9
Lao,1817,31.9
Lao,1818,31.9
Lao,1819,31.9
Lao,1820,31.9
Lao,1821,31.9
Lao,1822,31.9
Lao,1823,31.9
Lao,1824,31.9
Lao,1825,31.9
Lao,1826,31.9
Lao,1827,31.9
Lao,1828,31.9
Lao,1829,31.9
Lao,1830,31.9
Lao,1831,31.9
Lao,1832,31.9
Lao,1833,31.9
Lao,1834,31.9
Lao,1835,31.9
Lao,1836,31.9
Lao,1837,31.9
Lao,1838,31.9
Lao,1839,31.9
Lao,1840,31.9
Lao,1841,31.9
Lao,1842,31.9
Lao,1843,31.9
Lao,1844,31.9
Lao,1845,31.9
Lao,1846,31.9
Lao,1847,31.9
Lao,1848,31.9
Lao,1849,31.9
Lao,1850,31.9
Lao,1851,31.9
Lao,1852,31.9
Lao,1853,31.9
Lao,1854,31.9
Lao,1855,31.9
Lao,1856,31.9
Lao,1857,31.9
Lao,1858,31.8
Lao,1859,31.8
Lao,1860,31.8
Lao,1861,31.8
Lao,1862,31.8
Lao,1863,31.8
Lao,1864,31.8
Lao,1865,31.8
Lao,1866,31.8
Lao,1867,31.8
Lao,1868,31.8
Lao,1869,31.8
Lao,1870,31.8
Lao,1871,31.7
Lao,1872,31.7
Lao,1873,31.7
Lao,1874,31.7
Lao,1875,31.7
Lao,1876,31.7
Lao,1877,31.7
Lao,1878,31.7
Lao,1879,31.7
Lao,1880,31.7
Lao,1881,31.7
Lao,1882,31.7
Lao,1883,31.6
Lao,1884,31.6
Lao,1885,31.6
Lao,1886,31.6
Lao,1887,31.6
Lao,1888,31.6
Lao,1889,31.6
Lao,1890,31.6
Lao,1891,31.6
Lao,1892,31.6
Lao,1893,31.6
Lao,1894,31.6
Lao,1895,31.6
Lao,1896,31.6
Lao,1897,31.6
Lao,1898,31.5
Lao,1899,31.5
Lao,1900,31.5
Lao,1901,31.5
Lao,1902,31.5
Lao,1903,31.5
Lao,1904,31.5
Lao,1905,31.5
Lao,1906,31.5
Lao,1907,31.5
Lao,1908,31.5
Lao,1909,31.5
Lao,1910,31.4
Lao,1911,31.4
Lao,1912,31.4
Lao,1913,31.4
Lao,1914,31.4
Lao,1915,31.4
Lao,1916,31.4
Lao,1917,31.4
Lao,1918,20.1
Lao,1919,31.4
Lao,1920,31.4
Lao,1921,31.4
Lao,1922,31.4
Lao,1923,31.4
Lao,1924,31.4
Lao,1925,31.3
Lao,1926,31.3
Lao,1927,31.3
Lao,1928,31.3
Lao,1929,31.3
Lao,1930,31.3
Lao,1931,31.3
Lao,1932,31.3
Lao,1933,31.3
Lao,1934,31.3
Lao,1935,31.3
Lao,1936,31.3
Lao,1937,31.3
Lao,1938,31.2
Lao,1939,31.2
Lao,1940,30.8
Lao,1941,30.5
Lao,1942,30.1
Lao,1943,29.3
Lao,1944,28.3
Lao,1945,26.1
Lao,1946,32.9
Lao,1947,34.8
Lao,1948,37.2
Lao,1949,38.1
Lao,1950,38.9
Lao,1951,39
Lao,1952,39.1
Lao,1953,39.3
Lao,1954,39.9
Lao,1955,40
Lao,1956,40.2
Lao,1957,40.4
Lao,1958,40.6
Lao,1959,40
Lao,1960,40.2
Lao,1961,40.5
Lao,1962,41.5
Lao,1963,40.4
Lao,1964,40.6
Lao,1965,40.9
Lao,1966,41
Lao,1967,41.4
Lao,1968,41.7
Lao,1969,42.1
Lao,1970,42.4
Lao,1971,42.7
Lao,1972,43.1
Lao,1973,43.5
Lao,1974,45.1
Lao,1975,45.5
Lao,1976,46
Lao,1977,46.3
Lao,1978,46.6
Lao,1979,46.9
Lao,1980,47.3
Lao,1981,47.9
Lao,1982,48.4
Lao,1983,49.1
Lao,1984,49.8
Lao,1985,50.4
Lao,1986,50.9
Lao,1987,51.4
Lao,1988,51.8
Lao,1989,52.4
Lao,1990,52.9
Lao,1991,53.5
Lao,1992,54
Lao,1993,54.5
Lao,1994,54.9
Lao,1995,55.6
Lao,1996,56.1
Lao,1997,56.7
Lao,1998,57.3
Lao,1999,57.8
Lao,2000,58.4
Lao,2001,59
Lao,2002,59.7
Lao,2003,60.4
Lao,2004,61.1
Lao,2005,61.7
Lao,2006,62.3
Lao,2007,62.9
Lao,2008,63.6
Lao,2009,64.2
Lao,2010,64.9
Lao,2011,65.6
Lao,2012,66.2
Lao,2013,66.7
Lao,2014,67.2
Lao,2015,67.6
Lao,2016,68
Lao,2017,68.4
Lao,2018,68.6
Lao,2019,69
Lao,2020,69.3
Lao,2021,68.9
Lao,2022,69.8
Lao,2023,70.1
Lao,2024,70.4
Lebanon,1800,29.7
Lebanon,1801,29.7
Lebanon,1802,29.7
Lebanon,1803,29.7
Lebanon,1804,29.7
Lebanon,1805,29.7
Lebanon,1806,29.7
Lebanon,1807,29.7
Lebanon,1808,29.7
Lebanon,1809,29.7
Lebanon,1810,29.7
Lebanon,1811,29.7
Lebanon,1812,29.7
Lebanon,1813,29.7
Lebanon,1814,29.7
Lebanon,1815,29.7
Lebanon,1816,29.7
Lebanon,1817,29.7
Lebanon,1818,29.7
Lebanon,1819,29.7
Lebanon,1820,29.7
Lebanon,1821,29.7
Lebanon,1822,29.7
Lebanon,1823,29.7
Lebanon,1824,29.7
Lebanon,1825,29.7
Lebanon,1826,29.7
Lebanon,1827,29.7
Lebanon,1828,29.7
Lebanon,1829,29.7
Lebanon,1830,29.7
Lebanon,1831,29.7
Lebanon,1832,29.7
Lebanon,1833,29.7
Lebanon,1834,29.7
Lebanon,1835,29.7
Lebanon,1836,29.7
Lebanon,1837,29.7
Lebanon,1838,29.7
Lebanon,1839,29.7
Lebanon,1840,29.7
Lebanon,1841,29.7
Lebanon,1842,29.7
Lebanon,1843,29.7
Lebanon,1844,29.7
Lebanon,1845,29.7
Lebanon,1846,29.7
Lebanon,1847,29.7
Lebanon,1848,29.7
Lebanon,1849,29.7
Lebanon,1850,29.7
Lebanon,1851,29.7
Lebanon,1852,29.7
Lebanon,1853,29.7
Lebanon,1854,29.7
Lebanon,1855,29.7
Lebanon,1856,29.7
Lebanon,1857,29.7
Lebanon,1858,29.7
Lebanon,1859,29.7
Lebanon,1860,29.7
Lebanon,1861,29.7
Lebanon,1862,29.7
Lebanon,1863,29.7
Lebanon,1864,29.7
Lebanon,1865,29.7
Lebanon,1866,29.6
Lebanon,1867,29.6
Lebanon,1868,29.6
Lebanon,1869,29.6
Lebanon,1870,29.6
Lebanon,1871,29.6
Lebanon,1872,29.6
Lebanon,1873,29.6
Lebanon,1874,29.6
Lebanon,1875,29.6
Lebanon,1876,29.6
Lebanon,1877,29.6
Lebanon,1878,29.6
Lebanon,1879,29.6
Lebanon,1880,29.6
Lebanon,1881,29.6
Lebanon,1882,29.6
Lebanon,1883,29.6
Lebanon,1884,29.6
Lebanon,1885,29.6
Lebanon,1886,29.6
Lebanon,1887,29.6
Lebanon,1888,29.6
Lebanon,1889,29.6
Lebanon,1890,29.6
Lebanon,1891,29.6
Lebanon,1892,29.6
Lebanon,1893,29.6
Lebanon,1894,29.6
Lebanon,1895,29.6
Lebanon,1896,29.6
Lebanon,1897,29.6
Lebanon,1898,29.6
Lebanon,1899,29.6
Lebanon,1900,29.6
Lebanon,1901,29.6
Lebanon,1902,29.6
Lebanon,1903,29.5
Lebanon,1904,29.5
Lebanon,1905,29.5
Lebanon,1906,29.5
Lebanon,1907,29.5
Lebanon,1908,29.5
Lebanon,1909,29.5
Lebanon,1910,29.5
Lebanon,1911,29.5
Lebanon,1912,29.5
Lebanon,1913,29.5
Lebanon,1914,29.5
Lebanon,1915,29.5
Lebanon,1916,29.5
Lebanon,1917,29.5
Lebanon,1918,24.4
Lebanon,1919,29.5
Lebanon,1920,29.5
Lebanon,1921,29.5
Lebanon,1922,29.5
Lebanon,1923,29.5
Lebanon,1924,29.5
Lebanon,1925,29.5
Lebanon,1926,29.5
Lebanon,1927,29.5
Lebanon,1928,29.5
Lebanon,1929,29.5
Lebanon,1930,29.5
Lebanon,1931,29.5
Lebanon,1932,29.5
Lebanon,1933,29.4
Lebanon,1934,29.4
Lebanon,1935,29.4
Lebanon,1936,29.4
Lebanon,1937,29.4
Lebanon,1938,29.4
Lebanon,1939,29.4
Lebanon,1940,29.4
Lebanon,1941,32.4
Lebanon,1942,35.3
Lebanon,1943,38.3
Lebanon,1944,41.2
Lebanon,1945,44.1
Lebanon,1946,47.1
Lebanon,1947,50
Lebanon,1948,52.9
Lebanon,1949,55.9
Lebanon,1950,58.8
Lebanon,1951,60
Lebanon,1952,60.6
Lebanon,1953,61.4
Lebanon,1954,62.1
Lebanon,1955,62.1
Lebanon,1956,63.1
Lebanon,1957,63.8
Lebanon,1958,62.1
Lebanon,1959,64.5
Lebanon,1960,64.9
Lebanon,1961,65.2
Lebanon,1962,65.6
Lebanon,1963,65.9
Lebanon,1964,66.2
Lebanon,1965,66.6
Lebanon,1966,66.9
Lebanon,1967,67.1
Lebanon,1968,67.3
Lebanon,1969,67.5
Lebanon,1970,67.6
Lebanon,1971,67.8
Lebanon,1972,68
Lebanon,1973,68.2
Lebanon,1974,68.6
Lebanon,1975,62
Lebanon,1976,38.3
Lebanon,1977,69.2
Lebanon,1978,69.2
Lebanon,1979,69.4
Lebanon,1980,69.4
Lebanon,1981,69.4
Lebanon,1982,48.6
Lebanon,1983,64.2
Lebanon,1984,65.1
Lebanon,1985,65.1
Lebanon,1986,65.9
Lebanon,1987,70.9
Lebanon,1988,71.1
Lebanon,1989,70.3
Lebanon,1990,69.9
Lebanon,1991,71.7
Lebanon,1992,72
Lebanon,1993,72.3
Lebanon,1994,72.7
Lebanon,1995,73.2
Lebanon,1996,73.5
Lebanon,1997,73.9
Lebanon,1998,74.2
Lebanon,1999,74.6
Lebanon,2000,74.8
Lebanon,2001,75.1
Lebanon,2002,75.3
Lebanon,2003,75.3
Lebanon,2004,75.4
Lebanon,2005,75.4
Lebanon,2006,75.1
Lebanon,2007,75.5
Lebanon,2008,75.4
Lebanon,2009,75.5
Lebanon,2010,75.6
Lebanon,2011,75.7
Lebanon,2012,75.7
Lebanon,2013,75.8
Lebanon,2014,75.8
Lebanon,2015,75.9
Lebanon,2016,76.1
Lebanon,2017,76.2
Lebanon,2018,76.2
Lebanon,2019,76.6
Lebanon,2020,75.3
Lebanon,2021,72.6
Lebanon,2022,72
Lebanon,2023,73.6
Lebanon,2024,77.3
Liberia,1800,31.1
Liberia,1801,31.1
Liberia,1802,31.1
Liberia,1803,31.1
Liberia,1804,31.1
Liberia,1805,31.1
Liberia,1806,31.1
Liberia,1807,31.1
Liberia,1808,31.1
Liberia,1809,31.1
Liberia,1810,31.1
Liberia,1811,31.1
Liberia,1812,31.1
Liberia,1813,31.1
Liberia,1814,31.1
Liberia,1815,31.1
Liberia,1816,31.1
Liberia,1817,31.1
Liberia,1818,31.1
Liberia,1819,31.1
Liberia,1820,31.1
Liberia,1821,31.1
Liberia,1822,31.1
Liberia,1823,31.1
Liberia,1824,31.1
Liberia,1825,31.1
Liberia,1826,31.1
Liberia,1827,31.1
Liberia,1828,31.1
Liberia,1829,31.1
Liberia,1830,31.1
Liberia,1831,31.1
Liberia,1832,31.1
Liberia,1833,31.1
Liberia,1834,31.1
Liberia,1835,31.1
Liberia,1836,31.1
Liberia,1837,31.1
Liberia,1838,31.1
Liberia,1839,31.1
Liberia,1840,31.1
Liberia,1841,31.1
Liberia,1842,31.1
Liberia,1843,31.1
Liberia,1844,31.1
Liberia,1845,31.1
Liberia,1846,31.1
Liberia,1847,31.1
Liberia,1848,31.1
Liberia,1849,31.1
Liberia,1850,31.1
Liberia,1851,31.1
Liberia,1852,31.2
Liberia,1853,31.2
Liberia,1854,31.3
Liberia,1855,31.3
Liberia,1856,31.4
Liberia,1857,31.4
Liberia,1858,31.5
Liberia,1859,31.5
Liberia,1860,31.6
Liberia,1861,31.6
Liberia,1862,31.7
Liberia,1863,31.7
Liberia,1864,31.8
Liberia,1865,31.8
Liberia,1866,31.9
Liberia,1867,31.9
Liberia,1868,32
Liberia,1869,32
Liberia,1870,32
Liberia,1871,32.1
Liberia,1872,32.1
Liberia,1873,32.2
Liberia,1874,32.2
Liberia,1875,32.3
Liberia,1876,32.3
Liberia,1877,32.4
Liberia,1878,32.4
Liberia,1879,32.5
Liberia,1880,32.5
Liberia,1881,32.6
Liberia,1882,32.6
Liberia,1883,32.7
Liberia,1884,32.7
Liberia,1885,32.8
Liberia,1886,32.8
Liberia,1887,32.9
Liberia,1888,32.9
Liberia,1889,33
Liberia,1890,33
Liberia,1891,33
Liberia,1892,33.1
Liberia,1893,33.1
Liberia,1894,33.2
Liberia,1895,33.3
Liberia,1896,33.3
Liberia,1897,33.3
Liberia,1898,33.4
Liberia,1899,33.4
Liberia,1900,33.5
Liberia,1901,33.5
Liberia,1902,33.6
Liberia,1903,33.6
Liberia,1904,33.7
Liberia,1905,33.7
Liberia,1906,33.8
Liberia,1907,33.8
Liberia,1908,33.9
Liberia,1909,33.9
Liberia,1910,34
Liberia,1911,34
Liberia,1912,34.1
Liberia,1913,34.1
Liberia,1914,34.1
Liberia,1915,34.2
Liberia,1916,34.3
Liberia,1917,34.3
Liberia,1918,13.3
Liberia,1919,34.4
Liberia,1920,34.4
Liberia,1921,34.5
Liberia,1922,34.5
Liberia,1923,34.6
Liberia,1924,34.6
Liberia,1925,34.7
Liberia,1926,34.7
Liberia,1927,34.8
Liberia,1928,34.8
Liberia,1929,34.9
Liberia,1930,34.9
Liberia,1931,35
Liberia,1932,35
Liberia,1933,35.1
Liberia,1934,35.1
Liberia,1935,35.1
Liberia,1936,35.2
Liberia,1937,35.3
Liberia,1938,35.3
Liberia,1939,35.3
Liberia,1940,35.4
Liberia,1941,35.5
Liberia,1942,35.5
Liberia,1943,35.6
Liberia,1944,35.7
Liberia,1945,35.8
Liberia,1946,36.2
Liberia,1947,36.7
Liberia,1948,37.1
Liberia,1949,37.6
Liberia,1950,38
Liberia,1951,38.3
Liberia,1952,38.5
Liberia,1953,38.9
Liberia,1954,39.2
Liberia,1955,39.5
Liberia,1956,39.8
Liberia,1957,40
Liberia,1958,40.3
Liberia,1959,40.6
Liberia,1960,40.8
Liberia,1961,41
Liberia,1962,41.3
Liberia,1963,41.9
Liberia,1964,42.3
Liberia,1965,42.7
Liberia,1966,43.1
Liberia,1967,43.5
Liberia,1968,44
Liberia,1969,44.7
Liberia,1970,45.3
Liberia,1971,45.8
Liberia,1972,46.4
Liberia,1973,46.9
Liberia,1974,47.5
Liberia,1975,48.1
Liberia,1976,48.7
Liberia,1977,49.2
Liberia,1978,49.6
Liberia,1979,50.1
Liberia,1980,50.3
Liberia,1981,51
Liberia,1982,51.3
Liberia,1983,51.7
Liberia,1984,52
Liberia,1985,52.2
Liberia,1986,52.4
Liberia,1987,52.5
Liberia,1988,52.8
Liberia,1989,52.8
Liberia,1990,49.1
Liberia,1991,52.2
Liberia,1992,52.3
Liberia,1993,50.1
Liberia,1994,48.6
Liberia,1995,50.3
Liberia,1996,49.6
Liberia,1997,52.4
Liberia,1998,53
Liberia,1999,53.8
Liberia,2000,54.8
Liberia,2001,55.7
Liberia,2002,55.4
Liberia,2003,55.5
Liberia,2004,58.5
Liberia,2005,59.2
Liberia,2006,60
Liberia,2007,60.6
Liberia,2008,61.1
Liberia,2009,61.5
Liberia,2010,61.9
Liberia,2011,62.4
Liberia,2012,62.9
Liberia,2013,63.4
Liberia,2014,59.9
Liberia,2015,62.5
Liberia,2016,64.5
Liberia,2017,65.1
Liberia,2018,65.7
Liberia,2019,66.1
Liberia,2020,65.9
Liberia,2021,65.7
Liberia,2022,66.1
Liberia,2023,67.1
Liberia,2024,67.4
Libya,1800,33.1
Libya,1801,33.1
Libya,1802,33.1
Libya,1803,33.1
Libya,1804,33.1
Libya,1805,33.1
Libya,1806,33.1
Libya,1807,33.1
Libya,1808,33.1
Libya,1809,33.1
Libya,1810,33.1
Libya,1811,33.1
Libya,1812,33.1
Libya,1813,33.1
Libya,1814,33.1
Libya,1815,33.1
Libya,1816,33.1
Libya,1817,33.1
Libya,1818,33.1
Libya,1819,33.1
Libya,1820,33.1
Libya,1821,33.1
Libya,1822,33.1
Libya,1823,33.1
Libya,1824,33.1
Libya,1825,33.1
Libya,1826,33.1
Libya,1827,33.1
Libya,1828,33.1
Libya,1829,33.1
Libya,1830,33.1
Libya,1831,33.1
Libya,1832,33.1
Libya,1833,33.1
Libya,1834,33.1
Libya,1835,33.1
Libya,1836,33.1
Libya,1837,33.1
Libya,1838,33.1
Libya,1839,33.1
Libya,1840,33.1
Libya,1841,33.1
Libya,1842,33.1
Libya,1843,33.1
Libya,1844,33.1
Libya,1845,33.1
Libya,1846,33.1
Libya,1847,33.1
Libya,1848,33.1
Libya,1849,33.1
Libya,1850,33.1
Libya,1851,33.2
Libya,1852,33.3
Libya,1853,33.3
Libya,1854,33.4
Libya,1855,33.5
Libya,1856,33.6
Libya,1857,33.6
Libya,1858,33.7
Libya,1859,33.8
Libya,1860,33.9
Libya,1861,34
Libya,1862,34
Libya,1863,34.1
Libya,1864,34.2
Libya,1865,34.3
Libya,1866,34.4
Libya,1867,34.4
Libya,1868,34.5
Libya,1869,34.6
Libya,1870,34.7
Libya,1871,34.7
Libya,1872,34.8
Libya,1873,34.9
Libya,1874,35
Libya,1875,35.1
Libya,1876,35.1
Libya,1877,35.2
Libya,1878,35.3
Libya,1879,35.4
Libya,1880,35.5
Libya,1881,35.5
Libya,1882,35.6
Libya,1883,35.7
Libya,1884,35.8
Libya,1885,35.8
Libya,1886,35.9
Libya,1887,36
Libya,1888,36.1
Libya,1889,36.1
Libya,1890,36.2
Libya,1891,36.3
Libya,1892,36.4
Libya,1893,36.5
Libya,1894,36.5
Libya,1895,36.6
Libya,1896,36.7
Libya,1897,36.8
Libya,1898,36.9
Libya,1899,36.9
Libya,1900,37
Libya,1901,37.1
Libya,1902,37.2
Libya,1903,37.3
Libya,1904,37.3
Libya,1905,37.4
Libya,1906,37.5
Libya,1907,37.6
Libya,1908,37.6
Libya,1909,37.7
Libya,1910,37.8
Libya,1911,37.9
Libya,1912,38
Libya,1913,38
Libya,1914,38.1
Libya,1915,38.2
Libya,1916,38.3
Libya,1917,38.4
Libya,1918,29.4
Libya,1919,38.5
Libya,1920,38.6
Libya,1921,38.7
Libya,1922,38.7
Libya,1923,38.8
Libya,1924,38.9
Libya,1925,39
Libya,1926,39
Libya,1927,39.1
Libya,1928,39.2
Libya,1929,39.3
Libya,1930,39.4
Libya,1931,39.4
Libya,1932,39.5
Libya,1933,39.6
Libya,1934,39.7
Libya,1935,39.8
Libya,1936,39.8
Libya,1937,39.9
Libya,1938,40
Libya,1939,40.1
Libya,1940,39.8
Libya,1941,37.8
Libya,1942,36.9
Libya,1943,37
Libya,1944,37.4
Libya,1945,40.4
Libya,1946,42.4
Libya,1947,43.7
Libya,1948,44.9
Libya,1949,46.1
Libya,1950,47.3
Libya,1951,47.8
Libya,1952,48.2
Libya,1953,48.6
Libya,1954,48.8
Libya,1955,49.4
Libya,1956,50
Libya,1957,50.7
Libya,1958,51.3
Libya,1959,52
Libya,1960,52.8
Libya,1961,53.6
Libya,1962,54.7
Libya,1963,55.4
Libya,1964,57.1
Libya,1965,58.5
Libya,1966,59.6
Libya,1967,60.8
Libya,1968,62.1
Libya,1969,63.4
Libya,1970,64.6
Libya,1971,65.5
Libya,1972,66.2
Libya,1973,66.8
Libya,1974,67.3
Libya,1975,67.7
Libya,1976,68
Libya,1977,67.8
Libya,1978,69
Libya,1979,69.4
Libya,1980,69.8
Libya,1981,70
Libya,1982,70.4
Libya,1983,70.8
Libya,1984,71
Libya,1985,71.3
Libya,1986,71.7
Libya,1987,69.3
Libya,1988,72
Libya,1989,72.2
Libya,1990,72.6
Libya,1991,73
Libya,1992,73.4
Libya,1993,73.9
Libya,1994,74.3
Libya,1995,74.6
Libya,1996,73.5
Libya,1997,75
Libya,1998,74.8
Libya,1999,74.9
Libya,2000,74.9
Libya,2001,75
Libya,2002,75
Libya,2003,75.5
Libya,2004,76.4
Libya,2005,76.8
Libya,2006,76.9
Libya,2007,76
Libya,2008,75.9
Libya,2009,75.7
Libya,2010,76.2
Libya,2011,73.2
Libya,2012,76.5
Libya,2013,76.7
Libya,2014,74.3
Libya,2015,74.6
Libya,2016,74.3
Libya,2017,75.6
Libya,2018,75.7
Libya,2019,75.9
Libya,2020,75.9
Libya,2021,75.3
Libya,2022,75.6
Libya,2023,76.8
Libya,2024,77
St. Lucia,1800,28
St. Lucia,1801,28
St. Lucia,1802,28
St. Lucia,1803,28
St. Lucia,1804,28
St. Lucia,1805,28
St. Lucia,1806,28
St. Lucia,1807,28
St. Lucia,1808,28
St. Lucia,1809,28
St. Lucia,1810,28
St. Lucia,1811,28
St. Lucia,1812,28
St. Lucia,1813,28
St. Lucia,1814,28
St. Lucia,1815,28
St. Lucia,1816,28
St. Lucia,1817,28
St. Lucia,1818,28
St. Lucia,1819,28
St. Lucia,1820,28
St. Lucia,1821,28
St. Lucia,1822,28
St. Lucia,1823,28
St. Lucia,1824,28
St. Lucia,1825,28
St. Lucia,1826,28
St. Lucia,1827,28
St. Lucia,1828,28
St. Lucia,1829,28
St. Lucia,1830,28
St. Lucia,1831,28
St. Lucia,1832,28
St. Lucia,1833,28
St. Lucia,1834,28
St. Lucia,1835,28
St. Lucia,1836,28
St. Lucia,1837,28
St. Lucia,1838,28
St. Lucia,1839,28
St. Lucia,1840,28
St. Lucia,1841,28
St. Lucia,1842,28
St. Lucia,1843,28
St. Lucia,1844,28
St. Lucia,1845,28
St. Lucia,1846,28
St. Lucia,1847,28
St. Lucia,1848,28
St. Lucia,1849,28
St. Lucia,1850,28
St. Lucia,1851,28
St. Lucia,1852,28
St. Lucia,1853,28
St. Lucia,1854,28
St. Lucia,1855,28
St. Lucia,1856,28
St. Lucia,1857,28
St. Lucia,1858,28
St. Lucia,1859,28
St. Lucia,1860,28
St. Lucia,1861,28
St. Lucia,1862,28
St. Lucia,1863,28
St. Lucia,1864,28
St. Lucia,1865,28
St. Lucia,1866,28
St. Lucia,1867,28
St. Lucia,1868,28
St. Lucia,1869,28
St. Lucia,1870,28
St. Lucia,1871,28
St. Lucia,1872,28
St. Lucia,1873,28
St. Lucia,1874,28
St. Lucia,1875,28
St. Lucia,1876,28
St. Lucia,1877,28
St. Lucia,1878,28
St. Lucia,1879,28
St. Lucia,1880,28
St. Lucia,1881,28
St. Lucia,1882,28
St. Lucia,1883,28
St. Lucia,1884,28
St. Lucia,1885,28
St. Lucia,1886,28
St. Lucia,1887,28
St. Lucia,1888,28
St. Lucia,1889,28
St. Lucia,1890,28
St. Lucia,1891,28
St. Lucia,1892,28
St. Lucia,1893,28
St. Lucia,1894,28
St. Lucia,1895,28
St. Lucia,1896,28
St. Lucia,1897,28
St. Lucia,1898,28
St. Lucia,1899,28
St. Lucia,1900,28
St. Lucia,1901,28
St. Lucia,1902,28
St. Lucia,1903,28
St. Lucia,1904,28
St. Lucia,1905,28
St. Lucia,1906,28
St. Lucia,1907,28
St. Lucia,1908,28
St. Lucia,1909,28
St. Lucia,1910,28
St. Lucia,1911,28
St. Lucia,1912,28
St. Lucia,1913,28
St. Lucia,1914,28
St. Lucia,1915,28
St. Lucia,1916,28
St. Lucia,1917,28
St. Lucia,1918,18.2
St. Lucia,1919,28
St. Lucia,1920,28
St. Lucia,1921,28
St. Lucia,1922,28.8
St. Lucia,1923,29.6
St. Lucia,1924,30.5
St. Lucia,1925,31.3
St. Lucia,1926,32.1
St. Lucia,1927,33
St. Lucia,1928,33.8
St. Lucia,1929,34.6
St. Lucia,1930,35.5
St. Lucia,1931,36.3
St. Lucia,1932,37.1
St. Lucia,1933,37.9
St. Lucia,1934,38.8
St. Lucia,1935,39.6
St. Lucia,1936,40.4
St. Lucia,1937,41.2
St. Lucia,1938,42.1
St. Lucia,1939,42.9
St. Lucia,1940,43.7
St. Lucia,1941,44.5
St. Lucia,1942,45.3
St. Lucia,1943,46.1
St. Lucia,1944,47
St. Lucia,1945,47.8
St. Lucia,1946,48.6
St. Lucia,1947,49.4
St. Lucia,1948,50.2
St. Lucia,1949,51
St. Lucia,1950,51.8
St. Lucia,1951,52.3
St. Lucia,1952,53.2
St. Lucia,1953,54.1
St. Lucia,1954,55.1
St. Lucia,1955,55.8
St. Lucia,1956,56.3
St. Lucia,1957,56.8
St. Lucia,1958,57.5
St. Lucia,1959,58.3
St. Lucia,1960,59.2
St. Lucia,1961,60.2
St. Lucia,1962,61.1
St. Lucia,1963,61.7
St. Lucia,1964,62.7
St. Lucia,1965,63.3
St. Lucia,1966,63.9
St. Lucia,1967,64.5
St. Lucia,1968,65
St. Lucia,1969,65.2
St. Lucia,1970,65.4
St. Lucia,1971,65.5
St. Lucia,1972,65.7
St. Lucia,1973,66.1
St. Lucia,1974,66.5
St. Lucia,1975,66.7
St. Lucia,1976,66.9
St. Lucia,1977,67.6
St. Lucia,1978,68.3
St. Lucia,1979,68.8
St. Lucia,1980,68.7
St. Lucia,1981,69.3
St. Lucia,1982,69.5
St. Lucia,1983,69.6
St. Lucia,1984,69.9
St. Lucia,1985,70
St. Lucia,1986,70.1
St. Lucia,1987,70
St. Lucia,1988,70.2
St. Lucia,1989,70.3
St. Lucia,1990,70.2
St. Lucia,1991,70.4
St. Lucia,1992,70.5
St. Lucia,1993,70.7
St. Lucia,1994,71
St. Lucia,1995,71.4
St. Lucia,1996,71.8
St. Lucia,1997,72.3
St. Lucia,1998,72.8
St. Lucia,1999,73.1
St. Lucia,2000,73.4
St. Lucia,2001,73.5
St. Lucia,2002,73.6
St. Lucia,2003,73.8
St. Lucia,2004,74
St. Lucia,2005,74.3
St. Lucia,2006,74.6
St. Lucia,2007,75
St. Lucia,2008,75.3
St. Lucia,2009,75.5
St. Lucia,2010,75.6
St. Lucia,2011,76
St. Lucia,2012,76
St. Lucia,2013,75.7
St. Lucia,2014,75.6
St. Lucia,2015,75.6
St. Lucia,2016,75.1
St. Lucia,2017,75.1
St. Lucia,2018,75.1
St. Lucia,2019,75.1
St. Lucia,2020,75.1
St. Lucia,2021,72.8
St. Lucia,2022,72.9
St. Lucia,2023,75.8
St. Lucia,2024,76
Liechtenstein,1950,62.3
Liechtenstein,1951,62
Liechtenstein,1952,57.2
Liechtenstein,1953,55.8
Liechtenstein,1954,54.1
Liechtenstein,1955,60.3
Liechtenstein,1956,57.3
Liechtenstein,1957,59.7
Liechtenstein,1958,58.6
Liechtenstein,1959,63.1
Liechtenstein,1960,64.1
Liechtenstein,1961,63.5
Liechtenstein,1962,59.8
Liechtenstein,1963,60.8
Liechtenstein,1964,61.8
Liechtenstein,1965,61.8
Liechtenstein,1966,63.7
Liechtenstein,1967,66
Liechtenstein,1968,62.3
Liechtenstein,1969,64.4
Liechtenstein,1970,65.2
Liechtenstein,1971,61.3
Liechtenstein,1972,68.1
Liechtenstein,1973,64.3
Liechtenstein,1974,70
Liechtenstein,1975,66.2
Liechtenstein,1976,67
Liechtenstein,1977,71.6
Liechtenstein,1978,70.3
Liechtenstein,1979,70
Liechtenstein,1980,66.3
Liechtenstein,1981,67.4
Liechtenstein,1982,69.5
Liechtenstein,1983,71.4
Liechtenstein,1984,68.8
Liechtenstein,1985,69.5
Liechtenstein,1986,73.4
Liechtenstein,1987,70.2
Liechtenstein,1988,74.3
Liechtenstein,1989,74.5
Liechtenstein,1990,75.9
Liechtenstein,1991,76.5
Liechtenstein,1992,77.2
Liechtenstein,1993,76.7
Liechtenstein,1994,78.6
Liechtenstein,1995,77.6
Liechtenstein,1996,76.8
Liechtenstein,1997,76.1
Liechtenstein,1998,77.8
Liechtenstein,1999,79.3
Liechtenstein,2000,77
Liechtenstein,2001,79.5
Liechtenstein,2002,79.8
Liechtenstein,2003,80.2
Liechtenstein,2004,82
Liechtenstein,2005,80.8
Liechtenstein,2006,81.2
Liechtenstein,2007,81.5
Liechtenstein,2008,82.9
Liechtenstein,2009,81.7
Liechtenstein,2010,82
Liechtenstein,2011,81.9
Liechtenstein,2012,82.5
Liechtenstein,2013,82.4
Liechtenstein,2014,82.2
Liechtenstein,2015,82.8
Liechtenstein,2016,82.4
Liechtenstein,2017,83.9
Liechtenstein,2018,83.2
Liechtenstein,2019,84.3
Sri Lanka,1800,32.6
Sri Lanka,1801,32.6
Sri Lanka,1802,32.6
Sri Lanka,1803,32.6
Sri Lanka,1804,32.6
Sri Lanka,1805,32.6
Sri Lanka,1806,32.6
Sri Lanka,1807,32.6
Sri Lanka,1808,32.6
Sri Lanka,1809,32.6
Sri Lanka,1810,32.6
Sri Lanka,1811,32.6
Sri Lanka,1812,32.6
Sri Lanka,1813,32.6
Sri Lanka,1814,32.6
Sri Lanka,1815,32.6
Sri Lanka,1816,32.6
Sri Lanka,1817,32.6
Sri Lanka,1818,32.6
Sri Lanka,1819,32.6
Sri Lanka,1820,32.6
Sri Lanka,1821,32.6
Sri Lanka,1822,32.6
Sri Lanka,1823,32.6
Sri Lanka,1824,32.6
Sri Lanka,1825,32.6
Sri Lanka,1826,32.6
Sri Lanka,1827,32.6
Sri Lanka,1828,32.6
Sri Lanka,1829,32.6
Sri Lanka,1830,32.6
Sri Lanka,1831,32.6
Sri Lanka,1832,32.6
Sri Lanka,1833,32.6
Sri Lanka,1834,32.6
Sri Lanka,1835,32.6
Sri Lanka,1836,32.6
Sri Lanka,1837,32.6
Sri Lanka,1838,32.6
Sri Lanka,1839,32.6
Sri Lanka,1840,32.6
Sri Lanka,1841,32.6
Sri Lanka,1842,32.6
Sri Lanka,1843,32.6
Sri Lanka,1844,32.6
Sri Lanka,1845,32.6
Sri Lanka,1846,32.6
Sri Lanka,1847,32.6
Sri Lanka,1848,32.6
Sri Lanka,1849,32.6
Sri Lanka,1850,32.6
Sri Lanka,1851,32.6
Sri Lanka,1852,32.6
Sri Lanka,1853,32.7
Sri Lanka,1854,32.7
Sri Lanka,1855,32.7
Sri Lanka,1856,32.7
Sri Lanka,1857,32.8
Sri Lanka,1858,32.8
Sri Lanka,1859,32.8
Sri Lanka,1860,32.8
Sri Lanka,1861,32.9
Sri Lanka,1862,32.9
Sri Lanka,1863,32.9
Sri Lanka,1864,32.9
Sri Lanka,1865,32.9
Sri Lanka,1866,33
Sri Lanka,1867,33
Sri Lanka,1868,33
Sri Lanka,1869,33
Sri Lanka,1870,33
Sri Lanka,1871,33.1
Sri Lanka,1872,33.1
Sri Lanka,1873,33.1
Sri Lanka,1874,33.1
Sri Lanka,1875,33.2
Sri Lanka,1876,33.2
Sri Lanka,1877,33.2
Sri Lanka,1878,33.2
Sri Lanka,1879,33.3
Sri Lanka,1880,33.3
Sri Lanka,1881,33.3
Sri Lanka,1882,33.3
Sri Lanka,1883,33.3
Sri Lanka,1884,33.4
Sri Lanka,1885,33.4
Sri Lanka,1886,33.4
Sri Lanka,1887,33.4
Sri Lanka,1888,33.5
Sri Lanka,1889,33.5
Sri Lanka,1890,33.5
Sri Lanka,1891,33.5
Sri Lanka,1892,33.5
Sri Lanka,1893,33.6
Sri Lanka,1894,33.6
Sri Lanka,1895,33.6
Sri Lanka,1896,33.6
Sri Lanka,1897,33.7
Sri Lanka,1898,33.7
Sri Lanka,1899,33.7
Sri Lanka,1900,33.7
Sri Lanka,1901,33.8
Sri Lanka,1902,33.9
Sri Lanka,1903,35.3
Sri Lanka,1904,36.2
Sri Lanka,1905,33.8
Sri Lanka,1906,28.1
Sri Lanka,1907,31.4
Sri Lanka,1908,31.8
Sri Lanka,1909,31.2
Sri Lanka,1910,34.2
Sri Lanka,1911,28.4
Sri Lanka,1912,30.2
Sri Lanka,1913,33.3
Sri Lanka,1914,30.5
Sri Lanka,1915,36
Sri Lanka,1916,34.3
Sri Lanka,1917,36
Sri Lanka,1918,29.5
Sri Lanka,1919,26.7
Sri Lanka,1920,32.6
Sri Lanka,1921,33.6
Sri Lanka,1922,37.8
Sri Lanka,1923,34.9
Sri Lanka,1924,39.8
Sri Lanka,1925,41.7
Sri Lanka,1926,40.4
Sri Lanka,1927,43.7
Sri Lanka,1928,39.7
Sri Lanka,1929,39.5
Sri Lanka,1930,40.3
Sri Lanka,1931,44.5
Sri Lanka,1932,46.6
Sri Lanka,1933,45.7
Sri Lanka,1934,43.6
Sri Lanka,1935,29.4
Sri Lanka,1936,45
Sri Lanka,1937,45.2
Sri Lanka,1938,46.1
Sri Lanka,1939,45.3
Sri Lanka,1940,46.8
Sri Lanka,1941,50
Sri Lanka,1942,50.4
Sri Lanka,1943,46.6
Sri Lanka,1944,46.7
Sri Lanka,1945,45.8
Sri Lanka,1946,49
Sri Lanka,1947,57
Sri Lanka,1948,56.8
Sri Lanka,1949,56.5
Sri Lanka,1950,56.3
Sri Lanka,1951,56
Sri Lanka,1952,58
Sri Lanka,1953,60.1
Sri Lanka,1954,61.1
Sri Lanka,1955,60.2
Sri Lanka,1956,61.9
Sri Lanka,1957,61.3
Sri Lanka,1958,61.9
Sri Lanka,1959,63
Sri Lanka,1960,64
Sri Lanka,1961,64.9
Sri Lanka,1962,64.2
Sri Lanka,1963,63.6
Sri Lanka,1964,63.6
Sri Lanka,1965,64.5
Sri Lanka,1966,64.4
Sri Lanka,1967,65.8
Sri Lanka,1968,65
Sri Lanka,1969,64.7
Sri Lanka,1970,66.1
Sri Lanka,1971,65.6
Sri Lanka,1972,65.3
Sri Lanka,1973,65.8
Sri Lanka,1974,63.6
Sri Lanka,1975,64.3
Sri Lanka,1976,65.6
Sri Lanka,1977,66.5
Sri Lanka,1978,67.6
Sri Lanka,1979,68.4
Sri Lanka,1980,69.3
Sri Lanka,1981,69.9
Sri Lanka,1982,69.7
Sri Lanka,1983,69.3
Sri Lanka,1984,68.8
Sri Lanka,1985,69.3
Sri Lanka,1986,69.6
Sri Lanka,1987,69.9
Sri Lanka,1988,70.1
Sri Lanka,1989,69.3
Sri Lanka,1990,69.6
Sri Lanka,1991,70.3
Sri Lanka,1992,70.9
Sri Lanka,1993,72.1
Sri Lanka,1994,72.1
Sri Lanka,1995,70.9
Sri Lanka,1996,70.8
Sri Lanka,1997,70.5
Sri Lanka,1998,71.2
Sri Lanka,1999,71.6
Sri Lanka,2000,71.5
Sri Lanka,2001,72.6
Sri Lanka,2002,73.4
Sri Lanka,2003,73.4
Sri Lanka,2004,69
Sri Lanka,2005,73.3
Sri Lanka,2006,73.6
Sri Lanka,2007,74
Sri Lanka,2008,73.3
Sri Lanka,2009,73.4
Sri Lanka,2010,74
Sri Lanka,2011,75.3
Sri Lanka,2012,75.5
Sri Lanka,2013,76
Sri Lanka,2014,76.1
Sri Lanka,2015,76.4
Sri Lanka,2016,76.6
Sri Lanka,2017,76.8
Sri Lanka,2018,77.2
Sri Lanka,2019,77.3
Sri Lanka,2020,77.7
Sri Lanka,2021,77.7
Sri Lanka,2022,77.9
Sri Lanka,2023,78.1
Sri Lanka,2024,78.3
Lesotho,1800,32.8
Lesotho,1801,32.8
Lesotho,1802,32.8
Lesotho,1803,32.8
Lesotho,1804,32.8
Lesotho,1805,32.8
Lesotho,1806,32.8
Lesotho,1807,32.8
Lesotho,1808,32.8
Lesotho,1809,32.8
Lesotho,1810,32.8
Lesotho,1811,32.8
Lesotho,1812,32.8
Lesotho,1813,32.8
Lesotho,1814,32.8
Lesotho,1815,32.8
Lesotho,1816,32.8
Lesotho,1817,32.8
Lesotho,1818,32.8
Lesotho,1819,32.8
Lesotho,1820,32.8
Lesotho,1821,32.8
Lesotho,1822,32.8
Lesotho,1823,32.8
Lesotho,1824,32.8
Lesotho,1825,32.8
Lesotho,1826,32.8
Lesotho,1827,32.8
Lesotho,1828,32.8
Lesotho,1829,32.8
Lesotho,1830,32.8
Lesotho,1831,32.8
Lesotho,1832,32.8
Lesotho,1833,32.8
Lesotho,1834,32.8
Lesotho,1835,32.8
Lesotho,1836,32.8
Lesotho,1837,32.8
Lesotho,1838,32.8
Lesotho,1839,32.8
Lesotho,1840,32.8
Lesotho,1841,32.8
Lesotho,1842,32.8
Lesotho,1843,32.8
Lesotho,1844,32.8
Lesotho,1845,32.8
Lesotho,1846,32.8
Lesotho,1847,32.8
Lesotho,1848,32.8
Lesotho,1849,32.8
Lesotho,1850,32.8
Lesotho,1851,32.9
Lesotho,1852,33
Lesotho,1853,33.1
Lesotho,1854,33.1
Lesotho,1855,33.2
Lesotho,1856,33.3
Lesotho,1857,33.4
Lesotho,1858,33.5
Lesotho,1859,33.6
Lesotho,1860,33.6
Lesotho,1861,33.7
Lesotho,1862,33.8
Lesotho,1863,33.9
Lesotho,1864,34
Lesotho,1865,34.1
Lesotho,1866,34.2
Lesotho,1867,34.3
Lesotho,1868,34.3
Lesotho,1869,34.4
Lesotho,1870,34.5
Lesotho,1871,34.6
Lesotho,1872,34.7
Lesotho,1873,34.8
Lesotho,1874,34.9
Lesotho,1875,34.9
Lesotho,1876,35
Lesotho,1877,35.1
Lesotho,1878,35.2
Lesotho,1879,35.3
Lesotho,1880,35.4
Lesotho,1881,35.5
Lesotho,1882,35.5
Lesotho,1883,35.6
Lesotho,1884,35.7
Lesotho,1885,35.8
Lesotho,1886,35.9
Lesotho,1887,36
Lesotho,1888,36
Lesotho,1889,36.1
Lesotho,1890,36.2
Lesotho,1891,36.3
Lesotho,1892,36.4
Lesotho,1893,36.5
Lesotho,1894,36.6
Lesotho,1895,36.6
Lesotho,1896,36.7
Lesotho,1897,36.8
Lesotho,1898,36.9
Lesotho,1899,37
Lesotho,1900,37.1
Lesotho,1901,37.2
Lesotho,1902,37.2
Lesotho,1903,37.3
Lesotho,1904,37.4
Lesotho,1905,37.5
Lesotho,1906,37.6
Lesotho,1907,37.7
Lesotho,1908,37.8
Lesotho,1909,37.8
Lesotho,1910,37.9
Lesotho,1911,38
Lesotho,1912,38.1
Lesotho,1913,38.2
Lesotho,1914,38.3
Lesotho,1915,38.4
Lesotho,1916,38.4
Lesotho,1917,38.5
Lesotho,1918,14.9
Lesotho,1919,38.7
Lesotho,1920,38.8
Lesotho,1921,38.9
Lesotho,1922,39
Lesotho,1923,39
Lesotho,1924,39.1
Lesotho,1925,39.2
Lesotho,1926,39.3
Lesotho,1927,39.4
Lesotho,1928,39.5
Lesotho,1929,39.5
Lesotho,1930,39.6
Lesotho,1931,39.7
Lesotho,1932,39.8
Lesotho,1933,39.9
Lesotho,1934,40
Lesotho,1935,40.1
Lesotho,1936,40.1
Lesotho,1937,40.2
Lesotho,1938,40.3
Lesotho,1939,40.4
Lesotho,1940,40.5
Lesotho,1941,40.6
Lesotho,1942,40.7
Lesotho,1943,40.8
Lesotho,1944,40.9
Lesotho,1945,41.1
Lesotho,1946,43.2
Lesotho,1947,45.4
Lesotho,1948,47.6
Lesotho,1949,49.8
Lesotho,1950,52
Lesotho,1951,52.2
Lesotho,1952,52.4
Lesotho,1953,52.7
Lesotho,1954,52.5
Lesotho,1955,52.6
Lesotho,1956,52.9
Lesotho,1957,53
Lesotho,1958,53.1
Lesotho,1959,53.2
Lesotho,1960,53.3
Lesotho,1961,53.3
Lesotho,1962,53.4
Lesotho,1963,53.5
Lesotho,1964,53.5
Lesotho,1965,53.6
Lesotho,1966,53.7
Lesotho,1967,53.9
Lesotho,1968,54.1
Lesotho,1969,54.4
Lesotho,1970,54.6
Lesotho,1971,54.7
Lesotho,1972,55
Lesotho,1973,55.4
Lesotho,1974,55.8
Lesotho,1975,56.2
Lesotho,1976,56.6
Lesotho,1977,57.1
Lesotho,1978,57.7
Lesotho,1979,58.1
Lesotho,1980,58.5
Lesotho,1981,58.8
Lesotho,1982,59.2
Lesotho,1983,59.4
Lesotho,1984,59.7
Lesotho,1985,60
Lesotho,1986,60.3
Lesotho,1987,60.4
Lesotho,1988,60.6
Lesotho,1989,60.7
Lesotho,1990,60.6
Lesotho,1991,60.5
Lesotho,1992,60
Lesotho,1993,59.4
Lesotho,1994,58.3
Lesotho,1995,57.1
Lesotho,1996,55.8
Lesotho,1997,54.1
Lesotho,1998,52
Lesotho,1999,50.2
Lesotho,2000,48.5
Lesotho,2001,47.3
Lesotho,2002,46.1
Lesotho,2003,45
Lesotho,2004,44.2
Lesotho,2005,43.9
Lesotho,2006,44.2
Lesotho,2007,45.1
Lesotho,2008,46.3
Lesotho,2009,47.4
Lesotho,2010,48.1
Lesotho,2011,48.2
Lesotho,2012,47.9
Lesotho,2013,47.9
Lesotho,2014,47.9
Lesotho,2015,48.5
Lesotho,2016,49.6
Lesotho,2017,50.8
Lesotho,2018,51.4
Lesotho,2019,51.8
Lesotho,2020,52.3
Lesotho,2021,50.7
Lesotho,2022,50.7
Lesotho,2023,52.5
Lesotho,2024,52.6
Lithuania,1800,28.9
Lithuania,1801,28.9
Lithuania,1802,28.9
Lithuania,1803,28.9
Lithuania,1804,28.9
Lithuania,1805,28.9
Lithuania,1806,28.9
Lithuania,1807,28.9
Lithuania,1808,28.9
Lithuania,1809,28.9
Lithuania,1810,28.9
Lithuania,1811,28.9
Lithuania,1812,28.9
Lithuania,1813,28.9
Lithuania,1814,28.9
Lithuania,1815,28.9
Lithuania,1816,28.9
Lithuania,1817,28.9
Lithuania,1818,28.9
Lithuania,1819,28.9
Lithuania,1820,28.9
Lithuania,1821,28.9
Lithuania,1822,28.9
Lithuania,1823,28.9
Lithuania,1824,28.9
Lithuania,1825,28.9
Lithuania,1826,28.9
Lithuania,1827,28.9
Lithuania,1828,28.9
Lithuania,1829,28.9
Lithuania,1830,28.9
Lithuania,1831,28.9
Lithuania,1832,28.9
Lithuania,1833,28.9
Lithuania,1834,28.9
Lithuania,1835,28.9
Lithuania,1836,28.9
Lithuania,1837,28.9
Lithuania,1838,28.9
Lithuania,1839,28.9
Lithuania,1840,28.9
Lithuania,1841,28.9
Lithuania,1842,28.9
Lithuania,1843,28.9
Lithuania,1844,28.9
Lithuania,1845,28.9
Lithuania,1846,28.9
Lithuania,1847,28.9
Lithuania,1848,28.9
Lithuania,1849,28.9
Lithuania,1850,28.9
Lithuania,1851,28.9
Lithuania,1852,28.9
Lithuania,1853,28.9
Lithuania,1854,29
Lithuania,1855,29
Lithuania,1856,29
Lithuania,1857,29
Lithuania,1858,29
Lithuania,1859,29
Lithuania,1860,29.1
Lithuania,1861,29.1
Lithuania,1862,29.1
Lithuania,1863,29.1
Lithuania,1864,29.1
Lithuania,1865,29.1
Lithuania,1866,29.2
Lithuania,1867,29.2
Lithuania,1868,29.2
Lithuania,1869,29.2
Lithuania,1870,29.2
Lithuania,1871,29.7
Lithuania,1872,30.1
Lithuania,1873,30.6
Lithuania,1874,31
Lithuania,1875,31.5
Lithuania,1876,31.9
Lithuania,1877,32.4
Lithuania,1878,32.8
Lithuania,1879,33.3
Lithuania,1880,33.7
Lithuania,1881,34.2
Lithuania,1882,34.6
Lithuania,1883,35.1
Lithuania,1884,35.5
Lithuania,1885,36
Lithuania,1886,36.5
Lithuania,1887,36.9
Lithuania,1888,37.4
Lithuania,1889,37.8
Lithuania,1890,38.3
Lithuania,1891,38.7
Lithuania,1892,39.2
Lithuania,1893,39.6
Lithuania,1894,40.1
Lithuania,1895,40.6
Lithuania,1896,41
Lithuania,1897,41.5
Lithuania,1898,41.9
Lithuania,1899,42.4
Lithuania,1900,42.9
Lithuania,1901,43.2
Lithuania,1902,43.6
Lithuania,1903,44
Lithuania,1904,44.4
Lithuania,1905,44.8
Lithuania,1906,45.2
Lithuania,1907,45.6
Lithuania,1908,46
Lithuania,1909,46.3
Lithuania,1910,46.7
Lithuania,1911,47.1
Lithuania,1912,47.5
Lithuania,1913,47.9
Lithuania,1914,47.3
Lithuania,1915,40.9
Lithuania,1916,40.9
Lithuania,1917,40.5
Lithuania,1918,35.8
Lithuania,1919,40.5
Lithuania,1920,44.7
Lithuania,1921,51
Lithuania,1922,51.4
Lithuania,1923,51.8
Lithuania,1924,52.2
Lithuania,1925,52.6
Lithuania,1926,53.2
Lithuania,1927,53.8
Lithuania,1928,54.3
Lithuania,1929,54.9
Lithuania,1930,55.5
Lithuania,1931,56
Lithuania,1932,56.6
Lithuania,1933,57.2
Lithuania,1934,57.8
Lithuania,1935,58.4
Lithuania,1936,58.9
Lithuania,1937,59.5
Lithuania,1938,60.1
Lithuania,1939,57.7
Lithuania,1940,53.5
Lithuania,1941,12.6
Lithuania,1942,48.4
Lithuania,1943,46.7
Lithuania,1944,28.4
Lithuania,1945,42.1
Lithuania,1946,55.3
Lithuania,1947,48
Lithuania,1948,61.2
Lithuania,1949,63.9
Lithuania,1950,67.1
Lithuania,1951,67.1
Lithuania,1952,67.2
Lithuania,1953,67.3
Lithuania,1954,67.5
Lithuania,1955,67.5
Lithuania,1956,67.8
Lithuania,1957,68
Lithuania,1958,68
Lithuania,1959,68.4
Lithuania,1960,69.9
Lithuania,1961,70.6
Lithuania,1962,69.9
Lithuania,1963,70.7
Lithuania,1964,72
Lithuania,1965,72
Lithuania,1966,71.9
Lithuania,1967,72
Lithuania,1968,71.7
Lithuania,1969,71.5
Lithuania,1970,71.3
Lithuania,1971,71.9
Lithuania,1972,71.5
Lithuania,1973,71.6
Lithuania,1974,71.3
Lithuania,1975,71.1
Lithuania,1976,71.1
Lithuania,1977,70.8
Lithuania,1978,70.7
Lithuania,1979,70.7
Lithuania,1980,70.6
Lithuania,1981,70.7
Lithuania,1982,70.9
Lithuania,1983,71
Lithuania,1984,70.5
Lithuania,1985,70.9
Lithuania,1986,72.4
Lithuania,1987,72.2
Lithuania,1988,72.2
Lithuania,1989,71.6
Lithuania,1990,71.4
Lithuania,1991,70.5
Lithuania,1992,70.4
Lithuania,1993,69
Lithuania,1994,68.5
Lithuania,1995,69
Lithuania,1996,70.3
Lithuania,1997,71.2
Lithuania,1998,71.5
Lithuania,1999,71.9
Lithuania,2000,72.2
Lithuania,2001,71.7
Lithuania,2002,72
Lithuania,2003,72
Lithuania,2004,72
Lithuania,2005,71.3
Lithuania,2006,70.9
Lithuania,2007,70.6
Lithuania,2008,71.4
Lithuania,2009,73
Lithuania,2010,73.2
Lithuania,2011,73.7
Lithuania,2012,74
Lithuania,2013,74
Lithuania,2014,74.6
Lithuania,2015,74.7
Lithuania,2016,74.9
Lithuania,2017,76
Lithuania,2018,76.1
Lithuania,2019,76.2
Lithuania,2020,75.1
Lithuania,2021,73.7
Lithuania,2022,74.3
Lithuania,2023,76.9
Lithuania,2024,77
Luxembourg,1800,36.9
Luxembourg,1801,36.9
Luxembourg,1802,36.9
Luxembourg,1803,36.9
Luxembourg,1804,36.9
Luxembourg,1805,36.9
Luxembourg,1806,36.9
Luxembourg,1807,36.9
Luxembourg,1808,36.9
Luxembourg,1809,36.9
Luxembourg,1810,36.9
Luxembourg,1811,36.9
Luxembourg,1812,36.9
Luxembourg,1813,36.9
Luxembourg,1814,36.9
Luxembourg,1815,36.9
Luxembourg,1816,36.9
Luxembourg,1817,36.9
Luxembourg,1818,36.9
Luxembourg,1819,36.9
Luxembourg,1820,36.9
Luxembourg,1821,36.9
Luxembourg,1822,36.9
Luxembourg,1823,36.9
Luxembourg,1824,36.9
Luxembourg,1825,36.9
Luxembourg,1826,36.9
Luxembourg,1827,36.9
Luxembourg,1828,36.9
Luxembourg,1829,36.9
Luxembourg,1830,36.9
Luxembourg,1831,36.9
Luxembourg,1832,36.9
Luxembourg,1833,36.9
Luxembourg,1834,36.9
Luxembourg,1835,36.9
Luxembourg,1836,36.9
Luxembourg,1837,36.9
Luxembourg,1838,36.9
Luxembourg,1839,36.9
Luxembourg,1840,36.9
Luxembourg,1841,36.9
Luxembourg,1842,36.9
Luxembourg,1843,36.9
Luxembourg,1844,36.9
Luxembourg,1845,36.9
Luxembourg,1846,36.9
Luxembourg,1847,36.9
Luxembourg,1848,36.9
Luxembourg,1849,36.9
Luxembourg,1850,36.9
Luxembourg,1851,36.9
Luxembourg,1852,36.9
Luxembourg,1853,36.9
Luxembourg,1854,36.9
Luxembourg,1855,36.9
Luxembourg,1856,36.9
Luxembourg,1857,37
Luxembourg,1858,37
Luxembourg,1859,37
Luxembourg,1860,37
Luxembourg,1861,37
Luxembourg,1862,37
Luxembourg,1863,37
Luxembourg,1864,37
Luxembourg,1865,37
Luxembourg,1866,37
Luxembourg,1867,37
Luxembourg,1868,37
Luxembourg,1869,37
Luxembourg,1870,37
Luxembourg,1871,37
Luxembourg,1872,37
Luxembourg,1873,37
Luxembourg,1874,37.1
Luxembourg,1875,37.1
Luxembourg,1876,37.1
Luxembourg,1877,37.1
Luxembourg,1878,37.1
Luxembourg,1879,37.1
Luxembourg,1880,37.6
Luxembourg,1881,38.1
Luxembourg,1882,38.6
Luxembourg,1883,39.1
Luxembourg,1884,39.7
Luxembourg,1885,40.2
Luxembourg,1886,40.7
Luxembourg,1887,41.2
Luxembourg,1888,41.7
Luxembourg,1889,42.2
Luxembourg,1890,42.7
Luxembourg,1891,43.3
Luxembourg,1892,43.8
Luxembourg,1893,44.3
Luxembourg,1894,44.8
Luxembourg,1895,45.3
Luxembourg,1896,45.8
Luxembourg,1897,46.3
Luxembourg,1898,46.9
Luxembourg,1899,47.4
Luxembourg,1900,47.9
Luxembourg,1901,48.4
Luxembourg,1902,48.5
Luxembourg,1903,47.4
Luxembourg,1904,45.3
Luxembourg,1905,46.7
Luxembourg,1906,47
Luxembourg,1907,49.5
Luxembourg,1908,46.9
Luxembourg,1909,48.3
Luxembourg,1910,50.2
Luxembourg,1911,46.9
Luxembourg,1912,49.4
Luxembourg,1913,50.8
Luxembourg,1914,50.6
Luxembourg,1915,52.1
Luxembourg,1916,50.7
Luxembourg,1917,48.6
Luxembourg,1918,42.8
Luxembourg,1919,45.2
Luxembourg,1920,55.3
Luxembourg,1921,56.9
Luxembourg,1922,56
Luxembourg,1923,55.4
Luxembourg,1924,57.5
Luxembourg,1925,55.5
Luxembourg,1926,54.1
Luxembourg,1927,56.6
Luxembourg,1928,56.1
Luxembourg,1929,53.4
Luxembourg,1930,57.6
Luxembourg,1931,58.4
Luxembourg,1932,57.5
Luxembourg,1933,59.2
Luxembourg,1934,60.8
Luxembourg,1935,60
Luxembourg,1936,62.1
Luxembourg,1937,62
Luxembourg,1938,60.1
Luxembourg,1939,61.3
Luxembourg,1940,62.9
Luxembourg,1941,61
Luxembourg,1942,59.3
Luxembourg,1943,55.2
Luxembourg,1944,48.6
Luxembourg,1945,50.2
Luxembourg,1946,62.6
Luxembourg,1947,64.1
Luxembourg,1948,65.6
Luxembourg,1949,66
Luxembourg,1950,66.4
Luxembourg,1951,66.5
Luxembourg,1952,66.6
Luxembourg,1953,66.8
Luxembourg,1954,67.1
Luxembourg,1955,67.5
Luxembourg,1956,67.7
Luxembourg,1957,68.1
Luxembourg,1958,68.5
Luxembourg,1959,68.7
Luxembourg,1960,68.9
Luxembourg,1961,69.1
Luxembourg,1962,69.1
Luxembourg,1963,69.2
Luxembourg,1964,69.4
Luxembourg,1965,69.6
Luxembourg,1966,69.7
Luxembourg,1967,69.8
Luxembourg,1968,70.1
Luxembourg,1969,70.2
Luxembourg,1970,70.2
Luxembourg,1971,70.3
Luxembourg,1972,70.6
Luxembourg,1973,70.8
Luxembourg,1974,71
Luxembourg,1975,71.2
Luxembourg,1976,71.4
Luxembourg,1977,71.8
Luxembourg,1978,72.1
Luxembourg,1979,72.4
Luxembourg,1980,72.6
Luxembourg,1981,72.7
Luxembourg,1982,72.9
Luxembourg,1983,73.2
Luxembourg,1984,73.5
Luxembourg,1985,73.9
Luxembourg,1986,74.2
Luxembourg,1987,74.4
Luxembourg,1988,74.6
Luxembourg,1989,75
Luxembourg,1990,75.3
Luxembourg,1991,75.5
Luxembourg,1992,75.8
Luxembourg,1993,76
Luxembourg,1994,76.3
Luxembourg,1995,76.6
Luxembourg,1996,76.9
Luxembourg,1997,77.2
Luxembourg,1998,77.5
Luxembourg,1999,77.8
Luxembourg,2000,78
Luxembourg,2001,78.4
Luxembourg,2002,78.7
Luxembourg,2003,79
Luxembourg,2004,79.2
Luxembourg,2005,79.5
Luxembourg,2006,79.8
Luxembourg,2007,80.2
Luxembourg,2008,80.6
Luxembourg,2009,80.8
Luxembourg,2010,81
Luxembourg,2011,81.3
Luxembourg,2012,81.5
Luxembourg,2013,81.7
Luxembourg,2014,82
Luxembourg,2015,82.3
Luxembourg,2016,82.7
Luxembourg,2017,82.8
Luxembourg,2018,82.9
Luxembourg,2019,82.9
Luxembourg,2020,82.2
Luxembourg,2021,83.4
Luxembourg,2022,83.4
Luxembourg,2023,83.5
Luxembourg,2024,83.7
Latvia,1800,33
Latvia,1801,33
Latvia,1802,33
Latvia,1803,33
Latvia,1804,33
Latvia,1805,33
Latvia,1806,33
Latvia,1807,33
Latvia,1808,33
Latvia,1809,33
Latvia,1810,33
Latvia,1811,33
Latvia,1812,33
Latvia,1813,33
Latvia,1814,33
Latvia,1815,33
Latvia,1816,33
Latvia,1817,33
Latvia,1818,33
Latvia,1819,33
Latvia,1820,33
Latvia,1821,33
Latvia,1822,33
Latvia,1823,33
Latvia,1824,33
Latvia,1825,33
Latvia,1826,33
Latvia,1827,33
Latvia,1828,33
Latvia,1829,33
Latvia,1830,33
Latvia,1831,33
Latvia,1832,33
Latvia,1833,33
Latvia,1834,33
Latvia,1835,33
Latvia,1836,33
Latvia,1837,33
Latvia,1838,33
Latvia,1839,33
Latvia,1840,33
Latvia,1841,33
Latvia,1842,33
Latvia,1843,33
Latvia,1844,33
Latvia,1845,33
Latvia,1846,33
Latvia,1847,33
Latvia,1848,33
Latvia,1849,33
Latvia,1850,33
Latvia,1851,33
Latvia,1852,33.1
Latvia,1853,33.1
Latvia,1854,33.2
Latvia,1855,33.2
Latvia,1856,33.3
Latvia,1857,33.3
Latvia,1858,33.4
Latvia,1859,33.4
Latvia,1860,33.5
Latvia,1861,33.9
Latvia,1862,34.2
Latvia,1863,34.6
Latvia,1864,35
Latvia,1865,35.4
Latvia,1866,35.8
Latvia,1867,36.2
Latvia,1868,36.6
Latvia,1869,37
Latvia,1870,37.4
Latvia,1871,37.8
Latvia,1872,38.1
Latvia,1873,38.6
Latvia,1874,39
Latvia,1875,39.4
Latvia,1876,39.8
Latvia,1877,40.2
Latvia,1878,40.6
Latvia,1879,41
Latvia,1880,41.4
Latvia,1881,41.8
Latvia,1882,42.2
Latvia,1883,42.6
Latvia,1884,43
Latvia,1885,43.4
Latvia,1886,43.8
Latvia,1887,44.2
Latvia,1888,44.6
Latvia,1889,45
Latvia,1890,45.4
Latvia,1891,45.9
Latvia,1892,46.3
Latvia,1893,46.7
Latvia,1894,47.1
Latvia,1895,47.5
Latvia,1896,47.9
Latvia,1897,48.3
Latvia,1898,48.7
Latvia,1899,49.1
Latvia,1900,49.5
Latvia,1901,49.9
Latvia,1902,50.3
Latvia,1903,50.8
Latvia,1904,51.1
Latvia,1905,51.6
Latvia,1906,52
Latvia,1907,52.4
Latvia,1908,52.8
Latvia,1909,53.2
Latvia,1910,53.6
Latvia,1911,54
Latvia,1912,54.4
Latvia,1913,54.8
Latvia,1914,54.1
Latvia,1915,44.1
Latvia,1916,43.9
Latvia,1917,43.3
Latvia,1918,39
Latvia,1919,44.1
Latvia,1920,52.5
Latvia,1921,63
Latvia,1922,61.3
Latvia,1923,62.7
Latvia,1924,59.4
Latvia,1925,58.6
Latvia,1926,62
Latvia,1927,60.2
Latvia,1928,61.1
Latvia,1929,58.9
Latvia,1930,62.5
Latvia,1931,63.4
Latvia,1932,63.3
Latvia,1933,65.6
Latvia,1934,62.3
Latvia,1935,65.2
Latvia,1936,64.7
Latvia,1937,63.8
Latvia,1938,67.5
Latvia,1939,66.9
Latvia,1940,58.8
Latvia,1941,35.1
Latvia,1942,49
Latvia,1943,47.8
Latvia,1944,26.7
Latvia,1945,43.2
Latvia,1946,62.6
Latvia,1947,54.7
Latvia,1948,67
Latvia,1949,67.7
Latvia,1950,68.4
Latvia,1951,68.5
Latvia,1952,68.7
Latvia,1953,68.9
Latvia,1954,69.1
Latvia,1955,69.3
Latvia,1956,69.5
Latvia,1957,69.7
Latvia,1958,69.9
Latvia,1959,70.1
Latvia,1960,70.3
Latvia,1961,70.4
Latvia,1962,70.2
Latvia,1963,70.5
Latvia,1964,71.6
Latvia,1965,71.4
Latvia,1966,71.3
Latvia,1967,71
Latvia,1968,70.7
Latvia,1969,70.5
Latvia,1970,70.5
Latvia,1971,70.6
Latvia,1972,70.3
Latvia,1973,70.2
Latvia,1974,70.1
Latvia,1975,69.5
Latvia,1976,69.5
Latvia,1977,69.4
Latvia,1978,69.2
Latvia,1979,69
Latvia,1980,69.2
Latvia,1981,69.2
Latvia,1982,69.8
Latvia,1983,69.7
Latvia,1984,69.6
Latvia,1985,69.9
Latvia,1986,71.2
Latvia,1987,71.3
Latvia,1988,71.1
Latvia,1989,70.3
Latvia,1990,69.8
Latvia,1991,69.4
Latvia,1992,68.8
Latvia,1993,66.9
Latvia,1994,65.7
Latvia,1995,66.7
Latvia,1996,69
Latvia,1997,69.7
Latvia,1998,69.3
Latvia,1999,70.1
Latvia,2000,70.7
Latvia,2001,70.1
Latvia,2002,70.5
Latvia,2003,71
Latvia,2004,71.3
Latvia,2005,70.9
Latvia,2006,70.5
Latvia,2007,70.9
Latvia,2008,72.1
Latvia,2009,72.9
Latvia,2010,73.3
Latvia,2011,73.9
Latvia,2012,74.2
Latvia,2013,74.2
Latvia,2014,74.7
Latvia,2015,75.1
Latvia,2016,75.7
Latvia,2017,75.8
Latvia,2018,75.8
Latvia,2019,75.9
Latvia,2020,75.8
Latvia,2021,73.9
Latvia,2022,76.3
Latvia,2023,76.4
Latvia,2024,76.5
Morocco,1800,33.1
Morocco,1801,33.1
Morocco,1802,33.1
Morocco,1803,33.1
Morocco,1804,33.1
Morocco,1805,33.1
Morocco,1806,33.1
Morocco,1807,33.1
Morocco,1808,33.1
Morocco,1809,33.1
Morocco,1810,33.1
Morocco,1811,33.1
Morocco,1812,33.1
Morocco,1813,33.1
Morocco,1814,33.1
Morocco,1815,33.1
Morocco,1816,33.1
Morocco,1817,33.1
Morocco,1818,33.1
Morocco,1819,33.1
Morocco,1820,33.1
Morocco,1821,33.1
Morocco,1822,33.1
Morocco,1823,33.1
Morocco,1824,33.1
Morocco,1825,33.1
Morocco,1826,33.1
Morocco,1827,33.1
Morocco,1828,33.1
Morocco,1829,33.1
Morocco,1830,33.1
Morocco,1831,33.1
Morocco,1832,33.1
Morocco,1833,33.1
Morocco,1834,33.1
Morocco,1835,33.1
Morocco,1836,33.1
Morocco,1837,33.1
Morocco,1838,33.1
Morocco,1839,33.1
Morocco,1840,33.1
Morocco,1841,33.1
Morocco,1842,33.1
Morocco,1843,33.1
Morocco,1844,33.1
Morocco,1845,33.1
Morocco,1846,33.1
Morocco,1847,33.1
Morocco,1848,33.1
Morocco,1849,33.1
Morocco,1850,33.1
Morocco,1851,33.1
Morocco,1852,33.1
Morocco,1853,33.1
Morocco,1854,33.1
Morocco,1855,33.1
Morocco,1856,33.1
Morocco,1857,33
Morocco,1858,33
Morocco,1859,33
Morocco,1860,33
Morocco,1861,33
Morocco,1862,33
Morocco,1863,33
Morocco,1864,33
Morocco,1865,33
Morocco,1866,33
Morocco,1867,33
Morocco,1868,33
Morocco,1869,33
Morocco,1870,33
Morocco,1871,32.9
Morocco,1872,32.9
Morocco,1873,32.9
Morocco,1874,32.9
Morocco,1875,32.9
Morocco,1876,32.9
Morocco,1877,32.9
Morocco,1878,32.9
Morocco,1879,32.9
Morocco,1880,32.9
Morocco,1881,32.9
Morocco,1882,32.9
Morocco,1883,32.9
Morocco,1884,32.9
Morocco,1885,32.8
Morocco,1886,32.8
Morocco,1887,32.8
Morocco,1888,32.8
Morocco,1889,32.8
Morocco,1890,32.8
Morocco,1891,32.8
Morocco,1892,32.8
Morocco,1893,32.8
Morocco,1894,32.8
Morocco,1895,32.8
Morocco,1896,32.8
Morocco,1897,32.8
Morocco,1898,32.7
Morocco,1899,32.7
Morocco,1900,32.7
Morocco,1901,32.7
Morocco,1902,32.7
Morocco,1903,32.7
Morocco,1904,32.7
Morocco,1905,32.7
Morocco,1906,32.7
Morocco,1907,32.7
Morocco,1908,32.7
Morocco,1909,32.7
Morocco,1910,32.6
Morocco,1911,32.6
Morocco,1912,32.6
Morocco,1913,32.6
Morocco,1914,32.6
Morocco,1915,32.6
Morocco,1916,32.6
Morocco,1917,32.6
Morocco,1918,24.9
Morocco,1919,32.6
Morocco,1920,32.6
Morocco,1921,32.6
Morocco,1922,32.6
Morocco,1923,32.6
Morocco,1924,32.5
Morocco,1925,32.5
Morocco,1926,32.5
Morocco,1927,32.5
Morocco,1928,32.5
Morocco,1929,32.5
Morocco,1930,32.5
Morocco,1931,32.5
Morocco,1932,32.5
Morocco,1933,32.5
Morocco,1934,32.5
Morocco,1935,32.5
Morocco,1936,32.5
Morocco,1937,32.5
Morocco,1938,32.5
Morocco,1939,32.4
Morocco,1940,32.4
Morocco,1941,33.6
Morocco,1942,34.9
Morocco,1943,36.1
Morocco,1944,37.3
Morocco,1945,38.5
Morocco,1946,39.7
Morocco,1947,41
Morocco,1948,42.2
Morocco,1949,43.4
Morocco,1950,44.6
Morocco,1951,44.9
Morocco,1952,45.2
Morocco,1953,45.4
Morocco,1954,45.7
Morocco,1955,45.8
Morocco,1956,46.2
Morocco,1957,46.8
Morocco,1958,47.3
Morocco,1959,47.8
Morocco,1960,46.7
Morocco,1961,48.8
Morocco,1962,49.3
Morocco,1963,49.7
Morocco,1964,50.3
Morocco,1965,51
Morocco,1966,51.6
Morocco,1967,52.3
Morocco,1968,52.9
Morocco,1969,53.6
Morocco,1970,54.3
Morocco,1971,54.9
Morocco,1972,55.5
Morocco,1973,56
Morocco,1974,56.6
Morocco,1975,57.1
Morocco,1976,57.9
Morocco,1977,58.6
Morocco,1978,59.3
Morocco,1979,59.9
Morocco,1980,60.6
Morocco,1981,61.3
Morocco,1982,62.4
Morocco,1983,63
Morocco,1984,63.8
Morocco,1985,64.4
Morocco,1986,64.9
Morocco,1987,65.3
Morocco,1988,65.7
Morocco,1989,66.1
Morocco,1990,66.7
Morocco,1991,67
Morocco,1992,66.9
Morocco,1993,67.1
Morocco,1994,67.5
Morocco,1995,67.7
Morocco,1996,68.1
Morocco,1997,68.4
Morocco,1998,68.8
Morocco,1999,68.9
Morocco,2000,69.5
Morocco,2001,69.9
Morocco,2002,70.3
Morocco,2003,70.3
Morocco,2004,70.5
Morocco,2005,70.8
Morocco,2006,71
Morocco,2007,71.2
Morocco,2008,71.4
Morocco,2009,71.6
Morocco,2010,71.9
Morocco,2011,72.1
Morocco,2012,72.3
Morocco,2013,72.1
Morocco,2014,72.3
Morocco,2015,72.5
Morocco,2016,72.8
Morocco,2017,72.9
Morocco,2018,73.1
Morocco,2019,73.3
Morocco,2020,73
Morocco,2021,73.1
Morocco,2022,74
Morocco,2023,74.3
Morocco,2024,74.5
Monaco,1950,68.2
Monaco,1951,68.1
Monaco,1952,68.3
Monaco,1953,68.7
Monaco,1954,69
Monaco,1955,69.3
Monaco,1956,69.7
Monaco,1957,70
Monaco,1958,70.4
Monaco,1959,70.7
Monaco,1960,70.9
Monaco,1961,71.1
Monaco,1962,71.3
Monaco,1963,71.5
Monaco,1964,71.8
Monaco,1965,72.1
Monaco,1966,72.3
Monaco,1967,72.6
Monaco,1968,72.9
Monaco,1969,73.3
Monaco,1970,73.6
Monaco,1971,73.9
Monaco,1972,74.2
Monaco,1973,74.5
Monaco,1974,74.8
Monaco,1975,75
Monaco,1976,75.2
Monaco,1977,75.4
Monaco,1978,75.6
Monaco,1979,75.8
Monaco,1980,76
Monaco,1981,76.2
Monaco,1982,76.2
Monaco,1983,76.4
Monaco,1984,76.7
Monaco,1985,77
Monaco,1986,77.3
Monaco,1987,77.8
Monaco,1988,77.8
Monaco,1989,78
Monaco,1990,78.1
Monaco,1991,78.2
Monaco,1992,78.3
Monaco,1993,78.4
Monaco,1994,78.5
Monaco,1995,78.6
Monaco,1996,78.6
Monaco,1997,78.7
Monaco,1998,78.7
Monaco,1999,78.8
Monaco,2000,78.8
Monaco,2001,78.9
Monaco,2002,78.9
Monaco,2003,79
Monaco,2004,79
Monaco,2005,79
Monaco,2006,79
Monaco,2007,79.1
Monaco,2008,79.1
Monaco,2009,79.2
Monaco,2010,79.2
Monaco,2011,79.2
Monaco,2012,79.3
Monaco,2013,79.3
Monaco,2014,79.4
Monaco,2015,79.5
Monaco,2016,79.7
Monaco,2017,79.8
Monaco,2018,79.9
Monaco,2019,80.1
Monaco,2020,80.1
Monaco,2021,79.5
Monaco,2022,80.4
Monaco,2023,80.5
Monaco,2024,80.6
Moldova,1800,33.1
Moldova,1801,33.1
Moldova,1802,33.1
Moldova,1803,33.1
Moldova,1804,33.1
Moldova,1805,33.1
Moldova,1806,33.1
Moldova,1807,33.1
Moldova,1808,33.1
Moldova,1809,33.1
Moldova,1810,33.1
Moldova,1811,33.1
Moldova,1812,33.1
Moldova,1813,33.1
Moldova,1814,33.1
Moldova,1815,33.1
Moldova,1816,33.1
Moldova,1817,33.1
Moldova,1818,33.1
Moldova,1819,33.1
Moldova,1820,33.1
Moldova,1821,33.1
Moldova,1822,33.1
Moldova,1823,33.1
Moldova,1824,33.1
Moldova,1825,33.1
Moldova,1826,33.1
Moldova,1827,33.1
Moldova,1828,33.1
Moldova,1829,33.1
Moldova,1830,33.1
Moldova,1831,33.1
Moldova,1832,33.1
Moldova,1833,33.1
Moldova,1834,33.1
Moldova,1835,33.1
Moldova,1836,33.1
Moldova,1837,33.1
Moldova,1838,33.1
Moldova,1839,33.1
Moldova,1840,33.1
Moldova,1841,33.1
Moldova,1842,33.1
Moldova,1843,33.1
Moldova,1844,33.1
Moldova,1845,33.1
Moldova,1846,33.1
Moldova,1847,33.1
Moldova,1848,33.1
Moldova,1849,33.1
Moldova,1850,33.1
Moldova,1851,33.1
Moldova,1852,33.1
Moldova,1853,33.1
Moldova,1854,33
Moldova,1855,33
Moldova,1856,33
Moldova,1857,33
Moldova,1858,32.9
Moldova,1859,32.9
Moldova,1860,32.9
Moldova,1861,32.8
Moldova,1862,32.8
Moldova,1863,32.8
Moldova,1864,32.8
Moldova,1865,32.7
Moldova,1866,32.7
Moldova,1867,32.7
Moldova,1868,32.6
Moldova,1869,32.6
Moldova,1870,32.6
Moldova,1871,32.6
Moldova,1872,32.5
Moldova,1873,32.5
Moldova,1874,32.5
Moldova,1875,32.5
Moldova,1876,32.4
Moldova,1877,32.4
Moldova,1878,32.4
Moldova,1879,32.4
Moldova,1880,32.3
Moldova,1881,32.3
Moldova,1882,32.3
Moldova,1883,32.2
Moldova,1884,32.2
Moldova,1885,32.2
Moldova,1886,32.1
Moldova,1887,32.1
Moldova,1888,32.1
Moldova,1889,32.1
Moldova,1890,32
Moldova,1891,32
Moldova,1892,32
Moldova,1893,32
Moldova,1894,31.9
Moldova,1895,31.9
Moldova,1896,31.9
Moldova,1897,31.9
Moldova,1898,31.8
Moldova,1899,31.8
Moldova,1900,31.8
Moldova,1901,31.7
Moldova,1902,31.7
Moldova,1903,31.7
Moldova,1904,31.6
Moldova,1905,31.6
Moldova,1906,31.6
Moldova,1907,31.6
Moldova,1908,31.5
Moldova,1909,31.5
Moldova,1910,31.5
Moldova,1911,31.5
Moldova,1912,31.4
Moldova,1913,31.4
Moldova,1914,31.4
Moldova,1915,31.4
Moldova,1916,31.3
Moldova,1917,31.3
Moldova,1918,29.4
Moldova,1919,31.2
Moldova,1920,31.2
Moldova,1921,31.6
Moldova,1922,32.1
Moldova,1923,32.5
Moldova,1924,32.9
Moldova,1925,33.4
Moldova,1926,33.8
Moldova,1927,34.2
Moldova,1928,34.6
Moldova,1929,35.1
Moldova,1930,35.5
Moldova,1931,35.9
Moldova,1932,36.3
Moldova,1933,37.3
Moldova,1934,38.2
Moldova,1935,39.2
Moldova,1936,40.1
Moldova,1937,41.1
Moldova,1938,42
Moldova,1939,43
Moldova,1940,43.9
Moldova,1941,37.4
Moldova,1942,36
Moldova,1943,32.3
Moldova,1944,23
Moldova,1945,41
Moldova,1946,47
Moldova,1947,19.4
Moldova,1948,50.6
Moldova,1949,51.9
Moldova,1950,53.4
Moldova,1951,53.8
Moldova,1952,54.3
Moldova,1953,54.9
Moldova,1954,55.4
Moldova,1955,56
Moldova,1956,56.6
Moldova,1957,57.2
Moldova,1958,57.9
Moldova,1959,58
Moldova,1960,58.4
Moldova,1961,58.8
Moldova,1962,59.3
Moldova,1963,59.6
Moldova,1964,60.1
Moldova,1965,60.8
Moldova,1966,61.2
Moldova,1967,61.7
Moldova,1968,62.2
Moldova,1969,62.7
Moldova,1970,62.9
Moldova,1971,63
Moldova,1972,63.3
Moldova,1973,63.5
Moldova,1974,63.7
Moldova,1975,64
Moldova,1976,64.4
Moldova,1977,64.8
Moldova,1978,65.1
Moldova,1979,65.6
Moldova,1980,65.8
Moldova,1981,66.1
Moldova,1982,66.2
Moldova,1983,65.3
Moldova,1984,65.7
Moldova,1985,66.3
Moldova,1986,67.9
Moldova,1987,68.6
Moldova,1988,68.6
Moldova,1989,68.6
Moldova,1990,68.3
Moldova,1991,67.6
Moldova,1992,67.8
Moldova,1993,67.8
Moldova,1994,66.4
Moldova,1995,66
Moldova,1996,66.9
Moldova,1997,68.1
Moldova,1998,68.8
Moldova,1999,68.8
Moldova,2000,68.9
Moldova,2001,69.2
Moldova,2002,69.1
Moldova,2003,69.1
Moldova,2004,69.4
Moldova,2005,68.9
Moldova,2006,69.4
Moldova,2007,69.6
Moldova,2008,69.9
Moldova,2009,70.1
Moldova,2010,70
Moldova,2011,71.7
Moldova,2012,72
Moldova,2013,72.7
Moldova,2014,72.3
Moldova,2015,72.1
Moldova,2016,72.6
Moldova,2017,73.7
Moldova,2018,74
Moldova,2019,74.3
Moldova,2020,73.5
Moldova,2021,72.1
Moldova,2022,71.9
Moldova,2023,72.8
Moldova,2024,75.1
Madagascar,1800,30.5
Madagascar,1801,30.5
Madagascar,1802,30.5
Madagascar,1803,30.5
Madagascar,1804,30.5
Madagascar,1805,30.5
Madagascar,1806,30.5
Madagascar,1807,30.5
Madagascar,1808,30.5
Madagascar,1809,30.5
Madagascar,1810,30.5
Madagascar,1811,30.5
Madagascar,1812,30.5
Madagascar,1813,30.5
Madagascar,1814,30.5
Madagascar,1815,30.5
Madagascar,1816,30.5
Madagascar,1817,30.5
Madagascar,1818,30.5
Madagascar,1819,30.5
Madagascar,1820,30.5
Madagascar,1821,30.5
Madagascar,1822,30.5
Madagascar,1823,30.5
Madagascar,1824,30.5
Madagascar,1825,30.5
Madagascar,1826,30.5
Madagascar,1827,30.5
Madagascar,1828,30.5
Madagascar,1829,30.5
Madagascar,1830,30.5
Madagascar,1831,30.5
Madagascar,1832,30.5
Madagascar,1833,30.5
Madagascar,1834,30.5
Madagascar,1835,30.5
Madagascar,1836,30.5
Madagascar,1837,30.5
Madagascar,1838,30.5
Madagascar,1839,30.5
Madagascar,1840,30.5
Madagascar,1841,30.5
Madagascar,1842,30.5
Madagascar,1843,30.5
Madagascar,1844,30.5
Madagascar,1845,30.5
Madagascar,1846,30.5
Madagascar,1847,30.5
Madagascar,1848,30.5
Madagascar,1849,30.5
Madagascar,1850,30.5
Madagascar,1851,30.5
Madagascar,1852,30.6
Madagascar,1853,30.6
Madagascar,1854,30.7
Madagascar,1855,30.7
Madagascar,1856,30.8
Madagascar,1857,30.8
Madagascar,1858,30.8
Madagascar,1859,30.9
Madagascar,1860,30.9
Madagascar,1861,31
Madagascar,1862,31
Madagascar,1863,31
Madagascar,1864,31.1
Madagascar,1865,31.1
Madagascar,1866,31.2
Madagascar,1867,31.2
Madagascar,1868,31.3
Madagascar,1869,31.3
Madagascar,1870,31.3
Madagascar,1871,31.4
Madagascar,1872,31.4
Madagascar,1873,31.4
Madagascar,1874,31.5
Madagascar,1875,31.5
Madagascar,1876,31.6
Madagascar,1877,31.6
Madagascar,1878,31.7
Madagascar,1879,31.7
Madagascar,1880,31.7
Madagascar,1881,31.8
Madagascar,1882,31.8
Madagascar,1883,31.9
Madagascar,1884,31.9
Madagascar,1885,31.9
Madagascar,1886,32
Madagascar,1887,32
Madagascar,1888,32.1
Madagascar,1889,32.1
Madagascar,1890,32.2
Madagascar,1891,32.2
Madagascar,1892,32.2
Madagascar,1893,32.3
Madagascar,1894,32.3
Madagascar,1895,32.4
Madagascar,1896,32.4
Madagascar,1897,32.5
Madagascar,1898,32.5
Madagascar,1899,32.5
Madagascar,1900,32.6
Madagascar,1901,32.6
Madagascar,1902,32.7
Madagascar,1903,32.7
Madagascar,1904,32.7
Madagascar,1905,32.8
Madagascar,1906,32.8
Madagascar,1907,32.9
Madagascar,1908,32.9
Madagascar,1909,33
Madagascar,1910,33
Madagascar,1911,33
Madagascar,1912,33.1
Madagascar,1913,33.1
Madagascar,1914,33.1
Madagascar,1915,33.2
Madagascar,1916,33.2
Madagascar,1917,33.3
Madagascar,1918,13.9
Madagascar,1919,33.4
Madagascar,1920,33.4
Madagascar,1921,33.4
Madagascar,1922,33.5
Madagascar,1923,33.5
Madagascar,1924,33.6
Madagascar,1925,33.6
Madagascar,1926,33.6
Madagascar,1927,33.7
Madagascar,1928,33.7
Madagascar,1929,33.8
Madagascar,1930,33.8
Madagascar,1931,33.9
Madagascar,1932,33.9
Madagascar,1933,33.9
Madagascar,1934,34
Madagascar,1935,34
Madagascar,1936,34.1
Madagascar,1937,34.1
Madagascar,1938,34.1
Madagascar,1939,34.2
Madagascar,1940,34.2
Madagascar,1941,34.4
Madagascar,1942,34.5
Madagascar,1943,34.7
Madagascar,1944,34.9
Madagascar,1945,35
Madagascar,1946,36.3
Madagascar,1947,37.5
Madagascar,1948,38.8
Madagascar,1949,40
Madagascar,1950,41.3
Madagascar,1951,41.4
Madagascar,1952,41.6
Madagascar,1953,41.9
Madagascar,1954,42.1
Madagascar,1955,42.5
Madagascar,1956,42.8
Madagascar,1957,43.3
Madagascar,1958,43.8
Madagascar,1959,44.2
Madagascar,1960,44.8
Madagascar,1961,45.2
Madagascar,1962,45.6
Madagascar,1963,46.1
Madagascar,1964,46.6
Madagascar,1965,46.9
Madagascar,1966,46.9
Madagascar,1967,47.1
Madagascar,1968,47.5
Madagascar,1969,48.1
Madagascar,1970,48.4
Madagascar,1971,49.1
Madagascar,1972,49.8
Madagascar,1973,50.7
Madagascar,1974,51.4
Madagascar,1975,52
Madagascar,1976,52.6
Madagascar,1977,53.5
Madagascar,1978,54.1
Madagascar,1979,54.6
Madagascar,1980,54.9
Madagascar,1981,55.1
Madagascar,1982,54.5
Madagascar,1983,54.7
Madagascar,1984,54.7
Madagascar,1985,54.8
Madagascar,1986,54.4
Madagascar,1987,54.4
Madagascar,1988,54.9
Madagascar,1989,55.4
Madagascar,1990,55.9
Madagascar,1991,56.3
Madagascar,1992,56.6
Madagascar,1993,56.6
Madagascar,1994,57.3
Madagascar,1995,57.9
Madagascar,1996,58.2
Madagascar,1997,58.4
Madagascar,1998,58.6
Madagascar,1999,59.1
Madagascar,2000,59.5
Madagascar,2001,60
Madagascar,2002,60
Madagascar,2003,60.3
Madagascar,2004,60.6
Madagascar,2005,61.1
Madagascar,2006,61.5
Madagascar,2007,61.9
Madagascar,2008,62.1
Madagascar,2009,62.3
Madagascar,2010,62.6
Madagascar,2011,62.9
Madagascar,2012,63.2
Madagascar,2013,63.5
Madagascar,2014,63.8
Madagascar,2015,64.2
Madagascar,2016,64.5
Madagascar,2017,64.8
Madagascar,2018,65.1
Madagascar,2019,65.5
Madagascar,2020,64.8
Madagascar,2021,64.1
Madagascar,2022,64.8
Madagascar,2023,66
Madagascar,2024,66.8
Maldives,1800,32.6
Maldives,1801,32.6
Maldives,1802,32.6
Maldives,1803,32.6
Maldives,1804,32.6
Maldives,1805,32.6
Maldives,1806,32.6
Maldives,1807,32.6
Maldives,1808,32.6
Maldives,1809,32.6
Maldives,1810,32.6
Maldives,1811,32.6
Maldives,1812,32.6
Maldives,1813,32.6
Maldives,1814,32.6
Maldives,1815,32.6
Maldives,1816,32.6
Maldives,1817,32.6
Maldives,1818,32.6
Maldives,1819,32.6
Maldives,1820,32.6
Maldives,1821,32.6
Maldives,1822,32.6
Maldives,1823,32.6
Maldives,1824,32.6
Maldives,1825,32.6
Maldives,1826,32.6
Maldives,1827,32.6
Maldives,1828,32.6
Maldives,1829,32.6
Maldives,1830,32.6
Maldives,1831,32.6
Maldives,1832,32.6
Maldives,1833,32.6
Maldives,1834,32.6
Maldives,1835,32.6
Maldives,1836,32.6
Maldives,1837,32.6
Maldives,1838,32.6
Maldives,1839,32.6
Maldives,1840,32.6
Maldives,1841,32.6
Maldives,1842,32.6
Maldives,1843,32.6
Maldives,1844,32.6
Maldives,1845,32.6
Maldives,1846,32.6
Maldives,1847,32.6
Maldives,1848,32.6
Maldives,1849,32.6
Maldives,1850,32.6
Maldives,1851,32.6
Maldives,1852,32.6
Maldives,1853,32.6
Maldives,1854,32.5
Maldives,1855,32.5
Maldives,1856,32.5
Maldives,1857,32.4
Maldives,1858,32.4
Maldives,1859,32.4
Maldives,1860,32.4
Maldives,1861,32.3
Maldives,1862,32.3
Maldives,1863,32.3
Maldives,1864,32.2
Maldives,1865,32.2
Maldives,1866,32.2
Maldives,1867,32.1
Maldives,1868,32.1
Maldives,1869,32.1
Maldives,1870,32
Maldives,1871,32
Maldives,1872,32
Maldives,1873,32
Maldives,1874,31.9
Maldives,1875,31.9
Maldives,1876,31.9
Maldives,1877,31.9
Maldives,1878,31.8
Maldives,1879,31.8
Maldives,1880,31.8
Maldives,1881,31.7
Maldives,1882,31.7
Maldives,1883,31.7
Maldives,1884,31.6
Maldives,1885,31.6
Maldives,1886,31.6
Maldives,1887,31.6
Maldives,1888,31.5
Maldives,1889,31.5
Maldives,1890,31.5
Maldives,1891,31.4
Maldives,1892,31.4
Maldives,1893,31.4
Maldives,1894,31.3
Maldives,1895,31.3
Maldives,1896,31.3
Maldives,1897,31.3
Maldives,1898,31.2
Maldives,1899,31.2
Maldives,1900,31.2
Maldives,1901,31.1
Maldives,1902,31.1
Maldives,1903,31.1
Maldives,1904,31
Maldives,1905,31
Maldives,1906,31
Maldives,1907,30.9
Maldives,1908,30.9
Maldives,1909,30.9
Maldives,1910,30.9
Maldives,1911,30.8
Maldives,1912,30.8
Maldives,1913,30.8
Maldives,1914,30.7
Maldives,1915,30.7
Maldives,1916,30.7
Maldives,1917,30.7
Maldives,1918,9.94
Maldives,1919,30.6
Maldives,1920,30.6
Maldives,1921,30.5
Maldives,1922,30.5
Maldives,1923,30.5
Maldives,1924,30.4
Maldives,1925,30.4
Maldives,1926,30.4
Maldives,1927,30.4
Maldives,1928,30.3
Maldives,1929,30.3
Maldives,1930,30.3
Maldives,1931,30.2
Maldives,1932,30.2
Maldives,1933,30.2
Maldives,1934,30.1
Maldives,1935,30.1
Maldives,1936,30.1
Maldives,1937,30.1
Maldives,1938,30
Maldives,1939,30
Maldives,1940,30
Maldives,1941,30
Maldives,1942,30.1
Maldives,1943,30.2
Maldives,1944,30.2
Maldives,1945,30.3
Maldives,1946,30.4
Maldives,1947,30.4
Maldives,1948,30.5
Maldives,1949,30.6
Maldives,1950,30.6
Maldives,1951,31.3
Maldives,1952,32
Maldives,1953,32.6
Maldives,1954,33.3
Maldives,1955,34
Maldives,1956,34.7
Maldives,1957,35.5
Maldives,1958,36.1
Maldives,1959,36.7
Maldives,1960,37.8
Maldives,1961,38.8
Maldives,1962,39.6
Maldives,1963,40.4
Maldives,1964,41.6
Maldives,1965,42.6
Maldives,1966,43.4
Maldives,1967,44.6
Maldives,1968,45.6
Maldives,1969,46.4
Maldives,1970,47.5
Maldives,1971,48.5
Maldives,1972,49.4
Maldives,1973,50.1
Maldives,1974,50.8
Maldives,1975,51.7
Maldives,1976,52.3
Maldives,1977,52.7
Maldives,1978,51.5
Maldives,1979,54.6
Maldives,1980,56
Maldives,1981,57
Maldives,1982,58
Maldives,1983,59.2
Maldives,1984,60.4
Maldives,1985,61.6
Maldives,1986,62.6
Maldives,1987,63.4
Maldives,1988,64.2
Maldives,1989,64.9
Maldives,1990,65.5
Maldives,1991,66
Maldives,1992,66.6
Maldives,1993,67.3
Maldives,1994,68.1
Maldives,1995,68.7
Maldives,1996,69.2
Maldives,1997,69.8
Maldives,1998,70.8
Maldives,1999,71.6
Maldives,2000,72.2
Maldives,2001,72.8
Maldives,2002,73.7
Maldives,2003,74.4
Maldives,2004,73.9
Maldives,2005,75.8
Maldives,2006,76.3
Maldives,2007,76.8
Maldives,2008,77.2
Maldives,2009,77.5
Maldives,2010,77.8
Maldives,2011,78
Maldives,2012,78.3
Maldives,2013,78.5
Maldives,2014,78.7
Maldives,2015,78.9
Maldives,2016,78.9
Maldives,2017,78.9
Maldives,2018,79
Maldives,2019,79.1
Maldives,2020,78.8
Maldives,2021,78.9
Maldives,2022,79.8
Maldives,2023,80
Maldives,2024,80.2
Mexico,1800,26.9
Mexico,1801,26.9
Mexico,1802,26.9
Mexico,1803,26.9
Mexico,1804,26.9
Mexico,1805,26.9
Mexico,1806,26.9
Mexico,1807,26.9
Mexico,1808,26.9
Mexico,1809,26.9
Mexico,1810,26.9
Mexico,1811,26.9
Mexico,1812,26.9
Mexico,1813,26.9
Mexico,1814,26.9
Mexico,1815,26.9
Mexico,1816,26.9
Mexico,1817,26.9
Mexico,1818,26.9
Mexico,1819,26.9
Mexico,1820,26.9
Mexico,1821,26.9
Mexico,1822,26.9
Mexico,1823,26.9
Mexico,1824,26.9
Mexico,1825,26.9
Mexico,1826,26.9
Mexico,1827,26.9
Mexico,1828,26.9
Mexico,1829,26.9
Mexico,1830,26.9
Mexico,1831,26.9
Mexico,1832,26.9
Mexico,1833,26.9
Mexico,1834,26.9
Mexico,1835,26.9
Mexico,1836,26.9
Mexico,1837,26.9
Mexico,1838,26.9
Mexico,1839,26.9
Mexico,1840,26.9
Mexico,1841,26.9
Mexico,1842,26.9
Mexico,1843,26.9
Mexico,1844,26.9
Mexico,1845,26.9
Mexico,1846,26.9
Mexico,1847,26.9
Mexico,1848,26.9
Mexico,1849,26.9
Mexico,1850,26.9
Mexico,1851,26.9
Mexico,1852,26.9
Mexico,1853,26.9
Mexico,1854,26.9
Mexico,1855,26.9
Mexico,1856,26.9
Mexico,1857,26.9
Mexico,1858,26.9
Mexico,1859,26.9
Mexico,1860,26.9
Mexico,1861,26.9
Mexico,1862,26.9
Mexico,1863,26.9
Mexico,1864,26.9
Mexico,1865,26.9
Mexico,1866,26.9
Mexico,1867,26.9
Mexico,1868,26.9
Mexico,1869,26.9
Mexico,1870,26.9
Mexico,1871,26.9
Mexico,1872,26.9
Mexico,1873,26.9
Mexico,1874,26.9
Mexico,1875,26.9
Mexico,1876,26.9
Mexico,1877,26.9
Mexico,1878,26.9
Mexico,1879,26.9
Mexico,1880,26.9
Mexico,1881,26.9
Mexico,1882,26.9
Mexico,1883,26.9
Mexico,1884,26.9
Mexico,1885,26.9
Mexico,1886,26.9
Mexico,1887,26.9
Mexico,1888,26.9
Mexico,1889,26.9
Mexico,1890,26.9
Mexico,1891,25.7
Mexico,1892,24.5
Mexico,1893,23.3
Mexico,1894,26.6
Mexico,1895,29.5
Mexico,1896,28.8
Mexico,1897,26.3
Mexico,1898,27.1
Mexico,1899,25
Mexico,1900,27.6
Mexico,1901,26.7
Mexico,1902,28.4
Mexico,1903,28.7
Mexico,1904,29.1
Mexico,1905,26.8
Mexico,1906,27.9
Mexico,1907,28
Mexico,1908,28.8
Mexico,1909,29.2
Mexico,1910,27.4
Mexico,1911,27.9
Mexico,1912,28.3
Mexico,1913,28.7
Mexico,1914,29.2
Mexico,1915,29.6
Mexico,1916,30
Mexico,1917,30.5
Mexico,1918,18.2
Mexico,1919,31.3
Mexico,1920,31.8
Mexico,1921,32.2
Mexico,1922,32.6
Mexico,1923,33.5
Mexico,1924,32.8
Mexico,1925,32.1
Mexico,1926,34.2
Mexico,1927,40.4
Mexico,1928,34.5
Mexico,1929,35.4
Mexico,1930,36.2
Mexico,1931,37.8
Mexico,1932,38.5
Mexico,1933,37.4
Mexico,1934,38.3
Mexico,1935,40.5
Mexico,1936,38.4
Mexico,1937,36.9
Mexico,1938,39.5
Mexico,1939,45.6
Mexico,1940,39.3
Mexico,1941,42.7
Mexico,1942,39.9
Mexico,1943,42.9
Mexico,1944,43.3
Mexico,1945,44.3
Mexico,1946,45
Mexico,1947,46.5
Mexico,1948,48.5
Mexico,1949,46
Mexico,1950,48.8
Mexico,1951,48.9
Mexico,1952,50.2
Mexico,1953,51
Mexico,1954,52.8
Mexico,1955,53.6
Mexico,1956,54.5
Mexico,1957,54.9
Mexico,1958,55.8
Mexico,1959,56.3
Mexico,1960,57.1
Mexico,1961,58.2
Mexico,1962,59.1
Mexico,1963,58.9
Mexico,1964,59.5
Mexico,1965,59.9
Mexico,1966,60.4
Mexico,1967,60.8
Mexico,1968,61
Mexico,1969,61.2
Mexico,1970,61.4
Mexico,1971,62.5
Mexico,1972,62.8
Mexico,1973,63
Mexico,1974,63.7
Mexico,1975,64.2
Mexico,1976,64.6
Mexico,1977,65.1
Mexico,1978,65.9
Mexico,1979,65.9
Mexico,1980,66.2
Mexico,1981,66.6
Mexico,1982,67.2
Mexico,1983,67.8
Mexico,1984,68.4
Mexico,1985,68.6
Mexico,1986,69.2
Mexico,1987,69.7
Mexico,1988,69.9
Mexico,1989,70.3
Mexico,1990,70.8
Mexico,1991,71.3
Mexico,1992,71.5
Mexico,1993,71.8
Mexico,1994,72.2
Mexico,1995,72.3
Mexico,1996,72.7
Mexico,1997,72.9
Mexico,1998,73.2
Mexico,1999,73.7
Mexico,2000,74.2
Mexico,2001,74.6
Mexico,2002,74.6
Mexico,2003,74.7
Mexico,2004,75
Mexico,2005,75
Mexico,2006,75.3
Mexico,2007,75.6
Mexico,2008,75.2
Mexico,2009,75
Mexico,2010,75.3
Mexico,2011,75.5
Mexico,2012,75.7
Mexico,2013,75.5
Mexico,2014,75.6
Mexico,2015,75.7
Mexico,2016,75.5
Mexico,2017,75.5
Mexico,2018,75.5
Mexico,2019,75.6
Mexico,2020,71.5
Mexico,2021,71.6
Mexico,2022,76.3
Mexico,2023,76.5
Mexico,2024,76.7
Marshall Islands,1950,52.1
Marshall Islands,1951,52.6
Marshall Islands,1952,53
Marshall Islands,1953,53.4
Marshall Islands,1954,53.9
Marshall Islands,1955,54.3
Marshall Islands,1956,54.7
Marshall Islands,1957,55.1
Marshall Islands,1958,55.6
Marshall Islands,1959,56
Marshall Islands,1960,56.3
Marshall Islands,1961,56.7
Marshall Islands,1962,57
Marshall Islands,1963,57.2
Marshall Islands,1964,57.6
Marshall Islands,1965,57.9
Marshall Islands,1966,58.2
Marshall Islands,1967,58.5
Marshall Islands,1968,58.7
Marshall Islands,1969,59
Marshall Islands,1970,59.4
Marshall Islands,1971,59.7
Marshall Islands,1972,60
Marshall Islands,1973,60.5
Marshall Islands,1974,60.9
Marshall Islands,1975,61.3
Marshall Islands,1976,61.7
Marshall Islands,1977,62
Marshall Islands,1978,62.3
Marshall Islands,1979,62.6
Marshall Islands,1980,62.9
Marshall Islands,1981,63.1
Marshall Islands,1982,63.2
Marshall Islands,1983,62.8
Marshall Islands,1984,62.9
Marshall Islands,1985,63.1
Marshall Islands,1986,63.3
Marshall Islands,1987,63.4
Marshall Islands,1988,63.3
Marshall Islands,1989,63.1
Marshall Islands,1990,62.9
Marshall Islands,1991,62.8
Marshall Islands,1992,62.7
Marshall Islands,1993,62.8
Marshall Islands,1994,63.4
Marshall Islands,1995,63.3
Marshall Islands,1996,63.3
Marshall Islands,1997,63.1
Marshall Islands,1998,63.1
Marshall Islands,1999,63
Marshall Islands,2000,62.7
Marshall Islands,2001,63
Marshall Islands,2002,63
Marshall Islands,2003,63
Marshall Islands,2004,63.1
Marshall Islands,2005,63.1
Marshall Islands,2006,63.2
Marshall Islands,2007,63.4
Marshall Islands,2008,63.6
Marshall Islands,2009,63.8
Marshall Islands,2010,64
Marshall Islands,2011,64.2
Marshall Islands,2012,64.4
Marshall Islands,2013,64.6
Marshall Islands,2014,64.8
Marshall Islands,2015,64.9
Marshall Islands,2016,65.1
Marshall Islands,2017,65.2
Marshall Islands,2018,65.3
Marshall Islands,2019,65.5
Marshall Islands,2020,65.7
Marshall Islands,2021,66
Marshall Islands,2022,65.9
Marshall Islands,2023,66
Marshall Islands,2024,66.2
North Macedonia,1800,36.1
North Macedonia,1801,36.1
North Macedonia,1802,36.1
North Macedonia,1803,36.1
North Macedonia,1804,36.1
North Macedonia,1805,36.1
North Macedonia,1806,36.1
North Macedonia,1807,36.1
North Macedonia,1808,36.1
North Macedonia,1809,36.1
North Macedonia,1810,36.1
North Macedonia,1811,36.1
North Macedonia,1812,36.1
North Macedonia,1813,36.1
North Macedonia,1814,36.1
North Macedonia,1815,36.1
North Macedonia,1816,36.1
North Macedonia,1817,36.1
North Macedonia,1818,36.1
North Macedonia,1819,36.1
North Macedonia,1820,36.1
North Macedonia,1821,36.1
North Macedonia,1822,36.1
North Macedonia,1823,36.1
North Macedonia,1824,36.1
North Macedonia,1825,36.1
North Macedonia,1826,36.1
North Macedonia,1827,36.1
North Macedonia,1828,36.1
North Macedonia,1829,36.1
North Macedonia,1830,36.1
North Macedonia,1831,36.1
North Macedonia,1832,36.1
North Macedonia,1833,36.1
North Macedonia,1834,36.1
North Macedonia,1835,36.1
North Macedonia,1836,36.1
North Macedonia,1837,36.1
North Macedonia,1838,36.1
North Macedonia,1839,36.1
North Macedonia,1840,36.1
North Macedonia,1841,36.1
North Macedonia,1842,36.1
North Macedonia,1843,36.1
North Macedonia,1844,36.1
North Macedonia,1845,36.1
North Macedonia,1846,36.1
North Macedonia,1847,36.1
North Macedonia,1848,36.1
North Macedonia,1849,36.1
North Macedonia,1850,36.1
North Macedonia,1851,36.1
North Macedonia,1852,36.1
North Macedonia,1853,36
North Macedonia,1854,36
North Macedonia,1855,36
North Macedonia,1856,36
North Macedonia,1857,36
North Macedonia,1858,35.9
North Macedonia,1859,35.9
North Macedonia,1860,35.9
North Macedonia,1861,35.9
North Macedonia,1862,35.9
North Macedonia,1863,35.8
North Macedonia,1864,35.8
North Macedonia,1865,35.8
North Macedonia,1866,35.8
North Macedonia,1867,35.8
North Macedonia,1868,35.7
North Macedonia,1869,35.7
North Macedonia,1870,35.7
North Macedonia,1871,35.7
North Macedonia,1872,35.7
North Macedonia,1873,35.6
North Macedonia,1874,35.6
North Macedonia,1875,35.6
North Macedonia,1876,35.6
North Macedonia,1877,35.6
North Macedonia,1878,35.5
North Macedonia,1879,35.5
North Macedonia,1880,35.5
North Macedonia,1881,35.5
North Macedonia,1882,35.5
North Macedonia,1883,35.4
North Macedonia,1884,35.4
North Macedonia,1885,35.4
North Macedonia,1886,35.4
North Macedonia,1887,35.4
North Macedonia,1888,35.3
North Macedonia,1889,35.3
North Macedonia,1890,35.3
North Macedonia,1891,35.3
North Macedonia,1892,35.3
North Macedonia,1893,35.2
North Macedonia,1894,35.2
North Macedonia,1895,35.2
North Macedonia,1896,35.2
North Macedonia,1897,35.2
North Macedonia,1898,35.1
North Macedonia,1899,35.1
North Macedonia,1900,35.1
North Macedonia,1901,35.1
North Macedonia,1902,35.1
North Macedonia,1903,35
North Macedonia,1904,35
North Macedonia,1905,35
North Macedonia,1906,35
North Macedonia,1907,35
North Macedonia,1908,34.9
North Macedonia,1909,34.9
North Macedonia,1910,34.9
North Macedonia,1911,34.9
North Macedonia,1912,34.9
North Macedonia,1913,34.8
North Macedonia,1914,34.8
North Macedonia,1915,34.8
North Macedonia,1916,34.8
North Macedonia,1917,34.8
North Macedonia,1918,19.1
North Macedonia,1919,34.7
North Macedonia,1920,34.7
North Macedonia,1921,35.2
North Macedonia,1922,35.7
North Macedonia,1923,36.2
North Macedonia,1924,36.6
North Macedonia,1925,37.1
North Macedonia,1926,37.6
North Macedonia,1927,38.1
North Macedonia,1928,38.6
North Macedonia,1929,39.1
North Macedonia,1930,39.5
North Macedonia,1931,40
North Macedonia,1932,40.5
North Macedonia,1933,41
North Macedonia,1934,41.5
North Macedonia,1935,42
North Macedonia,1936,42.4
North Macedonia,1937,42.9
North Macedonia,1938,43.4
North Macedonia,1939,43.9
North Macedonia,1940,44.3
North Macedonia,1941,43.7
North Macedonia,1942,42.4
North Macedonia,1943,41.2
North Macedonia,1944,40.1
North Macedonia,1945,40
North Macedonia,1946,45.5
North Macedonia,1947,47.9
North Macedonia,1948,48.8
North Macedonia,1949,49.5
North Macedonia,1950,50.2
North Macedonia,1951,46.2
North Macedonia,1952,50.7
North Macedonia,1953,50.4
North Macedonia,1954,53.2
North Macedonia,1955,51.7
North Macedonia,1956,53.6
North Macedonia,1957,54.1
North Macedonia,1958,57.8
North Macedonia,1959,57.1
North Macedonia,1960,57.5
North Macedonia,1961,59.3
North Macedonia,1962,58.6
North Macedonia,1963,57.4
North Macedonia,1964,60.5
North Macedonia,1965,61.8
North Macedonia,1966,63.9
North Macedonia,1967,63.7
North Macedonia,1968,64.3
North Macedonia,1969,64.2
North Macedonia,1970,65.3
North Macedonia,1971,66.3
North Macedonia,1972,66.8
North Macedonia,1973,67.8
North Macedonia,1974,68.5
North Macedonia,1975,68.7
North Macedonia,1976,69.3
North Macedonia,1977,69.6
North Macedonia,1978,69.7
North Macedonia,1979,70
North Macedonia,1980,70.1
North Macedonia,1981,70.3
North Macedonia,1982,70.8
North Macedonia,1983,69.5
North Macedonia,1984,70.1
North Macedonia,1985,70.5
North Macedonia,1986,70.5
North Macedonia,1987,69.9
North Macedonia,1988,69.4
North Macedonia,1989,69.4
North Macedonia,1990,70.5
North Macedonia,1991,70.8
North Macedonia,1992,70.3
North Macedonia,1993,70.2
North Macedonia,1994,70.5
North Macedonia,1995,70.7
North Macedonia,1996,71
North Macedonia,1997,71.2
North Macedonia,1998,71.1
North Macedonia,1999,71.4
North Macedonia,2000,71.5
North Macedonia,2001,71.4
North Macedonia,2002,71.5
North Macedonia,2003,71.7
North Macedonia,2004,72.2
North Macedonia,2005,72.5
North Macedonia,2006,72.3
North Macedonia,2007,72.4
North Macedonia,2008,72.9
North Macedonia,2009,73
North Macedonia,2010,73.4
North Macedonia,2011,73.7
North Macedonia,2012,73.7
North Macedonia,2013,74
North Macedonia,2014,74
North Macedonia,2015,74
North Macedonia,2016,73.8
North Macedonia,2017,74.1
North Macedonia,2018,74.3
North Macedonia,2019,74.4
North Macedonia,2020,72.3
North Macedonia,2021,71
North Macedonia,2022,71.1
North Macedonia,2023,72.4
North Macedonia,2024,75.2
Mali,1800,26.4
Mali,1801,26.4
Mali,1802,26.4
Mali,1803,26.4
Mali,1804,26.4
Mali,1805,26.4
Mali,1806,26.4
Mali,1807,26.4
Mali,1808,26.4
Mali,1809,26.4
Mali,1810,26.4
Mali,1811,26.4
Mali,1812,26.4
Mali,1813,26.4
Mali,1814,26.4
Mali,1815,26.4
Mali,1816,26.4
Mali,1817,26.4
Mali,1818,26.4
Mali,1819,26.4
Mali,1820,26.4
Mali,1821,26.4
Mali,1822,26.4
Mali,1823,26.4
Mali,1824,26.4
Mali,1825,26.4
Mali,1826,26.4
Mali,1827,26.4
Mali,1828,26.4
Mali,1829,26.4
Mali,1830,26.4
Mali,1831,26.4
Mali,1832,26.4
Mali,1833,26.4
Mali,1834,26.4
Mali,1835,26.4
Mali,1836,26.4
Mali,1837,26.4
Mali,1838,26.4
Mali,1839,26.4
Mali,1840,26.4
Mali,1841,26.4
Mali,1842,26.4
Mali,1843,26.4
Mali,1844,26.4
Mali,1845,26.4
Mali,1846,26.4
Mali,1847,26.4
Mali,1848,26.4
Mali,1849,26.4
Mali,1850,26.4
Mali,1851,26.5
Mali,1852,26.6
Mali,1853,26.6
Mali,1854,26.7
Mali,1855,26.8
Mali,1856,26.9
Mali,1857,27
Mali,1858,27
Mali,1859,27.1
Mali,1860,27.2
Mali,1861,27.3
Mali,1862,27.4
Mali,1863,27.4
Mali,1864,27.5
Mali,1865,27.6
Mali,1866,27.7
Mali,1867,27.8
Mali,1868,27.8
Mali,1869,27.9
Mali,1870,28
Mali,1871,28.1
Mali,1872,28.1
Mali,1873,28.2
Mali,1874,28.3
Mali,1875,28.4
Mali,1876,28.4
Mali,1877,28.5
Mali,1878,28.6
Mali,1879,28.7
Mali,1880,28.8
Mali,1881,28.9
Mali,1882,28.9
Mali,1883,29
Mali,1884,29.1
Mali,1885,29.2
Mali,1886,29.2
Mali,1887,29.3
Mali,1888,29.4
Mali,1889,29.5
Mali,1890,29.6
Mali,1891,29.6
Mali,1892,29.7
Mali,1893,29.8
Mali,1894,29.9
Mali,1895,29.9
Mali,1896,30
Mali,1897,30.1
Mali,1898,30.2
Mali,1899,30.3
Mali,1900,30.3
Mali,1901,30.4
Mali,1902,30.5
Mali,1903,30.6
Mali,1904,30.7
Mali,1905,30.7
Mali,1906,30.8
Mali,1907,30.9
Mali,1908,31
Mali,1909,31.1
Mali,1910,31.1
Mali,1911,31.2
Mali,1912,31.3
Mali,1913,31.4
Mali,1914,31.4
Mali,1915,31.5
Mali,1916,31.6
Mali,1917,31.7
Mali,1918,12.3
Mali,1919,31.8
Mali,1920,31.9
Mali,1921,32
Mali,1922,32.1
Mali,1923,32.1
Mali,1924,32.2
Mali,1925,32.3
Mali,1926,32.4
Mali,1927,32.5
Mali,1928,32.5
Mali,1929,32.6
Mali,1930,32.7
Mali,1931,32.8
Mali,1932,32.9
Mali,1933,32.9
Mali,1934,33
Mali,1935,33.1
Mali,1936,33.2
Mali,1937,33.3
Mali,1938,33.3
Mali,1939,33.4
Mali,1940,33.5
Mali,1941,33.6
Mali,1942,33.8
Mali,1943,34
Mali,1944,34.2
Mali,1945,34.3
Mali,1946,34.5
Mali,1947,34.7
Mali,1948,34.8
Mali,1949,35
Mali,1950,35.2
Mali,1951,35.4
Mali,1952,35.6
Mali,1953,35.9
Mali,1954,36.2
Mali,1955,36.4
Mali,1956,36.7
Mali,1957,36.9
Mali,1958,37.1
Mali,1959,37.4
Mali,1960,37.7
Mali,1961,37.9
Mali,1962,38.1
Mali,1963,38.3
Mali,1964,38.4
Mali,1965,38.6
Mali,1966,38.9
Mali,1967,39.2
Mali,1968,39.5
Mali,1969,39.7
Mali,1970,40.2
Mali,1971,40.5
Mali,1972,41.1
Mali,1973,41.5
Mali,1974,41.9
Mali,1975,42.4
Mali,1976,43
Mali,1977,43.7
Mali,1978,44.4
Mali,1979,45.1
Mali,1980,45.8
Mali,1981,46.1
Mali,1982,46.8
Mali,1983,47.4
Mali,1984,47.7
Mali,1985,48.3
Mali,1986,49
Mali,1987,49.4
Mali,1988,49.7
Mali,1989,50
Mali,1990,50.2
Mali,1991,50.6
Mali,1992,51
Mali,1993,51.3
Mali,1994,51.4
Mali,1995,51.7
Mali,1996,51.9
Mali,1997,51.1
Mali,1998,51
Mali,1999,52.9
Mali,2000,53.3
Mali,2001,53.8
Mali,2002,54.3
Mali,2003,54.9
Mali,2004,55.6
Mali,2005,56.2
Mali,2006,56.6
Mali,2007,57.1
Mali,2008,57.6
Mali,2009,58
Mali,2010,58.4
Mali,2011,58.9
Mali,2012,59.1
Mali,2013,59.2
Mali,2014,59.5
Mali,2015,59.9
Mali,2016,60.4
Mali,2017,60.8
Mali,2018,61.2
Mali,2019,61.8
Mali,2020,60.8
Mali,2021,61.1
Mali,2022,61.6
Mali,2023,62.2
Mali,2024,63
Malta,1800,28.7
Malta,1801,28.7
Malta,1802,28.7
Malta,1803,28.7
Malta,1804,28.7
Malta,1805,28.7
Malta,1806,28.7
Malta,1807,28.7
Malta,1808,28.7
Malta,1809,28.7
Malta,1810,28.7
Malta,1811,28.7
Malta,1812,28.7
Malta,1813,28.7
Malta,1814,28.7
Malta,1815,28.7
Malta,1816,28.7
Malta,1817,28.7
Malta,1818,28.7
Malta,1819,28.7
Malta,1820,28.7
Malta,1821,28.7
Malta,1822,28.7
Malta,1823,28.7
Malta,1824,28.7
Malta,1825,28.7
Malta,1826,28.7
Malta,1827,28.7
Malta,1828,28.7
Malta,1829,28.7
Malta,1830,28.7
Malta,1831,28.7
Malta,1832,28.7
Malta,1833,28.7
Malta,1834,28.7
Malta,1835,28.7
Malta,1836,28.7
Malta,1837,28.7
Malta,1838,28.7
Malta,1839,28.7
Malta,1840,28.7
Malta,1841,28.7
Malta,1842,28.7
Malta,1843,28.7
Malta,1844,28.7
Malta,1845,28.7
Malta,1846,28.7
Malta,1847,28.7
Malta,1848,28.7
Malta,1849,28.7
Malta,1850,28.7
Malta,1851,28.7
Malta,1852,28.7
Malta,1853,28.7
Malta,1854,28.6
Malta,1855,28.6
Malta,1856,28.6
Malta,1857,28.6
Malta,1858,28.6
Malta,1859,28.6
Malta,1860,28.6
Malta,1861,28.6
Malta,1862,28.6
Malta,1863,28.6
Malta,1864,28.5
Malta,1865,28.5
Malta,1866,28.5
Malta,1867,28.5
Malta,1868,28.5
Malta,1869,28.5
Malta,1870,28.5
Malta,1871,28.4
Malta,1872,28.4
Malta,1873,28.9
Malta,1874,29.4
Malta,1875,29.8
Malta,1876,30.3
Malta,1877,30.7
Malta,1878,31.2
Malta,1879,31.6
Malta,1880,32.1
Malta,1881,32.5
Malta,1882,33
Malta,1883,33.4
Malta,1884,33.9
Malta,1885,34.4
Malta,1886,34.8
Malta,1887,35.3
Malta,1888,35.7
Malta,1889,36.1
Malta,1890,36.6
Malta,1891,37
Malta,1892,37.5
Malta,1893,38
Malta,1894,38.4
Malta,1895,38.8
Malta,1896,39.3
Malta,1897,39.7
Malta,1898,40.2
Malta,1899,40.6
Malta,1900,41.1
Malta,1901,41.5
Malta,1902,42
Malta,1903,42.4
Malta,1904,42.9
Malta,1905,43.3
Malta,1906,43.7
Malta,1907,44.2
Malta,1908,44.6
Malta,1909,45.1
Malta,1910,45.5
Malta,1911,46
Malta,1912,46.4
Malta,1913,46.8
Malta,1914,47.3
Malta,1915,47.7
Malta,1916,48.2
Malta,1917,48.6
Malta,1918,45.8
Malta,1919,49.5
Malta,1920,49.9
Malta,1921,50.4
Malta,1922,50.8
Malta,1923,51.2
Malta,1924,51.7
Malta,1925,52.1
Malta,1926,52.5
Malta,1927,53
Malta,1928,53.4
Malta,1929,53.8
Malta,1930,54.3
Malta,1931,54.7
Malta,1932,55.1
Malta,1933,55.6
Malta,1934,56
Malta,1935,56.4
Malta,1936,56.5
Malta,1937,56.6
Malta,1938,56.7
Malta,1939,56.9
Malta,1940,55.4
Malta,1941,51.1
Malta,1942,54
Malta,1943,58.8
Malta,1944,60.2
Malta,1945,60.9
Malta,1946,61.4
Malta,1947,61.8
Malta,1948,62.3
Malta,1949,62.8
Malta,1950,63.2
Malta,1951,63.6
Malta,1952,64.8
Malta,1953,65.9
Malta,1954,66.6
Malta,1955,67.5
Malta,1956,68.1
Malta,1957,68.4
Malta,1958,68.9
Malta,1959,69.1
Malta,1960,69.1
Malta,1961,69.2
Malta,1962,69.3
Malta,1963,69.4
Malta,1964,69.6
Malta,1965,69.7
Malta,1966,70
Malta,1967,70.2
Malta,1968,70.4
Malta,1969,70.6
Malta,1970,70.9
Malta,1971,71.2
Malta,1972,71.4
Malta,1973,71.6
Malta,1974,71.8
Malta,1975,72
Malta,1976,72.2
Malta,1977,72.4
Malta,1978,72.4
Malta,1979,72.6
Malta,1980,72.7
Malta,1981,73.1
Malta,1982,73.4
Malta,1983,73.7
Malta,1984,74.3
Malta,1985,74.7
Malta,1986,75.3
Malta,1987,75.8
Malta,1988,76.1
Malta,1989,76.3
Malta,1990,76.6
Malta,1991,76.8
Malta,1992,77
Malta,1993,77.3
Malta,1994,77.7
Malta,1995,77.8
Malta,1996,78
Malta,1997,78.2
Malta,1998,78.5
Malta,1999,78.6
Malta,2000,78.8
Malta,2001,79
Malta,2002,79.1
Malta,2003,79.3
Malta,2004,79.6
Malta,2005,80
Malta,2006,80.3
Malta,2007,80.4
Malta,2008,80.6
Malta,2009,80.8
Malta,2010,81.1
Malta,2011,81.2
Malta,2012,81.4
Malta,2013,81.6
Malta,2014,81.8
Malta,2015,82.2
Malta,2016,82.3
Malta,2017,82.4
Malta,2018,82.5
Malta,2019,82.6
Malta,2020,82.7
Malta,2021,83.1
Malta,2022,83.1
Malta,2023,83.2
Malta,2024,83.3
Myanmar,1800,30.8
Myanmar,1801,30.8
Myanmar,1802,30.8
Myanmar,1803,30.8
Myanmar,1804,30.8
Myanmar,1805,30.8
Myanmar,1806,30.8
Myanmar,1807,30.8
Myanmar,1808,30.8
Myanmar,1809,30.8
Myanmar,1810,30.8
Myanmar,1811,30.8
Myanmar,1812,30.8
Myanmar,1813,30.8
Myanmar,1814,30.8
Myanmar,1815,30.8
Myanmar,1816,30.8
Myanmar,1817,30.8
Myanmar,1818,30.8
Myanmar,1819,30.8
Myanmar,1820,30.8
Myanmar,1821,30.8
Myanmar,1822,30.8
Myanmar,1823,30.8
Myanmar,1824,30.8
Myanmar,1825,30.8
Myanmar,1826,30.8
Myanmar,1827,30.8
Myanmar,1828,30.8
Myanmar,1829,30.8
Myanmar,1830,30.8
Myanmar,1831,30.8
Myanmar,1832,30.8
Myanmar,1833,30.8
Myanmar,1834,30.8
Myanmar,1835,30.8
Myanmar,1836,30.8
Myanmar,1837,30.8
Myanmar,1838,30.8
Myanmar,1839,30.8
Myanmar,1840,30.8
Myanmar,1841,30.8
Myanmar,1842,30.8
Myanmar,1843,30.8
Myanmar,1844,30.8
Myanmar,1845,30.8
Myanmar,1846,30.8
Myanmar,1847,30.8
Myanmar,1848,30.8
Myanmar,1849,30.8
Myanmar,1850,30.8
Myanmar,1851,30.8
Myanmar,1852,30.8
Myanmar,1853,30.8
Myanmar,1854,30.9
Myanmar,1855,30.9
Myanmar,1856,30.9
Myanmar,1857,30.9
Myanmar,1858,30.9
Myanmar,1859,30.9
Myanmar,1860,30.9
Myanmar,1861,31
Myanmar,1862,31
Myanmar,1863,31
Myanmar,1864,31
Myanmar,1865,31
Myanmar,1866,31
Myanmar,1867,31
Myanmar,1868,31.1
Myanmar,1869,31.1
Myanmar,1870,31.1
Myanmar,1871,31.1
Myanmar,1872,31.1
Myanmar,1873,31.1
Myanmar,1874,31.1
Myanmar,1875,31.1
Myanmar,1876,31.2
Myanmar,1877,31.2
Myanmar,1878,31.2
Myanmar,1879,31.2
Myanmar,1880,31.2
Myanmar,1881,31.2
Myanmar,1882,31.3
Myanmar,1883,31.3
Myanmar,1884,31.3
Myanmar,1885,31.3
Myanmar,1886,31.3
Myanmar,1887,31.3
Myanmar,1888,31.3
Myanmar,1889,31.4
Myanmar,1890,31.4
Myanmar,1891,31.4
Myanmar,1892,31.4
Myanmar,1893,31.4
Myanmar,1894,31.4
Myanmar,1895,31.4
Myanmar,1896,31.4
Myanmar,1897,31.5
Myanmar,1898,31.5
Myanmar,1899,31.5
Myanmar,1900,31.5
Myanmar,1901,31.5
Myanmar,1902,31.5
Myanmar,1903,31.6
Myanmar,1904,31.6
Myanmar,1905,31.6
Myanmar,1906,31.6
Myanmar,1907,31.6
Myanmar,1908,31.6
Myanmar,1909,31.6
Myanmar,1910,31.6
Myanmar,1911,31.7
Myanmar,1912,31.7
Myanmar,1913,31.7
Myanmar,1914,31.7
Myanmar,1915,31.7
Myanmar,1916,31.7
Myanmar,1917,31.7
Myanmar,1918,18.7
Myanmar,1919,31.8
Myanmar,1920,31.8
Myanmar,1921,31.8
Myanmar,1922,31.8
Myanmar,1923,31.8
Myanmar,1924,31.8
Myanmar,1925,31.9
Myanmar,1926,31.9
Myanmar,1927,31.9
Myanmar,1928,31.9
Myanmar,1929,31.9
Myanmar,1930,31.9
Myanmar,1931,31.9
Myanmar,1932,32
Myanmar,1933,32
Myanmar,1934,32
Myanmar,1935,32
Myanmar,1936,32
Myanmar,1937,32
Myanmar,1938,32
Myanmar,1939,32
Myanmar,1940,32.1
Myanmar,1941,32.1
Myanmar,1942,29.1
Myanmar,1943,29.6
Myanmar,1944,29.2
Myanmar,1945,29.1
Myanmar,1946,30.1
Myanmar,1947,31
Myanmar,1948,32
Myanmar,1949,33.3
Myanmar,1950,34.6
Myanmar,1951,35.4
Myanmar,1952,35.8
Myanmar,1953,36.1
Myanmar,1954,36.3
Myanmar,1955,36.6
Myanmar,1956,37.1
Myanmar,1957,37.4
Myanmar,1958,37.8
Myanmar,1959,38.2
Myanmar,1960,38.7
Myanmar,1961,39.1
Myanmar,1962,39.6
Myanmar,1963,40.1
Myanmar,1964,40.3
Myanmar,1965,40.8
Myanmar,1966,41.2
Myanmar,1967,41.5
Myanmar,1968,41.7
Myanmar,1969,42.2
Myanmar,1970,43.1
Myanmar,1971,44.2
Myanmar,1972,45
Myanmar,1973,45.7
Myanmar,1974,46.4
Myanmar,1975,47
Myanmar,1976,47.8
Myanmar,1977,48.5
Myanmar,1978,49.1
Myanmar,1979,50
Myanmar,1980,50.6
Myanmar,1981,51.1
Myanmar,1982,51.7
Myanmar,1983,52.3
Myanmar,1984,52.9
Myanmar,1985,53.4
Myanmar,1986,53.9
Myanmar,1987,54.3
Myanmar,1988,54.5
Myanmar,1989,55.1
Myanmar,1990,55.4
Myanmar,1991,55.6
Myanmar,1992,55.9
Myanmar,1993,56.3
Myanmar,1994,56.6
Myanmar,1995,57
Myanmar,1996,57.4
Myanmar,1997,57.7
Myanmar,1998,58.1
Myanmar,1999,58.5
Myanmar,2000,58.9
Myanmar,2001,59.4
Myanmar,2002,59.8
Myanmar,2003,60.3
Myanmar,2004,60.8
Myanmar,2005,61.4
Myanmar,2006,62
Myanmar,2007,62.6
Myanmar,2008,57.7
Myanmar,2009,64
Myanmar,2010,64.8
Myanmar,2011,65.4
Myanmar,2012,66.1
Myanmar,2013,66.7
Myanmar,2014,67.3
Myanmar,2015,67.7
Myanmar,2016,68.2
Myanmar,2017,68.3
Myanmar,2018,69.1
Myanmar,2019,69.5
Myanmar,2020,69.7
Myanmar,2021,68.5
Myanmar,2022,70.1
Myanmar,2023,70.3
Myanmar,2024,70.6
Montenegro,1800,35.4
Montenegro,1801,35.4
Montenegro,1802,35.4
Montenegro,1803,35.4
Montenegro,1804,35.4
Montenegro,1805,35.4
Montenegro,1806,35.4
Montenegro,1807,35.4
Montenegro,1808,35.4
Montenegro,1809,35.4
Montenegro,1810,35.4
Montenegro,1811,35.4
Montenegro,1812,35.4
Montenegro,1813,35.4
Montenegro,1814,35.4
Montenegro,1815,35.4
Montenegro,1816,35.4
Montenegro,1817,35.4
Montenegro,1818,35.4
Montenegro,1819,35.4
Montenegro,1820,35.4
Montenegro,1821,35.4
Montenegro,1822,35.4
Montenegro,1823,35.4
Montenegro,1824,35.4
Montenegro,1825,35.4
Montenegro,1826,35.4
Montenegro,1827,35.4
Montenegro,1828,35.4
Montenegro,1829,35.4
Montenegro,1830,35.4
Montenegro,1831,35.4
Montenegro,1832,35.4
Montenegro,1833,35.4
Montenegro,1834,35.4
Montenegro,1835,35.4
Montenegro,1836,35.4
Montenegro,1837,35.4
Montenegro,1838,35.4
Montenegro,1839,35.4
Montenegro,1840,35.4
Montenegro,1841,35.4
Montenegro,1842,35.4
Montenegro,1843,35.4
Montenegro,1844,35.4
Montenegro,1845,35.4
Montenegro,1846,35.4
Montenegro,1847,35.4
Montenegro,1848,35.4
Montenegro,1849,35.4
Montenegro,1850,35.4
Montenegro,1851,35.5
Montenegro,1852,35.5
Montenegro,1853,35.5
Montenegro,1854,35.6
Montenegro,1855,35.6
Montenegro,1856,35.7
Montenegro,1857,35.8
Montenegro,1858,35.8
Montenegro,1859,35.9
Montenegro,1860,35.9
Montenegro,1861,36
Montenegro,1862,36
Montenegro,1863,36
Montenegro,1864,36.1
Montenegro,1865,36.1
Montenegro,1866,36.2
Montenegro,1867,36.2
Montenegro,1868,36.3
Montenegro,1869,36.3
Montenegro,1870,36.4
Montenegro,1871,36.4
Montenegro,1872,36.5
Montenegro,1873,36.5
Montenegro,1874,36.6
Montenegro,1875,36.6
Montenegro,1876,36.7
Montenegro,1877,36.7
Montenegro,1878,36.8
Montenegro,1879,36.8
Montenegro,1880,36.9
Montenegro,1881,36.9
Montenegro,1882,37
Montenegro,1883,37
Montenegro,1884,37.1
Montenegro,1885,37.1
Montenegro,1886,37.2
Montenegro,1887,37.2
Montenegro,1888,37.3
Montenegro,1889,37.3
Montenegro,1890,37.4
Montenegro,1891,37.4
Montenegro,1892,37.5
Montenegro,1893,37.5
Montenegro,1894,37.6
Montenegro,1895,37.6
Montenegro,1896,37.7
Montenegro,1897,37.7
Montenegro,1898,37.8
Montenegro,1899,37.8
Montenegro,1900,37.9
Montenegro,1901,37.9
Montenegro,1902,38
Montenegro,1903,38
Montenegro,1904,38.1
Montenegro,1905,38.1
Montenegro,1906,38.2
Montenegro,1907,38.2
Montenegro,1908,38.3
Montenegro,1909,38.3
Montenegro,1910,38.4
Montenegro,1911,38.4
Montenegro,1912,38.5
Montenegro,1913,38.5
Montenegro,1914,38.6
Montenegro,1915,38.6
Montenegro,1916,38.7
Montenegro,1917,38.7
Montenegro,1918,21.3
Montenegro,1919,38.8
Montenegro,1920,38.9
Montenegro,1921,39.8
Montenegro,1922,40.7
Montenegro,1923,41.6
Montenegro,1924,42.6
Montenegro,1925,43.5
Montenegro,1926,44.4
Montenegro,1927,45.4
Montenegro,1928,46.3
Montenegro,1929,47.2
Montenegro,1930,48.2
Montenegro,1931,49.1
Montenegro,1932,50.1
Montenegro,1933,51
Montenegro,1934,52
Montenegro,1935,52.9
Montenegro,1936,53.9
Montenegro,1937,54.8
Montenegro,1938,55.8
Montenegro,1939,56.8
Montenegro,1940,57.7
Montenegro,1941,45.6
Montenegro,1942,42.3
Montenegro,1943,41
Montenegro,1944,39.3
Montenegro,1945,41.4
Montenegro,1946,52.2
Montenegro,1947,63.6
Montenegro,1948,65
Montenegro,1949,66.5
Montenegro,1950,67.5
Montenegro,1951,67.2
Montenegro,1952,68.2
Montenegro,1953,68.4
Montenegro,1954,68.9
Montenegro,1955,68.8
Montenegro,1956,69.1
Montenegro,1957,69.6
Montenegro,1958,70.5
Montenegro,1959,70.5
Montenegro,1960,70.8
Montenegro,1961,71.2
Montenegro,1962,71.1
Montenegro,1963,71.5
Montenegro,1964,71.8
Montenegro,1965,72.4
Montenegro,1966,73.2
Montenegro,1967,73.3
Montenegro,1968,73.5
Montenegro,1969,73.4
Montenegro,1970,73.7
Montenegro,1971,73.7
Montenegro,1972,73.8
Montenegro,1973,73.6
Montenegro,1974,73.4
Montenegro,1975,73.2
Montenegro,1976,73.2
Montenegro,1977,73.2
Montenegro,1978,73.2
Montenegro,1979,72.4
Montenegro,1980,73.6
Montenegro,1981,73.7
Montenegro,1982,73.3
Montenegro,1983,72.8
Montenegro,1984,72.8
Montenegro,1985,73
Montenegro,1986,73.3
Montenegro,1987,73.5
Montenegro,1988,73.8
Montenegro,1989,74.2
Montenegro,1990,74.7
Montenegro,1991,75
Montenegro,1992,75
Montenegro,1993,74.7
Montenegro,1994,74.4
Montenegro,1995,74.3
Montenegro,1996,74.1
Montenegro,1997,73.8
Montenegro,1998,73.7
Montenegro,1999,73.6
Montenegro,2000,73.7
Montenegro,2001,73.8
Montenegro,2002,73.9
Montenegro,2003,73.8
Montenegro,2004,73.8
Montenegro,2005,73.8
Montenegro,2006,73.9
Montenegro,2007,74.1
Montenegro,2008,74.3
Montenegro,2009,74.4
Montenegro,2010,74.7
Montenegro,2011,74.9
Montenegro,2012,75.2
Montenegro,2013,75.1
Montenegro,2014,75.2
Montenegro,2015,75.3
Montenegro,2016,75.4
Montenegro,2017,75.5
Montenegro,2018,75.6
Montenegro,2019,75.9
Montenegro,2020,75.1
Montenegro,2021,75.2
Montenegro,2022,75.7
Montenegro,2023,76.6
Montenegro,2024,76.8
Mongolia,1800,31.8
Mongolia,1801,31.8
Mongolia,1802,31.8
Mongolia,1803,31.8
Mongolia,1804,31.8
Mongolia,1805,31.8
Mongolia,1806,31.8
Mongolia,1807,31.8
Mongolia,1808,31.8
Mongolia,1809,31.8
Mongolia,1810,31.8
Mongolia,1811,31.8
Mongolia,1812,31.8
Mongolia,1813,31.8
Mongolia,1814,31.8
Mongolia,1815,31.8
Mongolia,1816,31.8
Mongolia,1817,31.8
Mongolia,1818,31.8
Mongolia,1819,31.8
Mongolia,1820,31.8
Mongolia,1821,31.8
Mongolia,1822,31.8
Mongolia,1823,31.8
Mongolia,1824,31.8
Mongolia,1825,31.8
Mongolia,1826,31.8
Mongolia,1827,31.8
Mongolia,1828,31.8
Mongolia,1829,31.8
Mongolia,1830,31.8
Mongolia,1831,31.8
Mongolia,1832,31.8
Mongolia,1833,31.8
Mongolia,1834,31.8
Mongolia,1835,31.8
Mongolia,1836,31.8
Mongolia,1837,31.8
Mongolia,1838,31.8
Mongolia,1839,31.8
Mongolia,1840,31.8
Mongolia,1841,31.8
Mongolia,1842,31.8
Mongolia,1843,31.8
Mongolia,1844,31.8
Mongolia,1845,31.8
Mongolia,1846,31.8
Mongolia,1847,31.8
Mongolia,1848,31.8
Mongolia,1849,31.8
Mongolia,1850,31.8
Mongolia,1851,31.8
Mongolia,1852,31.7
Mongolia,1853,31.7
Mongolia,1854,31.7
Mongolia,1855,31.6
Mongolia,1856,31.6
Mongolia,1857,31.6
Mongolia,1858,31.6
Mongolia,1859,31.5
Mongolia,1860,31.5
Mongolia,1861,31.5
Mongolia,1862,31.4
Mongolia,1863,31.4
Mongolia,1864,31.4
Mongolia,1865,31.4
Mongolia,1866,31.3
Mongolia,1867,31.3
Mongolia,1868,31.3
Mongolia,1869,31.2
Mongolia,1870,31.2
Mongolia,1871,31.2
Mongolia,1872,31.1
Mongolia,1873,31.1
Mongolia,1874,31.1
Mongolia,1875,31.1
Mongolia,1876,31
Mongolia,1877,31
Mongolia,1878,31
Mongolia,1879,30.9
Mongolia,1880,30.9
Mongolia,1881,30.9
Mongolia,1882,30.8
Mongolia,1883,30.8
Mongolia,1884,30.8
Mongolia,1885,30.8
Mongolia,1886,30.7
Mongolia,1887,30.7
Mongolia,1888,30.7
Mongolia,1889,30.6
Mongolia,1890,30.6
Mongolia,1891,30.6
Mongolia,1892,30.5
Mongolia,1893,30.5
Mongolia,1894,30.5
Mongolia,1895,30.4
Mongolia,1896,30.4
Mongolia,1897,30.4
Mongolia,1898,30.4
Mongolia,1899,30.3
Mongolia,1900,30.3
Mongolia,1901,30.3
Mongolia,1902,30.2
Mongolia,1903,30.2
Mongolia,1904,30.2
Mongolia,1905,30.1
Mongolia,1906,30.1
Mongolia,1907,30.1
Mongolia,1908,30.1
Mongolia,1909,30
Mongolia,1910,30
Mongolia,1911,30
Mongolia,1912,29.9
Mongolia,1913,29.9
Mongolia,1914,29.9
Mongolia,1915,29.9
Mongolia,1916,29.8
Mongolia,1917,29.8
Mongolia,1918,19.1
Mongolia,1919,29.7
Mongolia,1920,29.7
Mongolia,1921,29.7
Mongolia,1922,29.6
Mongolia,1923,29.6
Mongolia,1924,29.6
Mongolia,1925,29.6
Mongolia,1926,29.5
Mongolia,1927,29.5
Mongolia,1928,29.5
Mongolia,1929,29.4
Mongolia,1930,29.4
Mongolia,1931,29.4
Mongolia,1932,29.4
Mongolia,1933,29.3
Mongolia,1934,29.3
Mongolia,1935,29.3
Mongolia,1936,29.2
Mongolia,1937,29.2
Mongolia,1938,29.2
Mongolia,1939,29.1
Mongolia,1940,29.1
Mongolia,1941,29.1
Mongolia,1942,29.1
Mongolia,1943,29.1
Mongolia,1944,29.1
Mongolia,1945,29.1
Mongolia,1946,31.1
Mongolia,1947,33
Mongolia,1948,35
Mongolia,1949,37
Mongolia,1950,38.9
Mongolia,1951,39.3
Mongolia,1952,39.6
Mongolia,1953,40.1
Mongolia,1954,40.5
Mongolia,1955,41
Mongolia,1956,41.5
Mongolia,1957,40.4
Mongolia,1958,42.6
Mongolia,1959,43.3
Mongolia,1960,43.9
Mongolia,1961,44.5
Mongolia,1962,45.3
Mongolia,1963,46
Mongolia,1964,46.7
Mongolia,1965,47.7
Mongolia,1966,48
Mongolia,1967,48.8
Mongolia,1968,49.4
Mongolia,1969,50
Mongolia,1970,50.5
Mongolia,1971,51.5
Mongolia,1972,52.5
Mongolia,1973,53.5
Mongolia,1974,54.9
Mongolia,1975,55.6
Mongolia,1976,55.9
Mongolia,1977,56.3
Mongolia,1978,56.5
Mongolia,1979,56.9
Mongolia,1980,57.2
Mongolia,1981,57.7
Mongolia,1982,58
Mongolia,1983,58.3
Mongolia,1984,58.6
Mongolia,1985,58.9
Mongolia,1986,59.4
Mongolia,1987,59.9
Mongolia,1988,60
Mongolia,1989,60.2
Mongolia,1990,60.4
Mongolia,1991,60.4
Mongolia,1992,60.1
Mongolia,1993,59.8
Mongolia,1994,59.6
Mongolia,1995,59.5
Mongolia,1996,59.6
Mongolia,1997,60
Mongolia,1998,60.4
Mongolia,1999,60.7
Mongolia,2000,61
Mongolia,2001,61.3
Mongolia,2002,61.7
Mongolia,2003,62.1
Mongolia,2004,62.5
Mongolia,2005,62.9
Mongolia,2006,63.5
Mongolia,2007,64
Mongolia,2008,64.5
Mongolia,2009,64.8
Mongolia,2010,65.1
Mongolia,2011,65.5
Mongolia,2012,66.1
Mongolia,2013,66.6
Mongolia,2014,67.2
Mongolia,2015,67.7
Mongolia,2016,67.8
Mongolia,2017,67.9
Mongolia,2018,68
Mongolia,2019,68.1
Mongolia,2020,68.4
Mongolia,2021,67.3
Mongolia,2022,68.9
Mongolia,2023,69.1
Mongolia,2024,69.4
Mozambique,1800,30.3
Mozambique,1801,30.3
Mozambique,1802,30.3
Mozambique,1803,30.3
Mozambique,1804,30.3
Mozambique,1805,30.3
Mozambique,1806,30.3
Mozambique,1807,30.3
Mozambique,1808,30.3
Mozambique,1809,30.3
Mozambique,1810,30.3
Mozambique,1811,30.3
Mozambique,1812,30.3
Mozambique,1813,30.3
Mozambique,1814,30.3
Mozambique,1815,30.3
Mozambique,1816,30.3
Mozambique,1817,30.3
Mozambique,1818,30.3
Mozambique,1819,30.3
Mozambique,1820,30.3
Mozambique,1821,30.3
Mozambique,1822,30.3
Mozambique,1823,30.3
Mozambique,1824,30.3
Mozambique,1825,30.3
Mozambique,1826,30.3
Mozambique,1827,30.3
Mozambique,1828,30.3
Mozambique,1829,30.3
Mozambique,1830,30.3
Mozambique,1831,30.3
Mozambique,1832,30.3
Mozambique,1833,30.3
Mozambique,1834,30.3
Mozambique,1835,30.3
Mozambique,1836,30.3
Mozambique,1837,30.3
Mozambique,1838,30.3
Mozambique,1839,30.3
Mozambique,1840,30.3
Mozambique,1841,30.3
Mozambique,1842,30.3
Mozambique,1843,30.3
Mozambique,1844,30.3
Mozambique,1845,30.3
Mozambique,1846,30.3
Mozambique,1847,30.3
Mozambique,1848,30.3
Mozambique,1849,30.3
Mozambique,1850,30.3
Mozambique,1851,30.4
Mozambique,1852,30.5
Mozambique,1853,30.6
Mozambique,1854,30.7
Mozambique,1855,30.8
Mozambique,1856,30.9
Mozambique,1857,31
Mozambique,1858,31.1
Mozambique,1859,31.2
Mozambique,1860,31.3
Mozambique,1861,31.4
Mozambique,1862,31.6
Mozambique,1863,31.6
Mozambique,1864,31.8
Mozambique,1865,31.9
Mozambique,1866,32
Mozambique,1867,32.1
Mozambique,1868,32.2
Mozambique,1869,32.3
Mozambique,1870,32.4
Mozambique,1871,32.5
Mozambique,1872,32.6
Mozambique,1873,32.7
Mozambique,1874,32.8
Mozambique,1875,32.9
Mozambique,1876,33
Mozambique,1877,33.1
Mozambique,1878,33.2
Mozambique,1879,33.4
Mozambique,1880,33.5
Mozambique,1881,33.6
Mozambique,1882,33.7
Mozambique,1883,33.8
Mozambique,1884,33.9
Mozambique,1885,34
Mozambique,1886,34.1
Mozambique,1887,34.2
Mozambique,1888,34.3
Mozambique,1889,34.4
Mozambique,1890,34.5
Mozambique,1891,34.6
Mozambique,1892,34.7
Mozambique,1893,34.8
Mozambique,1894,34.9
Mozambique,1895,35
Mozambique,1896,35.1
Mozambique,1897,35.3
Mozambique,1898,35.4
Mozambique,1899,35.5
Mozambique,1900,35.6
Mozambique,1901,35.7
Mozambique,1902,35.8
Mozambique,1903,35.9
Mozambique,1904,36
Mozambique,1905,36.1
Mozambique,1906,36.2
Mozambique,1907,36.3
Mozambique,1908,36.4
Mozambique,1909,36.5
Mozambique,1910,36.6
Mozambique,1911,36.7
Mozambique,1912,36.8
Mozambique,1913,36.9
Mozambique,1914,37
Mozambique,1915,37.1
Mozambique,1916,37.3
Mozambique,1917,37.4
Mozambique,1918,14.5
Mozambique,1919,37.6
Mozambique,1920,37.7
Mozambique,1921,37.8
Mozambique,1922,37.9
Mozambique,1923,38
Mozambique,1924,38.1
Mozambique,1925,38.2
Mozambique,1926,38.3
Mozambique,1927,38.4
Mozambique,1928,38.5
Mozambique,1929,38.6
Mozambique,1930,38.7
Mozambique,1931,38.8
Mozambique,1932,39
Mozambique,1933,39.1
Mozambique,1934,39.2
Mozambique,1935,39.3
Mozambique,1936,39.4
Mozambique,1937,39.5
Mozambique,1938,39.6
Mozambique,1939,39.7
Mozambique,1940,39.8
Mozambique,1941,40.1
Mozambique,1942,40.4
Mozambique,1943,40.7
Mozambique,1944,41.1
Mozambique,1945,41.4
Mozambique,1946,41.7
Mozambique,1947,42
Mozambique,1948,42.3
Mozambique,1949,42.6
Mozambique,1950,43
Mozambique,1951,43.1
Mozambique,1952,43.3
Mozambique,1953,43.5
Mozambique,1954,43.7
Mozambique,1955,44
Mozambique,1956,44.1
Mozambique,1957,44.3
Mozambique,1958,44.6
Mozambique,1959,44.8
Mozambique,1960,45.1
Mozambique,1961,45.4
Mozambique,1962,45.6
Mozambique,1963,45.9
Mozambique,1964,45.7
Mozambique,1965,46
Mozambique,1966,46.2
Mozambique,1967,46.5
Mozambique,1968,46.9
Mozambique,1969,47.3
Mozambique,1970,47.6
Mozambique,1971,48
Mozambique,1972,48.3
Mozambique,1973,48.7
Mozambique,1974,49.2
Mozambique,1975,49.8
Mozambique,1976,49.9
Mozambique,1977,49.9
Mozambique,1978,50.1
Mozambique,1979,50.2
Mozambique,1980,50.5
Mozambique,1981,48
Mozambique,1982,48.2
Mozambique,1983,48.3
Mozambique,1984,45.8
Mozambique,1985,45.8
Mozambique,1986,47.6
Mozambique,1987,47.7
Mozambique,1988,51
Mozambique,1989,51.4
Mozambique,1990,51.6
Mozambique,1991,51.8
Mozambique,1992,52.1
Mozambique,1993,52.4
Mozambique,1994,52.6
Mozambique,1995,52.6
Mozambique,1996,52.6
Mozambique,1997,52.6
Mozambique,1998,52.6
Mozambique,1999,52.4
Mozambique,2000,52.2
Mozambique,2001,52.3
Mozambique,2002,52.2
Mozambique,2003,52.1
Mozambique,2004,52.1
Mozambique,2005,52.1
Mozambique,2006,52.3
Mozambique,2007,52.8
Mozambique,2008,53.4
Mozambique,2009,53.5
Mozambique,2010,53.5
Mozambique,2011,53.6
Mozambique,2012,53.6
Mozambique,2013,54
Mozambique,2014,54.9
Mozambique,2015,55.8
Mozambique,2016,56.6
Mozambique,2017,57.3
Mozambique,2018,57.9
Mozambique,2019,58.4
Mozambique,2020,58.4
Mozambique,2021,56.6
Mozambique,2022,56.9
Mozambique,2023,59.5
Mozambique,2024,59.8
Mauritania,1800,32
Mauritania,1801,32
Mauritania,1802,32
Mauritania,1803,32
Mauritania,1804,32
Mauritania,1805,32
Mauritania,1806,32
Mauritania,1807,32
Mauritania,1808,32
Mauritania,1809,32
Mauritania,1810,32
Mauritania,1811,32
Mauritania,1812,32
Mauritania,1813,32
Mauritania,1814,32
Mauritania,1815,32
Mauritania,1816,32
Mauritania,1817,32
Mauritania,1818,32
Mauritania,1819,32
Mauritania,1820,32
Mauritania,1821,32
Mauritania,1822,32
Mauritania,1823,32
Mauritania,1824,32
Mauritania,1825,32
Mauritania,1826,32
Mauritania,1827,32
Mauritania,1828,32
Mauritania,1829,32
Mauritania,1830,32
Mauritania,1831,32
Mauritania,1832,32
Mauritania,1833,32
Mauritania,1834,32
Mauritania,1835,32
Mauritania,1836,32
Mauritania,1837,32
Mauritania,1838,32
Mauritania,1839,32
Mauritania,1840,32
Mauritania,1841,32
Mauritania,1842,32
Mauritania,1843,32
Mauritania,1844,32
Mauritania,1845,32
Mauritania,1846,32
Mauritania,1847,32
Mauritania,1848,32
Mauritania,1849,32
Mauritania,1850,32
Mauritania,1851,32.1
Mauritania,1852,32.2
Mauritania,1853,32.3
Mauritania,1854,32.3
Mauritania,1855,32.4
Mauritania,1856,32.5
Mauritania,1857,32.6
Mauritania,1858,32.7
Mauritania,1859,32.8
Mauritania,1860,32.8
Mauritania,1861,32.9
Mauritania,1862,33
Mauritania,1863,33.1
Mauritania,1864,33.2
Mauritania,1865,33.3
Mauritania,1866,33.4
Mauritania,1867,33.4
Mauritania,1868,33.5
Mauritania,1869,33.6
Mauritania,1870,33.7
Mauritania,1871,33.8
Mauritania,1872,33.9
Mauritania,1873,33.9
Mauritania,1874,34
Mauritania,1875,34.1
Mauritania,1876,34.2
Mauritania,1877,34.3
Mauritania,1878,34.4
Mauritania,1879,34.5
Mauritania,1880,34.5
Mauritania,1881,34.6
Mauritania,1882,34.7
Mauritania,1883,34.8
Mauritania,1884,34.9
Mauritania,1885,35
Mauritania,1886,35
Mauritania,1887,35.1
Mauritania,1888,35.2
Mauritania,1889,35.3
Mauritania,1890,35.4
Mauritania,1891,35.5
Mauritania,1892,35.5
Mauritania,1893,35.6
Mauritania,1894,35.7
Mauritania,1895,35.8
Mauritania,1896,35.9
Mauritania,1897,36
Mauritania,1898,36.1
Mauritania,1899,36.1
Mauritania,1900,36.2
Mauritania,1901,36.3
Mauritania,1902,36.4
Mauritania,1903,36.5
Mauritania,1904,36.6
Mauritania,1905,36.6
Mauritania,1906,36.7
Mauritania,1907,36.8
Mauritania,1908,36.9
Mauritania,1909,37
Mauritania,1910,37.1
Mauritania,1911,37.1
Mauritania,1912,37.2
Mauritania,1913,37.3
Mauritania,1914,37.4
Mauritania,1915,37.5
Mauritania,1916,37.6
Mauritania,1917,37.7
Mauritania,1918,14.6
Mauritania,1919,37.8
Mauritania,1920,37.9
Mauritania,1921,38
Mauritania,1922,38.1
Mauritania,1923,38.2
Mauritania,1924,38.3
Mauritania,1925,38.3
Mauritania,1926,38.4
Mauritania,1927,38.5
Mauritania,1928,38.6
Mauritania,1929,38.7
Mauritania,1930,38.8
Mauritania,1931,38.8
Mauritania,1932,38.9
Mauritania,1933,39
Mauritania,1934,39.1
Mauritania,1935,39.2
Mauritania,1936,39.3
Mauritania,1937,39.4
Mauritania,1938,39.4
Mauritania,1939,39.5
Mauritania,1940,39.6
Mauritania,1941,39.7
Mauritania,1942,39.8
Mauritania,1943,39.9
Mauritania,1944,40
Mauritania,1945,40.2
Mauritania,1946,41.6
Mauritania,1947,43.1
Mauritania,1948,44.6
Mauritania,1949,46.1
Mauritania,1950,47.6
Mauritania,1951,47.9
Mauritania,1952,48.3
Mauritania,1953,48.7
Mauritania,1954,49.1
Mauritania,1955,49.5
Mauritania,1956,50
Mauritania,1957,49.8
Mauritania,1958,49.8
Mauritania,1959,50.3
Mauritania,1960,50.6
Mauritania,1961,51
Mauritania,1962,51.4
Mauritania,1963,51.7
Mauritania,1964,52.2
Mauritania,1965,52.8
Mauritania,1966,53.3
Mauritania,1967,53.8
Mauritania,1968,54.3
Mauritania,1969,54.7
Mauritania,1970,55
Mauritania,1971,55.2
Mauritania,1972,55.3
Mauritania,1973,55.4
Mauritania,1974,55.5
Mauritania,1975,54.9
Mauritania,1976,55.2
Mauritania,1977,55.5
Mauritania,1978,55.6
Mauritania,1979,56.6
Mauritania,1980,56.8
Mauritania,1981,57.1
Mauritania,1982,57.2
Mauritania,1983,57.4
Mauritania,1984,57.5
Mauritania,1985,57.8
Mauritania,1986,58.1
Mauritania,1987,58.4
Mauritania,1988,58.8
Mauritania,1989,59
Mauritania,1990,59.4
Mauritania,1991,59.9
Mauritania,1992,60.2
Mauritania,1993,60.6
Mauritania,1994,60.8
Mauritania,1995,61.3
Mauritania,1996,61.7
Mauritania,1997,62.2
Mauritania,1998,62.6
Mauritania,1999,63.1
Mauritania,2000,63.6
Mauritania,2001,64.1
Mauritania,2002,64.5
Mauritania,2003,65
Mauritania,2004,65.5
Mauritania,2005,65.8
Mauritania,2006,66.5
Mauritania,2007,66.9
Mauritania,2008,67.4
Mauritania,2009,67.8
Mauritania,2010,68.1
Mauritania,2011,68.4
Mauritania,2012,68.7
Mauritania,2013,69
Mauritania,2014,69.3
Mauritania,2015,69.6
Mauritania,2016,69.9
Mauritania,2017,70.2
Mauritania,2018,70.5
Mauritania,2019,70.8
Mauritania,2020,69.5
Mauritania,2021,69.3
Mauritania,2022,69.7
Mauritania,2023,70.5
Mauritania,2024,72
Mauritius,1800,28.7
Mauritius,1801,28.7
Mauritius,1802,28.7
Mauritius,1803,28.7
Mauritius,1804,28.7
Mauritius,1805,28.7
Mauritius,1806,28.7
Mauritius,1807,28.7
Mauritius,1808,28.7
Mauritius,1809,28.7
Mauritius,1810,28.7
Mauritius,1811,28.7
Mauritius,1812,28.7
Mauritius,1813,28.7
Mauritius,1814,28.7
Mauritius,1815,28.7
Mauritius,1816,28.7
Mauritius,1817,28.7
Mauritius,1818,28.7
Mauritius,1819,28.7
Mauritius,1820,28.7
Mauritius,1821,28.7
Mauritius,1822,28.7
Mauritius,1823,28.7
Mauritius,1824,28.7
Mauritius,1825,28.7
Mauritius,1826,28.7
Mauritius,1827,28.7
Mauritius,1828,28.7
Mauritius,1829,31.1
Mauritius,1830,33.4
Mauritius,1831,35.8
Mauritius,1832,31.3
Mauritius,1833,35.2
Mauritius,1834,32.7
Mauritius,1835,27.2
Mauritius,1836,31.6
Mauritius,1837,26.2
Mauritius,1838,31.9
Mauritius,1839,24.8
Mauritius,1840,32.5
Mauritius,1841,23
Mauritius,1842,22.4
Mauritius,1843,28.3
Mauritius,1844,15
Mauritius,1845,24.5
Mauritius,1846,30
Mauritius,1847,33.2
Mauritius,1848,36.2
Mauritius,1849,31.7
Mauritius,1850,31.1
Mauritius,1851,36.2
Mauritius,1852,34.5
Mauritius,1853,33
Mauritius,1854,7.53
Mauritius,1855,29.9
Mauritius,1856,17.7
Mauritius,1857,36.9
Mauritius,1858,34.7
Mauritius,1859,32
Mauritius,1860,31.3
Mauritius,1861,31.6
Mauritius,1862,22.9
Mauritius,1863,27.9
Mauritius,1864,28.4
Mauritius,1865,28.8
Mauritius,1866,29.9
Mauritius,1867,4.07
Mauritius,1868,13.9
Mauritius,1869,27
Mauritius,1870,40.1
Mauritius,1871,37.7
Mauritius,1872,36.3
Mauritius,1873,29.5
Mauritius,1874,33.4
Mauritius,1875,38.5
Mauritius,1876,35.8
Mauritius,1877,33.5
Mauritius,1878,36.1
Mauritius,1879,31.2
Mauritius,1880,35.2
Mauritius,1881,33.7
Mauritius,1882,28.9
Mauritius,1883,28.4
Mauritius,1884,32.7
Mauritius,1885,30.2
Mauritius,1886,34.6
Mauritius,1887,29.2
Mauritius,1888,33
Mauritius,1889,29.6
Mauritius,1890,29.3
Mauritius,1891,36.9
Mauritius,1892,29.2
Mauritius,1893,24.2
Mauritius,1894,34.9
Mauritius,1895,27.2
Mauritius,1896,23.2
Mauritius,1897,34.1
Mauritius,1898,32
Mauritius,1899,28.6
Mauritius,1900,27.7
Mauritius,1901,25.2
Mauritius,1902,30.3
Mauritius,1903,25.2
Mauritius,1904,32.2
Mauritius,1905,24.7
Mauritius,1906,25.1
Mauritius,1907,29.7
Mauritius,1908,25
Mauritius,1909,27.8
Mauritius,1910,30.8
Mauritius,1911,31.6
Mauritius,1912,26.8
Mauritius,1913,29.7
Mauritius,1914,32.6
Mauritius,1915,30.4
Mauritius,1916,34.9
Mauritius,1917,32.9
Mauritius,1918,31.7
Mauritius,1919,12.9
Mauritius,1920,33.5
Mauritius,1921,25.7
Mauritius,1922,30.6
Mauritius,1923,36.6
Mauritius,1924,37.6
Mauritius,1925,41.9
Mauritius,1926,40.4
Mauritius,1927,40.7
Mauritius,1928,37.1
Mauritius,1929,34.5
Mauritius,1930,30
Mauritius,1931,26.9
Mauritius,1932,32.5
Mauritius,1933,38.4
Mauritius,1934,40.3
Mauritius,1935,39.4
Mauritius,1936,39.5
Mauritius,1937,36.8
Mauritius,1938,35.6
Mauritius,1939,37.8
Mauritius,1940,40.8
Mauritius,1941,40.7
Mauritius,1942,36.5
Mauritius,1943,40.4
Mauritius,1944,39
Mauritius,1945,29.8
Mauritius,1946,36.3
Mauritius,1947,42.5
Mauritius,1948,46
Mauritius,1949,49.6
Mauritius,1950,53.1
Mauritius,1951,52.9
Mauritius,1952,52.7
Mauritius,1953,51.7
Mauritius,1954,52.8
Mauritius,1955,55.9
Mauritius,1956,57.1
Mauritius,1957,55.5
Mauritius,1958,57
Mauritius,1959,58.3
Mauritius,1960,58.1
Mauritius,1961,60.1
Mauritius,1962,61.3
Mauritius,1963,61.1
Mauritius,1964,62.3
Mauritius,1965,62.5
Mauritius,1966,62.3
Mauritius,1967,62.1
Mauritius,1968,61.3
Mauritius,1969,62.7
Mauritius,1970,63.7
Mauritius,1971,64
Mauritius,1972,63.7
Mauritius,1973,63.9
Mauritius,1974,65.1
Mauritius,1975,64
Mauritius,1976,64.9
Mauritius,1977,65
Mauritius,1978,66.4
Mauritius,1979,66.5
Mauritius,1980,67.2
Mauritius,1981,67.6
Mauritius,1982,68.5
Mauritius,1983,68.8
Mauritius,1984,69.1
Mauritius,1985,68.8
Mauritius,1986,69.2
Mauritius,1987,69.5
Mauritius,1988,69.7
Mauritius,1989,69.9
Mauritius,1990,70.2
Mauritius,1991,70.8
Mauritius,1992,70.8
Mauritius,1993,70.7
Mauritius,1994,70.8
Mauritius,1995,71.1
Mauritius,1996,71.2
Mauritius,1997,71.1
Mauritius,1998,71.8
Mauritius,1999,71.9
Mauritius,2000,72.3
Mauritius,2001,72.6
Mauritius,2002,72.7
Mauritius,2003,72.9
Mauritius,2004,73.2
Mauritius,2005,73.2
Mauritius,2006,73.3
Mauritius,2007,73.8
Mauritius,2008,73.7
Mauritius,2009,73.8
Mauritius,2010,74.2
Mauritius,2011,74.6
Mauritius,2012,74.7
Mauritius,2013,75.1
Mauritius,2014,75
Mauritius,2015,75.2
Mauritius,2016,75.2
Mauritius,2017,75.3
Mauritius,2018,75.3
Mauritius,2019,75.5
Mauritius,2020,74.7
Mauritius,2021,73.9
Mauritius,2022,74.3
Mauritius,2023,76
Mauritius,2024,76.2
Malawi,1800,30.3
Malawi,1801,30.3
Malawi,1802,30.3
Malawi,1803,30.3
Malawi,1804,30.3
Malawi,1805,30.3
Malawi,1806,30.3
Malawi,1807,30.3
Malawi,1808,30.3
Malawi,1809,30.3
Malawi,1810,30.3
Malawi,1811,30.3
Malawi,1812,30.3
Malawi,1813,30.3
Malawi,1814,30.3
Malawi,1815,30.3
Malawi,1816,30.3
Malawi,1817,30.3
Malawi,1818,30.3
Malawi,1819,30.3
Malawi,1820,30.3
Malawi,1821,30.3
Malawi,1822,30.3
Malawi,1823,30.3
Malawi,1824,30.3
Malawi,1825,30.3
Malawi,1826,30.3
Malawi,1827,30.3
Malawi,1828,30.3
Malawi,1829,30.3
Malawi,1830,30.3
Malawi,1831,30.3
Malawi,1832,30.3
Malawi,1833,30.3
Malawi,1834,30.3
Malawi,1835,30.3
Malawi,1836,30.3
Malawi,1837,30.3
Malawi,1838,30.3
Malawi,1839,30.3
Malawi,1840,30.3
Malawi,1841,30.3
Malawi,1842,30.3
Malawi,1843,30.3
Malawi,1844,30.3
Malawi,1845,30.3
Malawi,1846,30.3
Malawi,1847,30.3
Malawi,1848,30.3
Malawi,1849,30.3
Malawi,1850,30.3
Malawi,1851,30.3
Malawi,1852,30.3
Malawi,1853,30.3
Malawi,1854,30.2
Malawi,1855,30.2
Malawi,1856,30.2
Malawi,1857,30.2
Malawi,1858,30.2
Malawi,1859,30.1
Malawi,1860,30.1
Malawi,1861,30.1
Malawi,1862,30.1
Malawi,1863,30.1
Malawi,1864,30.1
Malawi,1865,30.1
Malawi,1866,30
Malawi,1867,30
Malawi,1868,30
Malawi,1869,30
Malawi,1870,30
Malawi,1871,29.9
Malawi,1872,29.9
Malawi,1873,29.9
Malawi,1874,29.9
Malawi,1875,29.9
Malawi,1876,29.9
Malawi,1877,29.9
Malawi,1878,29.8
Malawi,1879,29.8
Malawi,1880,29.8
Malawi,1881,29.8
Malawi,1882,29.8
Malawi,1883,29.8
Malawi,1884,29.7
Malawi,1885,29.7
Malawi,1886,29.7
Malawi,1887,29.7
Malawi,1888,29.7
Malawi,1889,29.6
Malawi,1890,29.6
Malawi,1891,29.6
Malawi,1892,29.6
Malawi,1893,29.6
Malawi,1894,29.6
Malawi,1895,29.6
Malawi,1896,29.5
Malawi,1897,29.5
Malawi,1898,29.5
Malawi,1899,29.5
Malawi,1900,29.5
Malawi,1901,29.4
Malawi,1902,29.4
Malawi,1903,29.4
Malawi,1904,29.4
Malawi,1905,29.4
Malawi,1906,29.4
Malawi,1907,29.4
Malawi,1908,29.3
Malawi,1909,29.3
Malawi,1910,29.3
Malawi,1911,29.3
Malawi,1912,29.3
Malawi,1913,29.3
Malawi,1914,29.2
Malawi,1915,29.2
Malawi,1916,29.2
Malawi,1917,29.2
Malawi,1918,11.3
Malawi,1919,29.2
Malawi,1920,29.1
Malawi,1921,29.1
Malawi,1922,29.1
Malawi,1923,29.1
Malawi,1924,29.1
Malawi,1925,29.1
Malawi,1926,29
Malawi,1927,29
Malawi,1928,29
Malawi,1929,29
Malawi,1930,29
Malawi,1931,29
Malawi,1932,28.9
Malawi,1933,28.9
Malawi,1934,28.9
Malawi,1935,28.9
Malawi,1936,28.9
Malawi,1937,28.9
Malawi,1938,28.8
Malawi,1939,28.8
Malawi,1940,28.8
Malawi,1941,28.8
Malawi,1942,28.8
Malawi,1943,28.9
Malawi,1944,28.9
Malawi,1945,28.9
Malawi,1946,30
Malawi,1947,31.1
Malawi,1948,32.2
Malawi,1949,33.3
Malawi,1950,34.4
Malawi,1951,34.6
Malawi,1952,34.9
Malawi,1953,35.4
Malawi,1954,35.6
Malawi,1955,35.9
Malawi,1956,36.2
Malawi,1957,36.6
Malawi,1958,37
Malawi,1959,37.4
Malawi,1960,37.7
Malawi,1961,38.2
Malawi,1962,38.5
Malawi,1963,38.9
Malawi,1964,39.2
Malawi,1965,39.5
Malawi,1966,40.1
Malawi,1967,40.5
Malawi,1968,41
Malawi,1969,41.5
Malawi,1970,42
Malawi,1971,42.7
Malawi,1972,43.5
Malawi,1973,44.2
Malawi,1974,44.9
Malawi,1975,45.5
Malawi,1976,46.2
Malawi,1977,46.8
Malawi,1978,47.5
Malawi,1979,48.3
Malawi,1980,48.8
Malawi,1981,49.2
Malawi,1982,49.5
Malawi,1983,49.8
Malawi,1984,50
Malawi,1985,50.2
Malawi,1986,50.1
Malawi,1987,50.1
Malawi,1988,50
Malawi,1989,49.7
Malawi,1990,49.4
Malawi,1991,49
Malawi,1992,48.5
Malawi,1993,47.8
Malawi,1994,46.9
Malawi,1995,46.3
Malawi,1996,46
Malawi,1997,45.7
Malawi,1998,45.5
Malawi,1999,45.5
Malawi,2000,45.9
Malawi,2001,46.3
Malawi,2002,46.7
Malawi,2003,47.4
Malawi,2004,48
Malawi,2005,48.9
Malawi,2006,50.1
Malawi,2007,51.6
Malawi,2008,53.4
Malawi,2009,55
Malawi,2010,56.3
Malawi,2011,57.7
Malawi,2012,59.3
Malawi,2013,60.6
Malawi,2014,61.5
Malawi,2015,62
Malawi,2016,62.6
Malawi,2017,63.4
Malawi,2018,64.1
Malawi,2019,64.7
Malawi,2020,64.3
Malawi,2021,63.5
Malawi,2022,63.5
Malawi,2023,64.3
Malawi,2024,66
Malaysia,1800,30.6
Malaysia,1801,30.6
Malaysia,1802,30.6
Malaysia,1803,30.6
Malaysia,1804,30.6
Malaysia,1805,30.6
Malaysia,1806,30.6
Malaysia,1807,30.6
Malaysia,1808,30.6
Malaysia,1809,30.6
Malaysia,1810,30.6
Malaysia,1811,30.6
Malaysia,1812,30.6
Malaysia,1813,30.6
Malaysia,1814,30.6
Malaysia,1815,30.6
Malaysia,1816,30.6
Malaysia,1817,30.6
Malaysia,1818,30.6
Malaysia,1819,30.6
Malaysia,1820,30.6
Malaysia,1821,30.6
Malaysia,1822,30.6
Malaysia,1823,30.6
Malaysia,1824,30.6
Malaysia,1825,30.6
Malaysia,1826,30.6
Malaysia,1827,30.6
Malaysia,1828,30.6
Malaysia,1829,30.6
Malaysia,1830,30.6
Malaysia,1831,30.6
Malaysia,1832,30.6
Malaysia,1833,30.6
Malaysia,1834,30.6
Malaysia,1835,30.6
Malaysia,1836,30.6
Malaysia,1837,30.6
Malaysia,1838,30.6
Malaysia,1839,30.6
Malaysia,1840,30.6
Malaysia,1841,30.6
Malaysia,1842,30.6
Malaysia,1843,30.6
Malaysia,1844,30.6
Malaysia,1845,30.6
Malaysia,1846,30.6
Malaysia,1847,30.6
Malaysia,1848,30.6
Malaysia,1849,30.6
Malaysia,1850,30.6
Malaysia,1851,30.6
Malaysia,1852,30.6
Malaysia,1853,30.6
Malaysia,1854,30.6
Malaysia,1855,30.6
Malaysia,1856,30.6
Malaysia,1857,30.6
Malaysia,1858,30.6
Malaysia,1859,30.6
Malaysia,1860,30.6
Malaysia,1861,30.6
Malaysia,1862,30.6
Malaysia,1863,30.6
Malaysia,1864,30.6
Malaysia,1865,30.6
Malaysia,1866,30.6
Malaysia,1867,30.6
Malaysia,1868,30.6
Malaysia,1869,30.6
Malaysia,1870,30.6
Malaysia,1871,30.6
Malaysia,1872,30.6
Malaysia,1873,30.6
Malaysia,1874,30.6
Malaysia,1875,30.6
Malaysia,1876,30.6
Malaysia,1877,30.6
Malaysia,1878,30.6
Malaysia,1879,30.6
Malaysia,1880,30.6
Malaysia,1881,30.6
Malaysia,1882,30.6
Malaysia,1883,30.6
Malaysia,1884,30.6
Malaysia,1885,30.6
Malaysia,1886,30.6
Malaysia,1887,30.6
Malaysia,1888,30.6
Malaysia,1889,30.6
Malaysia,1890,30.6
Malaysia,1891,30.6
Malaysia,1892,30.6
Malaysia,1893,30.6
Malaysia,1894,30.6
Malaysia,1895,30.6
Malaysia,1896,30.6
Malaysia,1897,30.6
Malaysia,1898,30.6
Malaysia,1899,30.6
Malaysia,1900,30.6
Malaysia,1901,30.6
Malaysia,1902,30.6
Malaysia,1903,30.6
Malaysia,1904,30.6
Malaysia,1905,30.6
Malaysia,1906,30.5
Malaysia,1907,30.5
Malaysia,1908,30.5
Malaysia,1909,30.5
Malaysia,1910,30.5
Malaysia,1911,30.5
Malaysia,1912,30.5
Malaysia,1913,30.5
Malaysia,1914,30.5
Malaysia,1915,30.5
Malaysia,1916,30.5
Malaysia,1917,30.5
Malaysia,1918,19.6
Malaysia,1919,30.5
Malaysia,1920,30.5
Malaysia,1921,30.5
Malaysia,1922,30.5
Malaysia,1923,30.5
Malaysia,1924,30.5
Malaysia,1925,30.5
Malaysia,1926,30.5
Malaysia,1927,30.5
Malaysia,1928,30.5
Malaysia,1929,30.5
Malaysia,1930,30.5
Malaysia,1931,31.7
Malaysia,1932,32.8
Malaysia,1933,33.9
Malaysia,1934,35.1
Malaysia,1935,36.2
Malaysia,1936,37.4
Malaysia,1937,38.5
Malaysia,1938,39.6
Malaysia,1939,40.8
Malaysia,1940,41.9
Malaysia,1941,41.7
Malaysia,1942,36
Malaysia,1943,38.4
Malaysia,1944,38.3
Malaysia,1945,38.1
Malaysia,1946,45
Malaysia,1947,48
Malaysia,1948,50.5
Malaysia,1949,52
Malaysia,1950,53.5
Malaysia,1951,53.6
Malaysia,1952,54.3
Malaysia,1953,56.1
Malaysia,1954,57.1
Malaysia,1955,58.9
Malaysia,1956,59.5
Malaysia,1957,58.8
Malaysia,1958,61.1
Malaysia,1959,63.6
Malaysia,1960,62.8
Malaysia,1961,63.5
Malaysia,1962,63.2
Malaysia,1963,63.9
Malaysia,1964,65.5
Malaysia,1965,65.5
Malaysia,1966,66.7
Malaysia,1967,66.1
Malaysia,1968,66
Malaysia,1969,66.5
Malaysia,1970,67.3
Malaysia,1971,67.4
Malaysia,1972,67.9
Malaysia,1973,68.1
Malaysia,1974,67.9
Malaysia,1975,67.5
Malaysia,1976,67.6
Malaysia,1977,67.7
Malaysia,1978,69.8
Malaysia,1979,70.3
Malaysia,1980,70.5
Malaysia,1981,70.3
Malaysia,1982,70.2
Malaysia,1983,70
Malaysia,1984,70
Malaysia,1985,70
Malaysia,1986,70.7
Malaysia,1987,71
Malaysia,1988,71.2
Malaysia,1989,71.6
Malaysia,1990,71.9
Malaysia,1991,72.2
Malaysia,1992,72.4
Malaysia,1993,72.3
Malaysia,1994,72.2
Malaysia,1995,71.8
Malaysia,1996,72.2
Malaysia,1997,72.5
Malaysia,1998,72.9
Malaysia,1999,72.1
Malaysia,2000,73
Malaysia,2001,73.3
Malaysia,2002,73.5
Malaysia,2003,73.5
Malaysia,2004,73.8
Malaysia,2005,74.1
Malaysia,2006,74.4
Malaysia,2007,74.5
Malaysia,2008,74.3
Malaysia,2009,74.2
Malaysia,2010,74.4
Malaysia,2011,74.6
Malaysia,2012,74.8
Malaysia,2013,75.3
Malaysia,2014,75.1
Malaysia,2015,75
Malaysia,2016,75
Malaysia,2017,75.1
Malaysia,2018,75.2
Malaysia,2019,75
Malaysia,2020,75.2
Malaysia,2021,74.2
Malaysia,2022,75.5
Malaysia,2023,75.7
Malaysia,2024,75.9
Namibia,1800,32.4
Namibia,1801,32.4
Namibia,1802,32.4
Namibia,1803,32.4
Namibia,1804,32.4
Namibia,1805,32.4
Namibia,1806,32.4
Namibia,1807,32.4
Namibia,1808,32.4
Namibia,1809,32.4
Namibia,1810,32.4
Namibia,1811,32.4
Namibia,1812,32.4
Namibia,1813,32.4
Namibia,1814,32.4
Namibia,1815,32.4
Namibia,1816,32.4
Namibia,1817,32.4
Namibia,1818,32.4
Namibia,1819,32.4
Namibia,1820,32.4
Namibia,1821,32.4
Namibia,1822,32.4
Namibia,1823,32.4
Namibia,1824,32.4
Namibia,1825,32.4
Namibia,1826,32.4
Namibia,1827,32.4
Namibia,1828,32.4
Namibia,1829,32.4
Namibia,1830,32.4
Namibia,1831,32.4
Namibia,1832,32.4
Namibia,1833,32.4
Namibia,1834,32.4
Namibia,1835,32.4
Namibia,1836,32.4
Namibia,1837,32.4
Namibia,1838,32.4
Namibia,1839,32.4
Namibia,1840,32.4
Namibia,1841,32.4
Namibia,1842,32.4
Namibia,1843,32.4
Namibia,1844,32.4
Namibia,1845,32.4
Namibia,1846,32.4
Namibia,1847,32.4
Namibia,1848,32.4
Namibia,1849,32.4
Namibia,1850,32.4
Namibia,1851,32.5
Namibia,1852,32.6
Namibia,1853,32.8
Namibia,1854,32.9
Namibia,1855,33
Namibia,1856,33.1
Namibia,1857,33.2
Namibia,1858,33.3
Namibia,1859,33.5
Namibia,1860,33.6
Namibia,1861,33.7
Namibia,1862,33.8
Namibia,1863,33.9
Namibia,1864,34
Namibia,1865,34.1
Namibia,1866,34.3
Namibia,1867,34.4
Namibia,1868,34.5
Namibia,1869,34.6
Namibia,1870,34.7
Namibia,1871,34.8
Namibia,1872,35
Namibia,1873,35.1
Namibia,1874,35.2
Namibia,1875,35.3
Namibia,1876,35.4
Namibia,1877,35.5
Namibia,1878,35.7
Namibia,1879,35.8
Namibia,1880,35.9
Namibia,1881,36
Namibia,1882,36.1
Namibia,1883,36.2
Namibia,1884,36.4
Namibia,1885,36.5
Namibia,1886,36.6
Namibia,1887,36.7
Namibia,1888,36.8
Namibia,1889,36.9
Namibia,1890,37
Namibia,1891,37.2
Namibia,1892,37.3
Namibia,1893,37.4
Namibia,1894,37.5
Namibia,1895,37.6
Namibia,1896,37.8
Namibia,1897,37.9
Namibia,1898,38
Namibia,1899,38.1
Namibia,1900,38.2
Namibia,1901,38.3
Namibia,1902,38.5
Namibia,1903,34.5
Namibia,1904,5.97
Namibia,1905,12
Namibia,1906,24
Namibia,1907,32.5
Namibia,1908,39.1
Namibia,1909,39.3
Namibia,1910,39.4
Namibia,1911,39.5
Namibia,1912,39.6
Namibia,1913,39.7
Namibia,1914,39.8
Namibia,1915,40
Namibia,1916,40.1
Namibia,1917,40.2
Namibia,1918,15.6
Namibia,1919,40.4
Namibia,1920,40.5
Namibia,1921,40.7
Namibia,1922,40.8
Namibia,1923,40.9
Namibia,1924,41
Namibia,1925,41.1
Namibia,1926,41.2
Namibia,1927,41.4
Namibia,1928,41.5
Namibia,1929,41.6
Namibia,1930,41.7
Namibia,1931,41.8
Namibia,1932,41.9
Namibia,1933,42
Namibia,1934,42.2
Namibia,1935,42.3
Namibia,1936,42.4
Namibia,1937,42.5
Namibia,1938,42.6
Namibia,1939,42.8
Namibia,1940,42.9
Namibia,1941,44
Namibia,1942,45.2
Namibia,1943,46.4
Namibia,1944,47.6
Namibia,1945,48.8
Namibia,1946,50
Namibia,1947,51.2
Namibia,1948,52.4
Namibia,1949,53.6
Namibia,1950,54.8
Namibia,1951,54.9
Namibia,1952,55
Namibia,1953,55.2
Namibia,1954,55.3
Namibia,1955,55.4
Namibia,1956,55.5
Namibia,1957,55.6
Namibia,1958,55.7
Namibia,1959,55.9
Namibia,1960,56
Namibia,1961,56.2
Namibia,1962,56.4
Namibia,1963,56.7
Namibia,1964,57
Namibia,1965,57.4
Namibia,1966,56.9
Namibia,1967,57.2
Namibia,1968,57.5
Namibia,1969,57.7
Namibia,1970,57.9
Namibia,1971,58.1
Namibia,1972,58.3
Namibia,1973,58.4
Namibia,1974,58.6
Namibia,1975,58.8
Namibia,1976,58.9
Namibia,1977,59
Namibia,1978,59.1
Namibia,1979,59.1
Namibia,1980,58.9
Namibia,1981,59.1
Namibia,1982,59.4
Namibia,1983,59.7
Namibia,1984,60
Namibia,1985,60.2
Namibia,1986,60.7
Namibia,1987,61.1
Namibia,1988,61.1
Namibia,1989,62.3
Namibia,1990,62.4
Namibia,1991,62.4
Namibia,1992,62.3
Namibia,1993,62
Namibia,1994,61
Namibia,1995,60.3
Namibia,1996,59.2
Namibia,1997,58
Namibia,1998,56.5
Namibia,1999,55.2
Namibia,2000,53.9
Namibia,2001,53.1
Namibia,2002,52.5
Namibia,2003,52.1
Namibia,2004,52.4
Namibia,2005,53.5
Namibia,2006,55.3
Namibia,2007,57.4
Namibia,2008,59.2
Namibia,2009,60.1
Namibia,2010,60.9
Namibia,2011,61.9
Namibia,2012,62.9
Namibia,2013,63.3
Namibia,2014,63.3
Namibia,2015,63.5
Namibia,2016,63.7
Namibia,2017,64.1
Namibia,2018,64.7
Namibia,2019,65.2
Namibia,2020,65
Namibia,2021,61.3
Namibia,2022,60
Namibia,2023,61.6
Namibia,2024,66.3
Niger,1800,30.8
Niger,1801,30.8
Niger,1802,30.8
Niger,1803,30.8
Niger,1804,30.8
Niger,1805,30.8
Niger,1806,30.8
Niger,1807,30.8
Niger,1808,30.8
Niger,1809,30.8
Niger,1810,30.8
Niger,1811,30.8
Niger,1812,30.8
Niger,1813,30.8
Niger,1814,30.8
Niger,1815,30.8
Niger,1816,30.8
Niger,1817,30.8
Niger,1818,30.8
Niger,1819,30.8
Niger,1820,30.8
Niger,1821,30.8
Niger,1822,30.8
Niger,1823,30.8
Niger,1824,30.8
Niger,1825,30.8
Niger,1826,30.8
Niger,1827,30.8
Niger,1828,30.8
Niger,1829,30.8
Niger,1830,30.8
Niger,1831,30.8
Niger,1832,30.8
Niger,1833,30.8
Niger,1834,30.8
Niger,1835,30.8
Niger,1836,30.8
Niger,1837,30.8
Niger,1838,30.8
Niger,1839,30.8
Niger,1840,30.8
Niger,1841,30.8
Niger,1842,30.8
Niger,1843,30.8
Niger,1844,30.8
Niger,1845,30.8
Niger,1846,30.8
Niger,1847,30.8
Niger,1848,30.8
Niger,1849,30.8
Niger,1850,30.8
Niger,1851,30.8
Niger,1852,30.8
Niger,1853,30.9
Niger,1854,30.9
Niger,1855,30.9
Niger,1856,30.9
Niger,1857,30.9
Niger,1858,31
Niger,1859,31
Niger,1860,31
Niger,1861,31
Niger,1862,31
Niger,1863,31.1
Niger,1864,31.1
Niger,1865,31.1
Niger,1866,31.1
Niger,1867,31.1
Niger,1868,31.1
Niger,1869,31.2
Niger,1870,31.2
Niger,1871,31.2
Niger,1872,31.2
Niger,1873,31.3
Niger,1874,31.3
Niger,1875,31.3
Niger,1876,31.3
Niger,1877,31.3
Niger,1878,31.4
Niger,1879,31.4
Niger,1880,31.4
Niger,1881,31.4
Niger,1882,31.4
Niger,1883,31.4
Niger,1884,31.5
Niger,1885,31.5
Niger,1886,31.5
Niger,1887,31.5
Niger,1888,31.6
Niger,1889,31.6
Niger,1890,31.6
Niger,1891,31.6
Niger,1892,31.6
Niger,1893,31.6
Niger,1894,31.7
Niger,1895,31.7
Niger,1896,31.7
Niger,1897,31.7
Niger,1898,31.7
Niger,1899,31.8
Niger,1900,31.8
Niger,1901,31.8
Niger,1902,31.8
Niger,1903,31.8
Niger,1904,31.9
Niger,1905,31.9
Niger,1906,31.9
Niger,1907,31.9
Niger,1908,31.9
Niger,1909,32
Niger,1910,32
Niger,1911,32
Niger,1912,32
Niger,1913,32
Niger,1914,32.1
Niger,1915,32.1
Niger,1916,32.1
Niger,1917,32.1
Niger,1918,12.4
Niger,1919,32.1
Niger,1920,32.2
Niger,1921,32.2
Niger,1922,32.2
Niger,1923,32.2
Niger,1924,32.3
Niger,1925,32.3
Niger,1926,32.3
Niger,1927,32.3
Niger,1928,32.3
Niger,1929,32.4
Niger,1930,32.4
Niger,1931,32.4
Niger,1932,32.4
Niger,1933,32.4
Niger,1934,32.5
Niger,1935,32.5
Niger,1936,32.5
Niger,1937,32.5
Niger,1938,32.5
Niger,1939,32.5
Niger,1940,32.6
Niger,1941,32.6
Niger,1942,32.7
Niger,1943,32.8
Niger,1944,32.9
Niger,1945,33
Niger,1946,34
Niger,1947,34.9
Niger,1948,35.9
Niger,1949,36.8
Niger,1950,37.8
Niger,1951,37.7
Niger,1952,38
Niger,1953,38.5
Niger,1954,38.8
Niger,1955,39
Niger,1956,39.2
Niger,1957,39.4
Niger,1958,39.7
Niger,1959,40
Niger,1960,40.3
Niger,1961,40.6
Niger,1962,41
Niger,1963,41.5
Niger,1964,41.9
Niger,1965,42.3
Niger,1966,43.1
Niger,1967,42.4
Niger,1968,42.7
Niger,1969,42.8
Niger,1970,43
Niger,1971,42.8
Niger,1972,43
Niger,1973,43
Niger,1974,43
Niger,1975,43.1
Niger,1976,43.2
Niger,1977,43.4
Niger,1978,44
Niger,1979,44.4
Niger,1980,44.9
Niger,1981,45.1
Niger,1982,45.1
Niger,1983,45.3
Niger,1984,45.2
Niger,1985,45.5
Niger,1986,45.4
Niger,1987,45.8
Niger,1988,46.6
Niger,1989,46.9
Niger,1990,47.4
Niger,1991,47.4
Niger,1992,48
Niger,1993,48.2
Niger,1994,48.8
Niger,1995,48.6
Niger,1996,50
Niger,1997,50.5
Niger,1998,51.1
Niger,1999,51.5
Niger,2000,51.9
Niger,2001,52.3
Niger,2002,53.3
Niger,2003,53.7
Niger,2004,55
Niger,2005,55.6
Niger,2006,56.7
Niger,2007,57.2
Niger,2008,58.3
Niger,2009,58.7
Niger,2010,59
Niger,2011,59.3
Niger,2012,59.6
Niger,2013,60
Niger,2014,60.4
Niger,2015,60.6
Niger,2016,61.1
Niger,2017,61.5
Niger,2018,62
Niger,2019,62.5
Niger,2020,61.1
Niger,2021,61.2
Niger,2022,61.7
Niger,2023,62.5
Niger,2024,63.8
Nigeria,1800,30.4
Nigeria,1801,30.4
Nigeria,1802,30.4
Nigeria,1803,30.4
Nigeria,1804,30.4
Nigeria,1805,30.4
Nigeria,1806,30.4
Nigeria,1807,30.4
Nigeria,1808,30.4
Nigeria,1809,30.4
Nigeria,1810,30.4
Nigeria,1811,30.4
Nigeria,1812,30.4
Nigeria,1813,30.4
Nigeria,1814,30.4
Nigeria,1815,30.4
Nigeria,1816,30.4
Nigeria,1817,30.4
Nigeria,1818,30.4
Nigeria,1819,30.4
Nigeria,1820,30.4
Nigeria,1821,30.4
Nigeria,1822,30.4
Nigeria,1823,30.4
Nigeria,1824,30.4
Nigeria,1825,30.4
Nigeria,1826,30.4
Nigeria,1827,30.4
Nigeria,1828,30.4
Nigeria,1829,30.4
Nigeria,1830,30.4
Nigeria,1831,30.4
Nigeria,1832,30.4
Nigeria,1833,30.4
Nigeria,1834,30.4
Nigeria,1835,30.4
Nigeria,1836,30.4
Nigeria,1837,30.4
Nigeria,1838,30.4
Nigeria,1839,30.4
Nigeria,1840,30.4
Nigeria,1841,30.4
Nigeria,1842,30.4
Nigeria,1843,30.4
Nigeria,1844,30.4
Nigeria,1845,30.4
Nigeria,1846,30.4
Nigeria,1847,30.4
Nigeria,1848,30.4
Nigeria,1849,30.4
Nigeria,1850,30.4
Nigeria,1851,30.5
Nigeria,1852,30.6
Nigeria,1853,30.7
Nigeria,1854,30.7
Nigeria,1855,30.8
Nigeria,1856,30.9
Nigeria,1857,31
Nigeria,1858,31.1
Nigeria,1859,31.2
Nigeria,1860,31.3
Nigeria,1861,31.3
Nigeria,1862,31.4
Nigeria,1863,31.5
Nigeria,1864,31.6
Nigeria,1865,31.7
Nigeria,1866,31.8
Nigeria,1867,31.9
Nigeria,1868,31.9
Nigeria,1869,32
Nigeria,1870,32.1
Nigeria,1871,32.2
Nigeria,1872,32.3
Nigeria,1873,32.4
Nigeria,1874,32.5
Nigeria,1875,32.5
Nigeria,1876,32.6
Nigeria,1877,32.7
Nigeria,1878,32.8
Nigeria,1879,32.9
Nigeria,1880,33
Nigeria,1881,33
Nigeria,1882,33.1
Nigeria,1883,33.2
Nigeria,1884,33.3
Nigeria,1885,33.4
Nigeria,1886,33.5
Nigeria,1887,33.6
Nigeria,1888,33.6
Nigeria,1889,33.7
Nigeria,1890,33.8
Nigeria,1891,33.9
Nigeria,1892,34
Nigeria,1893,34.1
Nigeria,1894,34.2
Nigeria,1895,34.3
Nigeria,1896,34.3
Nigeria,1897,34.4
Nigeria,1898,34.5
Nigeria,1899,34.6
Nigeria,1900,34.7
Nigeria,1901,34.8
Nigeria,1902,34.9
Nigeria,1903,34.9
Nigeria,1904,35
Nigeria,1905,35.1
Nigeria,1906,35.2
Nigeria,1907,35.3
Nigeria,1908,35.4
Nigeria,1909,35.4
Nigeria,1910,35.5
Nigeria,1911,35.6
Nigeria,1912,35.7
Nigeria,1913,35.8
Nigeria,1914,35.9
Nigeria,1915,36
Nigeria,1916,36
Nigeria,1917,36.1
Nigeria,1918,17.1
Nigeria,1919,36.3
Nigeria,1920,36.4
Nigeria,1921,36.5
Nigeria,1922,36.6
Nigeria,1923,36.6
Nigeria,1924,36.7
Nigeria,1925,36.8
Nigeria,1926,36.9
Nigeria,1927,37
Nigeria,1928,37.1
Nigeria,1929,37.1
Nigeria,1930,37.2
Nigeria,1931,37.3
Nigeria,1932,37.4
Nigeria,1933,37.5
Nigeria,1934,37.6
Nigeria,1935,37.7
Nigeria,1936,37.8
Nigeria,1937,37.8
Nigeria,1938,37.9
Nigeria,1939,38
Nigeria,1940,38.1
Nigeria,1941,38.4
Nigeria,1942,38.7
Nigeria,1943,39
Nigeria,1944,39.3
Nigeria,1945,39.5
Nigeria,1946,40.6
Nigeria,1947,41.6
Nigeria,1948,42.7
Nigeria,1949,43.7
Nigeria,1950,44.8
Nigeria,1951,44.9
Nigeria,1952,45.2
Nigeria,1953,45.4
Nigeria,1954,45.6
Nigeria,1955,45.9
Nigeria,1956,46
Nigeria,1957,46.1
Nigeria,1958,46.3
Nigeria,1959,46.6
Nigeria,1960,46.8
Nigeria,1961,47.1
Nigeria,1962,47.3
Nigeria,1963,47.7
Nigeria,1964,47.9
Nigeria,1965,48.1
Nigeria,1966,48.4
Nigeria,1967,47.9
Nigeria,1968,47.5
Nigeria,1969,47.7
Nigeria,1970,49
Nigeria,1971,49.6
Nigeria,1972,50.2
Nigeria,1973,50.9
Nigeria,1974,51.5
Nigeria,1975,52
Nigeria,1976,52.4
Nigeria,1977,52.9
Nigeria,1978,53.3
Nigeria,1979,53.7
Nigeria,1980,54.1
Nigeria,1981,54.3
Nigeria,1982,54.5
Nigeria,1983,54.7
Nigeria,1984,54.8
Nigeria,1985,54.9
Nigeria,1986,54.8
Nigeria,1987,54.6
Nigeria,1988,54.6
Nigeria,1989,54.6
Nigeria,1990,54.7
Nigeria,1991,54.5
Nigeria,1992,54.7
Nigeria,1993,54.7
Nigeria,1994,54.7
Nigeria,1995,54.6
Nigeria,1996,54.4
Nigeria,1997,54.6
Nigeria,1998,54.6
Nigeria,1999,54.6
Nigeria,2000,54.6
Nigeria,2001,54.8
Nigeria,2002,55.1
Nigeria,2003,55.5
Nigeria,2004,56
Nigeria,2005,56.6
Nigeria,2006,57.2
Nigeria,2007,57.9
Nigeria,2008,58.5
Nigeria,2009,59
Nigeria,2010,59.6
Nigeria,2011,60.2
Nigeria,2012,60.7
Nigeria,2013,61.2
Nigeria,2014,61.6
Nigeria,2015,62.1
Nigeria,2016,62.7
Nigeria,2017,63.3
Nigeria,2018,63.8
Nigeria,2019,64.3
Nigeria,2020,64.3
Nigeria,2021,64
Nigeria,2022,65.2
Nigeria,2023,65.5
Nigeria,2024,65.8
Nicaragua,1800,25.4
Nicaragua,1801,25.4
Nicaragua,1802,25.4
Nicaragua,1803,25.4
Nicaragua,1804,25.4
Nicaragua,1805,25.4
Nicaragua,1806,25.4
Nicaragua,1807,25.4
Nicaragua,1808,25.4
Nicaragua,1809,25.4
Nicaragua,1810,25.4
Nicaragua,1811,25.4
Nicaragua,1812,25.4
Nicaragua,1813,25.4
Nicaragua,1814,25.4
Nicaragua,1815,25.4
Nicaragua,1816,25.4
Nicaragua,1817,25.4
Nicaragua,1818,25.4
Nicaragua,1819,25.4
Nicaragua,1820,25.4
Nicaragua,1821,25.4
Nicaragua,1822,25.4
Nicaragua,1823,25.4
Nicaragua,1824,25.4
Nicaragua,1825,25.4
Nicaragua,1826,25.4
Nicaragua,1827,25.4
Nicaragua,1828,25.4
Nicaragua,1829,25.4
Nicaragua,1830,25.4
Nicaragua,1831,25.4
Nicaragua,1832,25.4
Nicaragua,1833,25.4
Nicaragua,1834,25.4
Nicaragua,1835,25.4
Nicaragua,1836,25.4
Nicaragua,1837,25.4
Nicaragua,1838,25.4
Nicaragua,1839,25.4
Nicaragua,1840,25.4
Nicaragua,1841,25.4
Nicaragua,1842,25.4
Nicaragua,1843,25.4
Nicaragua,1844,25.4
Nicaragua,1845,25.4
Nicaragua,1846,25.4
Nicaragua,1847,25.4
Nicaragua,1848,25.4
Nicaragua,1849,25.4
Nicaragua,1850,25.4
Nicaragua,1851,25.4
Nicaragua,1852,25.5
Nicaragua,1853,25.5
Nicaragua,1854,25.5
Nicaragua,1855,25.5
Nicaragua,1856,25.6
Nicaragua,1857,25.6
Nicaragua,1858,25.6
Nicaragua,1859,25.7
Nicaragua,1860,25.7
Nicaragua,1861,25.7
Nicaragua,1862,25.7
Nicaragua,1863,25.8
Nicaragua,1864,25.8
Nicaragua,1865,25.8
Nicaragua,1866,25.9
Nicaragua,1867,25.9
Nicaragua,1868,25.9
Nicaragua,1869,25.9
Nicaragua,1870,26
Nicaragua,1871,26
Nicaragua,1872,26
Nicaragua,1873,26.1
Nicaragua,1874,26.1
Nicaragua,1875,26.1
Nicaragua,1876,26.1
Nicaragua,1877,26.2
Nicaragua,1878,26.2
Nicaragua,1879,26.2
Nicaragua,1880,26.3
Nicaragua,1881,26.3
Nicaragua,1882,26.3
Nicaragua,1883,26.3
Nicaragua,1884,26.4
Nicaragua,1885,26.4
Nicaragua,1886,26.4
Nicaragua,1887,26.4
Nicaragua,1888,26.5
Nicaragua,1889,26.5
Nicaragua,1890,26.5
Nicaragua,1891,26.6
Nicaragua,1892,26.6
Nicaragua,1893,26.6
Nicaragua,1894,26.6
Nicaragua,1895,26.7
Nicaragua,1896,26.7
Nicaragua,1897,26.7
Nicaragua,1898,26.8
Nicaragua,1899,26.8
Nicaragua,1900,26.8
Nicaragua,1901,26.9
Nicaragua,1902,26.9
Nicaragua,1903,26.9
Nicaragua,1904,26.9
Nicaragua,1905,27
Nicaragua,1906,27
Nicaragua,1907,27
Nicaragua,1908,27.1
Nicaragua,1909,27.1
Nicaragua,1910,27.1
Nicaragua,1911,27.1
Nicaragua,1912,27.2
Nicaragua,1913,27.2
Nicaragua,1914,27.2
Nicaragua,1915,27.2
Nicaragua,1916,27.3
Nicaragua,1917,27.1
Nicaragua,1918,24
Nicaragua,1919,26.7
Nicaragua,1920,26.5
Nicaragua,1921,26.3
Nicaragua,1922,26.9
Nicaragua,1923,27.5
Nicaragua,1924,28.1
Nicaragua,1925,28.7
Nicaragua,1926,29.3
Nicaragua,1927,29.9
Nicaragua,1928,30.5
Nicaragua,1929,31.1
Nicaragua,1930,31.7
Nicaragua,1931,32.4
Nicaragua,1932,33
Nicaragua,1933,33.6
Nicaragua,1934,34.2
Nicaragua,1935,34.8
Nicaragua,1936,35.5
Nicaragua,1937,36.1
Nicaragua,1938,36.7
Nicaragua,1939,37.3
Nicaragua,1940,37.9
Nicaragua,1941,38.9
Nicaragua,1942,39.9
Nicaragua,1943,40.8
Nicaragua,1944,41.8
Nicaragua,1945,42.8
Nicaragua,1946,43.8
Nicaragua,1947,44.7
Nicaragua,1948,45.7
Nicaragua,1949,46.7
Nicaragua,1950,47.7
Nicaragua,1951,48.4
Nicaragua,1952,49.7
Nicaragua,1953,50.7
Nicaragua,1954,51.6
Nicaragua,1955,52.3
Nicaragua,1956,53.1
Nicaragua,1957,53.2
Nicaragua,1958,53.6
Nicaragua,1959,53.3
Nicaragua,1960,53.6
Nicaragua,1961,55.4
Nicaragua,1962,56.1
Nicaragua,1963,56.5
Nicaragua,1964,56.8
Nicaragua,1965,57.2
Nicaragua,1966,57.3
Nicaragua,1967,57.3
Nicaragua,1968,56.5
Nicaragua,1969,56
Nicaragua,1970,58.1
Nicaragua,1971,59.2
Nicaragua,1972,50.5
Nicaragua,1973,61.1
Nicaragua,1974,62
Nicaragua,1975,62.6
Nicaragua,1976,62.9
Nicaragua,1977,63.8
Nicaragua,1978,63.1
Nicaragua,1979,58.9
Nicaragua,1980,66.4
Nicaragua,1981,66.5
Nicaragua,1982,66.8
Nicaragua,1983,62.5
Nicaragua,1984,61.6
Nicaragua,1985,63.3
Nicaragua,1986,65.3
Nicaragua,1987,64.2
Nicaragua,1988,68.2
Nicaragua,1989,71.7
Nicaragua,1990,72.7
Nicaragua,1991,72.1
Nicaragua,1992,72.4
Nicaragua,1993,72.6
Nicaragua,1994,73
Nicaragua,1995,71.5
Nicaragua,1996,71.5
Nicaragua,1997,72.4
Nicaragua,1998,70.4
Nicaragua,1999,73.3
Nicaragua,2000,73.7
Nicaragua,2001,73.7
Nicaragua,2002,73.6
Nicaragua,2003,73.6
Nicaragua,2004,73.7
Nicaragua,2005,73.5
Nicaragua,2006,74.3
Nicaragua,2007,73.9
Nicaragua,2008,74
Nicaragua,2009,74.1
Nicaragua,2010,74.4
Nicaragua,2011,74.3
Nicaragua,2012,74.4
Nicaragua,2013,74.5
Nicaragua,2014,74.5
Nicaragua,2015,74.9
Nicaragua,2016,74.8
Nicaragua,2017,75
Nicaragua,2018,75.2
Nicaragua,2019,75.4
Nicaragua,2020,73.1
Nicaragua,2021,75.2
Nicaragua,2022,76
Nicaragua,2023,76.1
Nicaragua,2024,76.3
Netherlands,1800,39.9
Netherlands,1801,39.9
Netherlands,1802,39.9
Netherlands,1803,39.9
Netherlands,1804,39.9
Netherlands,1805,39.9
Netherlands,1806,39.9
Netherlands,1807,39.9
Netherlands,1808,39.9
Netherlands,1809,39.9
Netherlands,1810,39.9
Netherlands,1811,39.9
Netherlands,1812,39.9
Netherlands,1813,39.9
Netherlands,1814,39.9
Netherlands,1815,39.9
Netherlands,1816,39.9
Netherlands,1817,39.9
Netherlands,1818,39.9
Netherlands,1819,39.9
Netherlands,1820,39.9
Netherlands,1821,39.9
Netherlands,1822,39.9
Netherlands,1823,39.9
Netherlands,1824,39.9
Netherlands,1825,39.9
Netherlands,1826,39.9
Netherlands,1827,39.9
Netherlands,1828,39.9
Netherlands,1829,39.9
Netherlands,1830,39.9
Netherlands,1831,39.9
Netherlands,1832,39.9
Netherlands,1833,39.9
Netherlands,1834,39.9
Netherlands,1835,39.9
Netherlands,1836,39.9
Netherlands,1837,39.9
Netherlands,1838,39.9
Netherlands,1839,39.9
Netherlands,1840,39.9
Netherlands,1841,39.9
Netherlands,1842,39.9
Netherlands,1843,39.9
Netherlands,1844,39.9
Netherlands,1845,39.9
Netherlands,1846,39.9
Netherlands,1847,39.9
Netherlands,1848,39.9
Netherlands,1849,39.9
Netherlands,1850,39.9
Netherlands,1851,40
Netherlands,1852,38.7
Netherlands,1853,38.6
Netherlands,1854,38.6
Netherlands,1855,34.5
Netherlands,1856,38.4
Netherlands,1857,35.5
Netherlands,1858,34.7
Netherlands,1859,30.9
Netherlands,1860,36.9
Netherlands,1861,36.5
Netherlands,1862,38.3
Netherlands,1863,38.3
Netherlands,1864,37.6
Netherlands,1865,36.4
Netherlands,1866,33.6
Netherlands,1867,39.3
Netherlands,1868,37.8
Netherlands,1869,40.5
Netherlands,1870,37.4
Netherlands,1871,33
Netherlands,1872,36.5
Netherlands,1873,39.2
Netherlands,1874,41.3
Netherlands,1875,38.3
Netherlands,1876,40.4
Netherlands,1877,42
Netherlands,1878,41.1
Netherlands,1879,42
Netherlands,1880,40.4
Netherlands,1881,42.9
Netherlands,1882,43.8
Netherlands,1883,42.4
Netherlands,1884,41.4
Netherlands,1885,43.3
Netherlands,1886,42
Netherlands,1887,45
Netherlands,1888,44.3
Netherlands,1889,44.4
Netherlands,1890,44.4
Netherlands,1891,44.3
Netherlands,1892,44
Netherlands,1893,45.8
Netherlands,1894,47
Netherlands,1895,46.7
Netherlands,1896,48.6
Netherlands,1897,49.4
Netherlands,1898,49.1
Netherlands,1899,49.4
Netherlands,1900,48.5
Netherlands,1901,48.8
Netherlands,1902,50.7
Netherlands,1903,51.6
Netherlands,1904,51
Netherlands,1905,52.2
Netherlands,1906,52.8
Netherlands,1907,53.6
Netherlands,1908,52.8
Netherlands,1909,55
Netherlands,1910,55.2
Netherlands,1911,53.2
Netherlands,1912,57.3
Netherlands,1913,57.4
Netherlands,1914,57.3
Netherlands,1915,57.3
Netherlands,1916,56.2
Netherlands,1917,55.7
Netherlands,1918,47.7
Netherlands,1919,55.1
Netherlands,1920,57.9
Netherlands,1921,59.9
Netherlands,1922,59.9
Netherlands,1923,62.1
Netherlands,1924,63.1
Netherlands,1925,63.3
Netherlands,1926,63.1
Netherlands,1927,62.8
Netherlands,1928,63.8
Netherlands,1929,62.3
Netherlands,1930,64.8
Netherlands,1931,64.5
Netherlands,1932,65.5
Netherlands,1933,66.2
Netherlands,1934,66.7
Netherlands,1935,66.7
Netherlands,1936,66.9
Netherlands,1937,67.1
Netherlands,1938,67.5
Netherlands,1939,67.8
Netherlands,1940,65.5
Netherlands,1941,65.5
Netherlands,1942,66
Netherlands,1943,64.5
Netherlands,1944,61.4
Netherlands,1945,55.6
Netherlands,1946,67.7
Netherlands,1947,69.7
Netherlands,1948,71.2
Netherlands,1949,70.4
Netherlands,1950,71.6
Netherlands,1951,71.7
Netherlands,1952,72.1
Netherlands,1953,71.5
Netherlands,1954,72.4
Netherlands,1955,72.6
Netherlands,1956,72.8
Netherlands,1957,73.1
Netherlands,1958,73.3
Netherlands,1959,73.3
Netherlands,1960,73.5
Netherlands,1961,73.6
Netherlands,1962,73.1
Netherlands,1963,73.5
Netherlands,1964,73.7
Netherlands,1965,73.7
Netherlands,1966,73.7
Netherlands,1967,73.8
Netherlands,1968,73.8
Netherlands,1969,73.7
Netherlands,1970,73.7
Netherlands,1971,73.9
Netherlands,1972,74
Netherlands,1973,74.3
Netherlands,1974,74.6
Netherlands,1975,74.7
Netherlands,1976,74.9
Netherlands,1977,75.2
Netherlands,1978,75.4
Netherlands,1979,75.7
Netherlands,1980,75.9
Netherlands,1981,76
Netherlands,1982,76.2
Netherlands,1983,76.3
Netherlands,1984,76.4
Netherlands,1985,76.5
Netherlands,1986,76.6
Netherlands,1987,76.8
Netherlands,1988,77.1
Netherlands,1989,77
Netherlands,1990,77.2
Netherlands,1991,77.3
Netherlands,1992,77.4
Netherlands,1993,77.3
Netherlands,1994,77.6
Netherlands,1995,77.7
Netherlands,1996,77.8
Netherlands,1997,78
Netherlands,1998,78.1
Netherlands,1999,78.1
Netherlands,2000,78.3
Netherlands,2001,78.4
Netherlands,2002,78.6
Netherlands,2003,78.9
Netherlands,2004,79.3
Netherlands,2005,79.6
Netherlands,2006,80
Netherlands,2007,80.3
Netherlands,2008,80.5
Netherlands,2009,80.8
Netherlands,2010,81
Netherlands,2011,81.1
Netherlands,2012,81.2
Netherlands,2013,81.4
Netherlands,2014,81.6
Netherlands,2015,81.7
Netherlands,2016,81.7
Netherlands,2017,81.7
Netherlands,2018,81.7
Netherlands,2019,81.7
Netherlands,2020,81.3
Netherlands,2021,81.4
Netherlands,2022,82.2
Netherlands,2023,82.3
Netherlands,2024,82.4
Norway,1800,37.9
Norway,1801,35.8
Norway,1802,38.4
Norway,1803,38.7
Norway,1804,40.5
Norway,1805,44.3
Norway,1806,43.8
Norway,1807,41.8
Norway,1808,37.3
Norway,1809,27.2
Norway,1810,36.5
Norway,1811,38
Norway,1812,43.5
Norway,1813,33.5
Norway,1814,41.7
Norway,1815,45.6
Norway,1816,46.3
Norway,1817,48.9
Norway,1818,46.8
Norway,1819,45.8
Norway,1820,47
Norway,1821,44.7
Norway,1822,46.1
Norway,1823,48.8
Norway,1824,47.6
Norway,1825,49.2
Norway,1826,47.6
Norway,1827,48.4
Norway,1828,46.2
Norway,1829,46.3
Norway,1830,45.8
Norway,1831,45.7
Norway,1832,47.6
Norway,1833,44.9
Norway,1834,42
Norway,1835,46.1
Norway,1836,46.5
Norway,1837,44.2
Norway,1838,42.9
Norway,1839,43
Norway,1840,45.6
Norway,1841,49.5
Norway,1842,48.4
Norway,1843,48.4
Norway,1844,49.7
Norway,1845,50.1
Norway,1846,48
Norway,1847,44.8
Norway,1848,45
Norway,1849,48
Norway,1850,49.5
Norway,1851,49.7
Norway,1852,48.5
Norway,1853,47.9
Norway,1854,51.7
Norway,1855,50.5
Norway,1856,50.4
Norway,1857,50.2
Norway,1858,51.6
Norway,1859,50
Norway,1860,50
Norway,1861,45.8
Norway,1862,44.7
Norway,1863,46.7
Norway,1864,48.8
Norway,1865,50.5
Norway,1866,50
Norway,1867,47.9
Norway,1868,47.2
Norway,1869,49.3
Norway,1870,50.9
Norway,1871,49.7
Norway,1872,50.1
Norway,1873,49.7
Norway,1874,47.8
Norway,1875,47.7
Norway,1876,46.9
Norway,1877,49.8
Norway,1878,51.9
Norway,1879,53.2
Norway,1880,52
Norway,1881,50.5
Norway,1882,47.5
Norway,1883,49.7
Norway,1884,50.9
Norway,1885,51.1
Norway,1886,51.8
Norway,1887,51.8
Norway,1888,50.5
Norway,1889,49.1
Norway,1890,48.7
Norway,1891,49.9
Norway,1892,49.8
Norway,1893,51.5
Norway,1894,50.7
Norway,1895,52.9
Norway,1896,53.9
Norway,1897,53.8
Norway,1898,54.1
Norway,1899,51.7
Norway,1900,53.6
Norway,1901,54.7
Norway,1902,56.6
Norway,1903,55.1
Norway,1904,56.2
Norway,1905,55.2
Norway,1906,57
Norway,1907,56.6
Norway,1908,56.4
Norway,1909,57.6
Norway,1910,58.1
Norway,1911,58.2
Norway,1912,57.9
Norway,1913,58.5
Norway,1914,58
Norway,1915,58.3
Norway,1916,57.4
Norway,1917,57.9
Norway,1918,50.4
Norway,1919,57
Norway,1920,59
Norway,1921,61.8
Norway,1922,61
Norway,1923,62
Norway,1924,62.3
Norway,1925,62.7
Norway,1926,63.4
Norway,1927,63.1
Norway,1928,63.6
Norway,1929,62.7
Norway,1930,64.3
Norway,1931,64.3
Norway,1932,64.8
Norway,1933,65.7
Norway,1934,66.4
Norway,1935,66
Norway,1936,66.1
Norway,1937,66.3
Norway,1938,67.3
Norway,1939,67.6
Norway,1940,66.1
Norway,1941,66
Norway,1942,65.9
Norway,1943,66.4
Norway,1944,66.1
Norway,1945,68.5
Norway,1946,69.8
Norway,1947,70.3
Norway,1948,71.4
Norway,1949,71.8
Norway,1950,71.9
Norway,1951,72.2
Norway,1952,72.6
Norway,1953,72.9
Norway,1954,73.1
Norway,1955,73.2
Norway,1956,73.3
Norway,1957,73.3
Norway,1958,73.3
Norway,1959,73.4
Norway,1960,73.4
Norway,1961,73.4
Norway,1962,73.3
Norway,1963,73.2
Norway,1964,73.5
Norway,1965,73.6
Norway,1966,73.9
Norway,1967,73.9
Norway,1968,74
Norway,1969,74
Norway,1970,74.3
Norway,1971,74.4
Norway,1972,74.5
Norway,1973,74.7
Norway,1974,75
Norway,1975,75.1
Norway,1976,75.3
Norway,1977,75.6
Norway,1978,75.7
Norway,1979,75.7
Norway,1980,76
Norway,1981,76.2
Norway,1982,76.3
Norway,1983,76.4
Norway,1984,76.5
Norway,1985,76.3
Norway,1986,76.4
Norway,1987,76.3
Norway,1988,76.5
Norway,1989,76.7
Norway,1990,76.9
Norway,1991,77.2
Norway,1992,77.3
Norway,1993,77.5
Norway,1994,77.8
Norway,1995,78
Norway,1996,78.3
Norway,1997,78.5
Norway,1998,78.5
Norway,1999,78.7
Norway,2000,78.9
Norway,2001,79.1
Norway,2002,79.3
Norway,2003,79.7
Norway,2004,80.1
Norway,2005,80.4
Norway,2006,80.5
Norway,2007,80.7
Norway,2008,80.9
Norway,2009,81.1
Norway,2010,81.3
Norway,2011,81.3
Norway,2012,81.6
Norway,2013,81.8
Norway,2014,82.2
Norway,2015,82.4
Norway,2016,82.5
Norway,2017,82.8
Norway,2018,82.8
Norway,2019,82.9
Norway,2020,83.1
Norway,2021,83.2
Norway,2022,83.3
Norway,2023,83.5
Norway,2024,83.7
Nepal,1800,32.8
Nepal,1801,32.8
Nepal,1802,32.8
Nepal,1803,32.8
Nepal,1804,32.8
Nepal,1805,32.8
Nepal,1806,32.8
Nepal,1807,32.8
Nepal,1808,32.8
Nepal,1809,32.8
Nepal,1810,32.8
Nepal,1811,32.8
Nepal,1812,32.8
Nepal,1813,32.8
Nepal,1814,32.8
Nepal,1815,32.8
Nepal,1816,32.8
Nepal,1817,32.8
Nepal,1818,32.8
Nepal,1819,32.8
Nepal,1820,32.8
Nepal,1821,32.8
Nepal,1822,32.8
Nepal,1823,32.8
Nepal,1824,32.8
Nepal,1825,32.8
Nepal,1826,32.8
Nepal,1827,32.8
Nepal,1828,32.8
Nepal,1829,32.8
Nepal,1830,32.8
Nepal,1831,32.8
Nepal,1832,32.8
Nepal,1833,32.8
Nepal,1834,32.8
Nepal,1835,32.8
Nepal,1836,32.8
Nepal,1837,32.8
Nepal,1838,32.8
Nepal,1839,32.8
Nepal,1840,32.8
Nepal,1841,32.8
Nepal,1842,32.8
Nepal,1843,32.8
Nepal,1844,32.8
Nepal,1845,32.8
Nepal,1846,32.8
Nepal,1847,32.8
Nepal,1848,32.8
Nepal,1849,32.8
Nepal,1850,32.8
Nepal,1851,32.9
Nepal,1852,32.9
Nepal,1853,33
Nepal,1854,33
Nepal,1855,33
Nepal,1856,33.1
Nepal,1857,33.1
Nepal,1858,33.2
Nepal,1859,33.3
Nepal,1860,33.3
Nepal,1861,33.4
Nepal,1862,33.4
Nepal,1863,33.5
Nepal,1864,33.5
Nepal,1865,33.5
Nepal,1866,33.6
Nepal,1867,33.6
Nepal,1868,33.7
Nepal,1869,33.8
Nepal,1870,33.8
Nepal,1871,33.9
Nepal,1872,33.9
Nepal,1873,34
Nepal,1874,34
Nepal,1875,34
Nepal,1876,34.1
Nepal,1877,34.1
Nepal,1878,34.2
Nepal,1879,34.3
Nepal,1880,34.3
Nepal,1881,34.4
Nepal,1882,34.4
Nepal,1883,34.5
Nepal,1884,34.5
Nepal,1885,34.5
Nepal,1886,34.6
Nepal,1887,34.6
Nepal,1888,34.7
Nepal,1889,34.8
Nepal,1890,34.8
Nepal,1891,34.9
Nepal,1892,34.9
Nepal,1893,35
Nepal,1894,35
Nepal,1895,35
Nepal,1896,35.1
Nepal,1897,35.1
Nepal,1898,35.2
Nepal,1899,35.3
Nepal,1900,35.3
Nepal,1901,35.4
Nepal,1902,35.4
Nepal,1903,35.5
Nepal,1904,35.5
Nepal,1905,35.5
Nepal,1906,35.6
Nepal,1907,35.6
Nepal,1908,35.7
Nepal,1909,35.8
Nepal,1910,35.8
Nepal,1911,35.9
Nepal,1912,35.9
Nepal,1913,36
Nepal,1914,36
Nepal,1915,36
Nepal,1916,36.1
Nepal,1917,36.1
Nepal,1918,23.2
Nepal,1919,36.2
Nepal,1920,36.3
Nepal,1921,36.3
Nepal,1922,36.4
Nepal,1923,36.4
Nepal,1924,36.5
Nepal,1925,36.5
Nepal,1926,36.6
Nepal,1927,36.6
Nepal,1928,36.7
Nepal,1929,36.7
Nepal,1930,36.8
Nepal,1931,36.8
Nepal,1932,36.9
Nepal,1933,36.9
Nepal,1934,37
Nepal,1935,37
Nepal,1936,37.1
Nepal,1937,37.1
Nepal,1938,37.2
Nepal,1939,37.2
Nepal,1940,37.3
Nepal,1941,37.4
Nepal,1942,37.5
Nepal,1943,37.7
Nepal,1944,37.8
Nepal,1945,37.9
Nepal,1946,38.5
Nepal,1947,39
Nepal,1948,39.5
Nepal,1949,40.1
Nepal,1950,40.6
Nepal,1951,40.9
Nepal,1952,41.4
Nepal,1953,41.8
Nepal,1954,42.2
Nepal,1955,42.6
Nepal,1956,43
Nepal,1957,43.3
Nepal,1958,43.7
Nepal,1959,44.1
Nepal,1960,44.6
Nepal,1961,45.1
Nepal,1962,45.6
Nepal,1963,45.9
Nepal,1964,46.6
Nepal,1965,47.2
Nepal,1966,47.7
Nepal,1967,48.2
Nepal,1968,48.5
Nepal,1969,48.9
Nepal,1970,49.3
Nepal,1971,49.6
Nepal,1972,49.9
Nepal,1973,50
Nepal,1974,50.3
Nepal,1975,50.5
Nepal,1976,50.6
Nepal,1977,50.8
Nepal,1978,51.1
Nepal,1979,51.5
Nepal,1980,51.9
Nepal,1981,52.3
Nepal,1982,52.9
Nepal,1983,53.4
Nepal,1984,54
Nepal,1985,54.7
Nepal,1986,55.4
Nepal,1987,56.1
Nepal,1988,56.8
Nepal,1989,57.6
Nepal,1990,58.3
Nepal,1991,58.9
Nepal,1992,59.8
Nepal,1993,60.3
Nepal,1994,61.2
Nepal,1995,61.8
Nepal,1996,62.6
Nepal,1997,63.4
Nepal,1998,64
Nepal,1999,64.8
Nepal,2000,65.4
Nepal,2001,66.1
Nepal,2002,66.2
Nepal,2003,67
Nepal,2004,67.2
Nepal,2005,67.7
Nepal,2006,68
Nepal,2007,68.3
Nepal,2008,68.5
Nepal,2009,68.8
Nepal,2010,69
Nepal,2011,69.2
Nepal,2012,69.5
Nepal,2013,69.7
Nepal,2014,69.9
Nepal,2015,69.3
Nepal,2016,70.4
Nepal,2017,70.6
Nepal,2018,70.8
Nepal,2019,71.1
Nepal,2020,70.8
Nepal,2021,69.9
Nepal,2022,72
Nepal,2023,72.3
Nepal,2024,72.6
Nauru,1950,58.5
Nauru,1951,58.7
Nauru,1952,59
Nauru,1953,59.2
Nauru,1954,59.4
Nauru,1955,59.6
Nauru,1956,59.9
Nauru,1957,60.1
Nauru,1958,60.3
Nauru,1959,60.5
Nauru,1960,60.6
Nauru,1961,60.8
Nauru,1962,61
Nauru,1963,61.2
Nauru,1964,61.4
Nauru,1965,61.6
Nauru,1966,61.5
Nauru,1967,61.8
Nauru,1968,61.9
Nauru,1969,62
Nauru,1970,62.1
Nauru,1971,62.2
Nauru,1972,62.2
Nauru,1973,62.3
Nauru,1974,62.4
Nauru,1975,62.5
Nauru,1976,62.6
Nauru,1977,62.6
Nauru,1978,62.7
Nauru,1979,62.7
Nauru,1980,62.6
Nauru,1981,62.6
Nauru,1982,62.5
Nauru,1983,62.5
Nauru,1984,62.4
Nauru,1985,62.3
Nauru,1986,62.2
Nauru,1987,62.1
Nauru,1988,62.1
Nauru,1989,62.1
Nauru,1990,62
Nauru,1991,61.9
Nauru,1992,61.7
Nauru,1993,61.6
Nauru,1994,61.3
Nauru,1995,60.8
Nauru,1996,60.4
Nauru,1997,60
Nauru,1998,59.6
Nauru,1999,59.3
Nauru,2000,59.1
Nauru,2001,58.9
Nauru,2002,58.8
Nauru,2003,58.7
Nauru,2004,58.7
Nauru,2005,58.8
Nauru,2006,58.9
Nauru,2007,59
Nauru,2008,59.3
Nauru,2009,59.6
Nauru,2010,60
Nauru,2011,60.5
Nauru,2012,60.9
Nauru,2013,61.4
Nauru,2014,61.9
Nauru,2015,62.3
Nauru,2016,62.6
Nauru,2017,63
Nauru,2018,63.2
Nauru,2019,63.4
Nauru,2020,63.3
Nauru,2021,63.5
Nauru,2022,63.9
Nauru,2023,64.1
Nauru,2024,64.3
New Zealand,1800,34
New Zealand,1801,34
New Zealand,1802,34
New Zealand,1803,34
New Zealand,1804,34
New Zealand,1805,34
New Zealand,1806,34
New Zealand,1807,34
New Zealand,1808,34
New Zealand,1809,34
New Zealand,1810,34
New Zealand,1811,34
New Zealand,1812,34
New Zealand,1813,34
New Zealand,1814,34
New Zealand,1815,34
New Zealand,1816,34
New Zealand,1817,34
New Zealand,1818,34
New Zealand,1819,34
New Zealand,1820,34
New Zealand,1821,34
New Zealand,1822,34
New Zealand,1823,34
New Zealand,1824,34
New Zealand,1825,34
New Zealand,1826,34
New Zealand,1827,34
New Zealand,1828,34
New Zealand,1829,34
New Zealand,1830,34
New Zealand,1831,34
New Zealand,1832,34
New Zealand,1833,34
New Zealand,1834,34
New Zealand,1835,34
New Zealand,1836,34
New Zealand,1837,34
New Zealand,1838,34
New Zealand,1839,34
New Zealand,1840,34
New Zealand,1841,34
New Zealand,1842,34
New Zealand,1843,34
New Zealand,1844,34
New Zealand,1845,34
New Zealand,1846,34
New Zealand,1847,34
New Zealand,1848,34
New Zealand,1849,34
New Zealand,1850,34
New Zealand,1851,34
New Zealand,1852,34
New Zealand,1853,34
New Zealand,1854,34
New Zealand,1855,34.1
New Zealand,1856,34.1
New Zealand,1857,34.1
New Zealand,1858,34.1
New Zealand,1859,34.1
New Zealand,1860,34.1
New Zealand,1861,34.1
New Zealand,1862,34.1
New Zealand,1863,34.1
New Zealand,1864,34.1
New Zealand,1865,34.1
New Zealand,1866,34.1
New Zealand,1867,34.1
New Zealand,1868,34.1
New Zealand,1869,34.1
New Zealand,1870,34.1
New Zealand,1871,34.5
New Zealand,1872,35
New Zealand,1873,35.4
New Zealand,1874,35.9
New Zealand,1875,36.3
New Zealand,1876,36.8
New Zealand,1877,37.2
New Zealand,1878,37.6
New Zealand,1879,38.1
New Zealand,1880,38.5
New Zealand,1881,39
New Zealand,1882,39.5
New Zealand,1883,39.9
New Zealand,1884,40.3
New Zealand,1885,40.8
New Zealand,1886,41.2
New Zealand,1887,41.7
New Zealand,1888,42.1
New Zealand,1889,42.6
New Zealand,1890,43
New Zealand,1891,43.5
New Zealand,1892,43.9
New Zealand,1893,44.4
New Zealand,1894,44.8
New Zealand,1895,45.3
New Zealand,1896,45.7
New Zealand,1897,46.2
New Zealand,1898,46.6
New Zealand,1899,47.1
New Zealand,1900,47.5
New Zealand,1901,48
New Zealand,1902,48.4
New Zealand,1903,48.9
New Zealand,1904,49.3
New Zealand,1905,49.8
New Zealand,1906,50.2
New Zealand,1907,50.6
New Zealand,1908,51.1
New Zealand,1909,51.6
New Zealand,1910,52
New Zealand,1911,52.5
New Zealand,1912,52.9
New Zealand,1913,53.4
New Zealand,1914,53.8
New Zealand,1915,54.2
New Zealand,1916,54.7
New Zealand,1917,55.1
New Zealand,1918,47.1
New Zealand,1919,56
New Zealand,1920,56.5
New Zealand,1921,56.9
New Zealand,1922,57.4
New Zealand,1923,57.8
New Zealand,1924,58.3
New Zealand,1925,58.7
New Zealand,1926,59.2
New Zealand,1927,59.6
New Zealand,1928,60.1
New Zealand,1929,60.5
New Zealand,1930,61
New Zealand,1931,61.4
New Zealand,1932,61.9
New Zealand,1933,62.3
New Zealand,1934,62.8
New Zealand,1935,63.2
New Zealand,1936,63.7
New Zealand,1937,64.1
New Zealand,1938,64.6
New Zealand,1939,65
New Zealand,1940,65.5
New Zealand,1941,65.9
New Zealand,1942,66.4
New Zealand,1943,66.8
New Zealand,1944,67.3
New Zealand,1945,67.7
New Zealand,1946,68.2
New Zealand,1947,68.6
New Zealand,1948,69.1
New Zealand,1949,69.2
New Zealand,1950,69.5
New Zealand,1951,69.5
New Zealand,1952,69.8
New Zealand,1953,69.9
New Zealand,1954,70.5
New Zealand,1955,70.6
New Zealand,1956,70.8
New Zealand,1957,70.7
New Zealand,1958,70.9
New Zealand,1959,71
New Zealand,1960,71.2
New Zealand,1961,71.2
New Zealand,1962,71.4
New Zealand,1963,71.4
New Zealand,1964,71.5
New Zealand,1965,71.5
New Zealand,1966,71.6
New Zealand,1967,71.6
New Zealand,1968,71.4
New Zealand,1969,71.6
New Zealand,1970,71.6
New Zealand,1971,71.8
New Zealand,1972,72
New Zealand,1973,72
New Zealand,1974,72.2
New Zealand,1975,72.4
New Zealand,1976,72.6
New Zealand,1977,72.7
New Zealand,1978,73.2
New Zealand,1979,73.1
New Zealand,1980,73.4
New Zealand,1981,73.8
New Zealand,1982,74
New Zealand,1983,74.3
New Zealand,1984,74.4
New Zealand,1985,74.2
New Zealand,1986,74.4
New Zealand,1987,74.5
New Zealand,1988,74.8
New Zealand,1989,75.1
New Zealand,1990,75.5
New Zealand,1991,75.9
New Zealand,1992,76.1
New Zealand,1993,76.3
New Zealand,1994,76.7
New Zealand,1995,76.8
New Zealand,1996,77
New Zealand,1997,77.4
New Zealand,1998,77.9
New Zealand,1999,78
New Zealand,2000,78.4
New Zealand,2001,78.6
New Zealand,2002,78.8
New Zealand,2003,79.1
New Zealand,2004,79.4
New Zealand,2005,79.8
New Zealand,2006,80
New Zealand,2007,80.2
New Zealand,2008,80.4
New Zealand,2009,80.6
New Zealand,2010,80.9
New Zealand,2011,80.9
New Zealand,2012,81.2
New Zealand,2013,81.5
New Zealand,2014,81.5
New Zealand,2015,81.7
New Zealand,2016,81.9
New Zealand,2017,82
New Zealand,2018,81.8
New Zealand,2019,81.8
New Zealand,2020,82
New Zealand,2021,81.7
New Zealand,2022,82.2
New Zealand,2023,82.4
New Zealand,2024,82.5
Oman,1800,32.3
Oman,1801,32.3
Oman,1802,32.3
Oman,1803,32.3
Oman,1804,32.3
Oman,1805,32.3
Oman,1806,32.3
Oman,1807,32.3
Oman,1808,32.3
Oman,1809,32.3
Oman,1810,32.3
Oman,1811,32.3
Oman,1812,32.3
Oman,1813,32.3
Oman,1814,32.3
Oman,1815,32.3
Oman,1816,32.3
Oman,1817,32.3
Oman,1818,32.3
Oman,1819,32.3
Oman,1820,32.3
Oman,1821,32.3
Oman,1822,32.3
Oman,1823,32.3
Oman,1824,32.3
Oman,1825,32.3
Oman,1826,32.3
Oman,1827,32.3
Oman,1828,32.3
Oman,1829,32.3
Oman,1830,32.3
Oman,1831,32.3
Oman,1832,32.3
Oman,1833,32.3
Oman,1834,32.3
Oman,1835,32.3
Oman,1836,32.3
Oman,1837,32.3
Oman,1838,32.3
Oman,1839,32.3
Oman,1840,32.3
Oman,1841,32.3
Oman,1842,32.3
Oman,1843,32.3
Oman,1844,32.3
Oman,1845,32.3
Oman,1846,32.3
Oman,1847,32.3
Oman,1848,32.3
Oman,1849,32.3
Oman,1850,32.3
Oman,1851,32.4
Oman,1852,32.4
Oman,1853,32.5
Oman,1854,32.5
Oman,1855,32.6
Oman,1856,32.6
Oman,1857,32.7
Oman,1858,32.7
Oman,1859,32.8
Oman,1860,32.8
Oman,1861,32.9
Oman,1862,32.9
Oman,1863,33
Oman,1864,33
Oman,1865,33.1
Oman,1866,33.1
Oman,1867,33.2
Oman,1868,33.2
Oman,1869,33.3
Oman,1870,33.3
Oman,1871,33.4
Oman,1872,33.4
Oman,1873,33.5
Oman,1874,33.5
Oman,1875,33.6
Oman,1876,33.6
Oman,1877,33.7
Oman,1878,33.8
Oman,1879,33.8
Oman,1880,33.9
Oman,1881,33.9
Oman,1882,34
Oman,1883,34
Oman,1884,34.1
Oman,1885,34.1
Oman,1886,34.2
Oman,1887,34.2
Oman,1888,34.3
Oman,1889,34.3
Oman,1890,34.4
Oman,1891,34.4
Oman,1892,34.5
Oman,1893,34.5
Oman,1894,34.6
Oman,1895,34.6
Oman,1896,34.7
Oman,1897,34.7
Oman,1898,34.8
Oman,1899,34.9
Oman,1900,34.9
Oman,1901,35
Oman,1902,35
Oman,1903,35.1
Oman,1904,35.1
Oman,1905,35.2
Oman,1906,35.2
Oman,1907,35.3
Oman,1908,35.3
Oman,1909,35.4
Oman,1910,35.4
Oman,1911,35.5
Oman,1912,35.5
Oman,1913,35.6
Oman,1914,35.6
Oman,1915,35.7
Oman,1916,35.7
Oman,1917,35.8
Oman,1918,29.7
Oman,1919,35.9
Oman,1920,35.9
Oman,1921,36
Oman,1922,36
Oman,1923,36.1
Oman,1924,36.1
Oman,1925,36.2
Oman,1926,36.3
Oman,1927,36.3
Oman,1928,36.4
Oman,1929,36.4
Oman,1930,36.5
Oman,1931,36.5
Oman,1932,36.6
Oman,1933,36.6
Oman,1934,36.7
Oman,1935,36.7
Oman,1936,36.8
Oman,1937,36.8
Oman,1938,36.9
Oman,1939,36.9
Oman,1940,37
Oman,1941,37.1
Oman,1942,37.3
Oman,1943,37.5
Oman,1944,37.6
Oman,1945,37.8
Oman,1946,38.4
Oman,1947,39
Oman,1948,39.6
Oman,1949,40.2
Oman,1950,40.8
Oman,1951,41.2
Oman,1952,41.6
Oman,1953,42.1
Oman,1954,42.5
Oman,1955,42.9
Oman,1956,43.3
Oman,1957,43.6
Oman,1958,44.2
Oman,1959,44.7
Oman,1960,45.1
Oman,1961,46
Oman,1962,46.9
Oman,1963,47.6
Oman,1964,48.5
Oman,1965,48.9
Oman,1966,49.3
Oman,1967,50.4
Oman,1968,52.3
Oman,1969,54
Oman,1970,55.5
Oman,1971,56.3
Oman,1972,56.8
Oman,1973,57.5
Oman,1974,58.3
Oman,1975,59
Oman,1976,60.1
Oman,1977,60.4
Oman,1978,60.9
Oman,1979,61.3
Oman,1980,62
Oman,1981,62.6
Oman,1982,63
Oman,1983,63.7
Oman,1984,64.3
Oman,1985,64.8
Oman,1986,65.4
Oman,1987,65.7
Oman,1988,66
Oman,1989,66.3
Oman,1990,66.8
Oman,1991,67
Oman,1992,67.3
Oman,1993,67.5
Oman,1994,67.7
Oman,1995,67.9
Oman,1996,68.1
Oman,1997,68.4
Oman,1998,68.6
Oman,1999,68.8
Oman,2000,69.1
Oman,2001,69.5
Oman,2002,69.6
Oman,2003,69.8
Oman,2004,70.2
Oman,2005,70.3
Oman,2006,70.1
Oman,2007,69.9
Oman,2008,70
Oman,2009,70.2
Oman,2010,70.4
Oman,2011,70.8
Oman,2012,71.5
Oman,2013,71.9
Oman,2014,72.3
Oman,2015,72.4
Oman,2016,72.6
Oman,2017,72.9
Oman,2018,73.6
Oman,2019,74
Oman,2020,70.9
Oman,2021,68.8
Oman,2022,70.1
Oman,2023,74.9
Oman,2024,75.1
Pakistan,1800,25.8
Pakistan,1801,25.8
Pakistan,1802,25.8
Pakistan,1803,25.8
Pakistan,1804,25.8
Pakistan,1805,25.8
Pakistan,1806,25.8
Pakistan,1807,25.8
Pakistan,1808,25.8
Pakistan,1809,25.8
Pakistan,1810,25.8
Pakistan,1811,25.8
Pakistan,1812,23.3
Pakistan,1813,25.8
Pakistan,1814,25.8
Pakistan,1815,25.8
Pakistan,1816,25.8
Pakistan,1817,25.8
Pakistan,1818,25.8
Pakistan,1819,25.8
Pakistan,1820,25.8
Pakistan,1821,25.8
Pakistan,1822,25.8
Pakistan,1823,25.8
Pakistan,1824,25.8
Pakistan,1825,25.8
Pakistan,1826,25.8
Pakistan,1827,25.8
Pakistan,1828,25.8
Pakistan,1829,25.8
Pakistan,1830,25.8
Pakistan,1831,25.8
Pakistan,1832,25.8
Pakistan,1833,25.8
Pakistan,1834,25.8
Pakistan,1835,25.8
Pakistan,1836,25.8
Pakistan,1837,25.8
Pakistan,1838,25.8
Pakistan,1839,25.8
Pakistan,1840,25.8
Pakistan,1841,25.8
Pakistan,1842,25.8
Pakistan,1843,25.8
Pakistan,1844,25.8
Pakistan,1845,25.8
Pakistan,1846,25.8
Pakistan,1847,25.8
Pakistan,1848,25.8
Pakistan,1849,25.8
Pakistan,1850,25.8
Pakistan,1851,25.9
Pakistan,1852,25.9
Pakistan,1853,26
Pakistan,1854,26.1
Pakistan,1855,26.1
Pakistan,1856,26.2
Pakistan,1857,26.3
Pakistan,1858,26.4
Pakistan,1859,26.4
Pakistan,1860,26.5
Pakistan,1861,26.6
Pakistan,1862,26.6
Pakistan,1863,26.7
Pakistan,1864,26.8
Pakistan,1865,26.8
Pakistan,1866,26.9
Pakistan,1867,27
Pakistan,1868,27.1
Pakistan,1869,27.1
Pakistan,1870,27.2
Pakistan,1871,27.3
Pakistan,1872,27.3
Pakistan,1873,27.4
Pakistan,1874,27.5
Pakistan,1875,27.5
Pakistan,1876,27.6
Pakistan,1877,27.8
Pakistan,1878,28
Pakistan,1879,28.2
Pakistan,1880,28.4
Pakistan,1881,28.7
Pakistan,1882,28.9
Pakistan,1883,29.1
Pakistan,1884,29.3
Pakistan,1885,29.5
Pakistan,1886,29.7
Pakistan,1887,29.4
Pakistan,1888,29
Pakistan,1889,28.7
Pakistan,1890,28.3
Pakistan,1891,27.9
Pakistan,1892,26.2
Pakistan,1893,27.2
Pakistan,1894,26.8
Pakistan,1895,26.5
Pakistan,1896,26.1
Pakistan,1897,25.9
Pakistan,1898,25.8
Pakistan,1899,25.6
Pakistan,1900,23.9
Pakistan,1901,25.3
Pakistan,1902,25.1
Pakistan,1903,24.9
Pakistan,1904,23.2
Pakistan,1905,23.1
Pakistan,1906,22.9
Pakistan,1907,20.5
Pakistan,1908,25.2
Pakistan,1909,25.7
Pakistan,1910,26.1
Pakistan,1911,26.5
Pakistan,1912,26.9
Pakistan,1913,27.4
Pakistan,1914,27.8
Pakistan,1915,28.2
Pakistan,1916,28.6
Pakistan,1917,29.1
Pakistan,1918,9.72
Pakistan,1919,29.9
Pakistan,1920,30.4
Pakistan,1921,30.8
Pakistan,1922,31.3
Pakistan,1923,31.7
Pakistan,1924,32.1
Pakistan,1925,32.6
Pakistan,1926,33
Pakistan,1927,33.5
Pakistan,1928,34
Pakistan,1929,34.6
Pakistan,1930,35.1
Pakistan,1931,35.6
Pakistan,1932,36.1
Pakistan,1933,36.6
Pakistan,1934,37.1
Pakistan,1935,37.7
Pakistan,1936,38.2
Pakistan,1937,38.7
Pakistan,1938,39.3
Pakistan,1939,39.8
Pakistan,1940,40.3
Pakistan,1941,40.9
Pakistan,1942,41.5
Pakistan,1943,42
Pakistan,1944,42.6
Pakistan,1945,43.1
Pakistan,1946,43.7
Pakistan,1947,13.7
Pakistan,1948,40
Pakistan,1949,45.4
Pakistan,1950,46
Pakistan,1951,46.4
Pakistan,1952,47.2
Pakistan,1953,47.7
Pakistan,1954,48.1
Pakistan,1955,48.6
Pakistan,1956,49.3
Pakistan,1957,49.8
Pakistan,1958,50.5
Pakistan,1959,50.9
Pakistan,1960,51.3
Pakistan,1961,52
Pakistan,1962,52.8
Pakistan,1963,53.6
Pakistan,1964,54.4
Pakistan,1965,54.6
Pakistan,1966,55.4
Pakistan,1967,55.8
Pakistan,1968,56.3
Pakistan,1969,56.7
Pakistan,1970,57.1
Pakistan,1971,53.9
Pakistan,1972,57.9
Pakistan,1973,58.3
Pakistan,1974,58.5
Pakistan,1975,59
Pakistan,1976,59.4
Pakistan,1977,59.7
Pakistan,1978,60.1
Pakistan,1979,60.2
Pakistan,1980,60.2
Pakistan,1981,60.5
Pakistan,1982,60.7
Pakistan,1983,60.8
Pakistan,1984,60.8
Pakistan,1985,60.9
Pakistan,1986,61
Pakistan,1987,60.9
Pakistan,1988,61
Pakistan,1989,61
Pakistan,1990,61
Pakistan,1991,61
Pakistan,1992,60.9
Pakistan,1993,60.7
Pakistan,1994,60.6
Pakistan,1995,60.3
Pakistan,1996,60.4
Pakistan,1997,60.5
Pakistan,1998,60.7
Pakistan,1999,60.9
Pakistan,2000,61
Pakistan,2001,61.2
Pakistan,2002,61.4
Pakistan,2003,61.5
Pakistan,2004,61.8
Pakistan,2005,61
Pakistan,2006,62.3
Pakistan,2007,62.7
Pakistan,2008,62.9
Pakistan,2009,63.1
Pakistan,2010,63.3
Pakistan,2011,63.6
Pakistan,2012,63.8
Pakistan,2013,64
Pakistan,2014,64.2
Pakistan,2015,64.4
Pakistan,2016,64.7
Pakistan,2017,64.9
Pakistan,2018,65.5
Pakistan,2019,65.9
Pakistan,2020,65.4
Pakistan,2021,65.2
Pakistan,2022,65.5
Pakistan,2023,66.4
Pakistan,2024,66.6
Panama,1800,32.9
Panama,1801,32.9
Panama,1802,32.9
Panama,1803,32.9
Panama,1804,32.9
Panama,1805,32.9
Panama,1806,32.9
Panama,1807,32.9
Panama,1808,32.9
Panama,1809,32.9
Panama,1810,32.9
Panama,1811,32.9
Panama,1812,32.9
Panama,1813,32.9
Panama,1814,32.9
Panama,1815,32.9
Panama,1816,32.9
Panama,1817,32.9
Panama,1818,32.9
Panama,1819,32.9
Panama,1820,32.9
Panama,1821,32.9
Panama,1822,32.9
Panama,1823,32.9
Panama,1824,32.9
Panama,1825,32.9
Panama,1826,32.9
Panama,1827,32.9
Panama,1828,32.9
Panama,1829,32.9
Panama,1830,32.9
Panama,1831,32.9
Panama,1832,32.9
Panama,1833,32.9
Panama,1834,32.9
Panama,1835,32.9
Panama,1836,32.9
Panama,1837,32.9
Panama,1838,32.9
Panama,1839,32.9
Panama,1840,32.9
Panama,1841,32.9
Panama,1842,32.9
Panama,1843,32.9
Panama,1844,32.9
Panama,1845,32.9
Panama,1846,32.9
Panama,1847,32.9
Panama,1848,32.9
Panama,1849,32.9
Panama,1850,32.9
Panama,1851,32.9
Panama,1852,33
Panama,1853,33
Panama,1854,33
Panama,1855,33
Panama,1856,33.1
Panama,1857,33.1
Panama,1858,33.1
Panama,1859,33.1
Panama,1860,33.2
Panama,1861,33.2
Panama,1862,33.2
Panama,1863,33.3
Panama,1864,33.3
Panama,1865,33.3
Panama,1866,33.3
Panama,1867,33.4
Panama,1868,33.4
Panama,1869,33.4
Panama,1870,33.5
Panama,1871,33.5
Panama,1872,33.5
Panama,1873,33.5
Panama,1874,33.6
Panama,1875,33.6
Panama,1876,33.6
Panama,1877,33.6
Panama,1878,33.7
Panama,1879,33.7
Panama,1880,33.7
Panama,1881,33.8
Panama,1882,33.8
Panama,1883,33.8
Panama,1884,33.8
Panama,1885,33.9
Panama,1886,33.9
Panama,1887,33.9
Panama,1888,34
Panama,1889,34
Panama,1890,34
Panama,1891,34
Panama,1892,34.1
Panama,1893,34.1
Panama,1894,34.1
Panama,1895,34.1
Panama,1896,34.2
Panama,1897,34.2
Panama,1898,34.2
Panama,1899,34.3
Panama,1900,34.3
Panama,1901,34.3
Panama,1902,34.3
Panama,1903,34.4
Panama,1904,34.4
Panama,1905,34.4
Panama,1906,34.5
Panama,1907,34.5
Panama,1908,34.5
Panama,1909,34.5
Panama,1910,34.6
Panama,1911,34.6
Panama,1912,34.6
Panama,1913,34.6
Panama,1914,34.7
Panama,1915,34.7
Panama,1916,34.9
Panama,1917,35.2
Panama,1918,31.1
Panama,1919,35.6
Panama,1920,35.9
Panama,1921,36.1
Panama,1922,36.4
Panama,1923,36.6
Panama,1924,36.9
Panama,1925,37.1
Panama,1926,37.3
Panama,1927,37.6
Panama,1928,37.8
Panama,1929,38.1
Panama,1930,38.3
Panama,1931,39
Panama,1932,39.8
Panama,1933,40.5
Panama,1934,41.2
Panama,1935,41.9
Panama,1936,42.7
Panama,1937,43.4
Panama,1938,44.1
Panama,1939,44.9
Panama,1940,45.6
Panama,1941,47.1
Panama,1942,48.6
Panama,1943,50.1
Panama,1944,51.7
Panama,1945,53.2
Panama,1946,54.7
Panama,1947,56.2
Panama,1948,57.8
Panama,1949,59.3
Panama,1950,60.8
Panama,1951,61.2
Panama,1952,61.9
Panama,1953,61.8
Panama,1954,62.6
Panama,1955,62.5
Panama,1956,62.1
Panama,1957,63.1
Panama,1958,64.8
Panama,1959,65.5
Panama,1960,65.9
Panama,1961,66.4
Panama,1962,66.8
Panama,1963,67.2
Panama,1964,67.4
Panama,1965,67.5
Panama,1966,67.8
Panama,1967,68.5
Panama,1968,68.2
Panama,1969,68.3
Panama,1970,68.1
Panama,1971,69.3
Panama,1972,70.2
Panama,1973,70.9
Panama,1974,71.3
Panama,1975,71.6
Panama,1976,72.6
Panama,1977,73.4
Panama,1978,74
Panama,1979,74.1
Panama,1980,74.2
Panama,1981,74.9
Panama,1982,74.6
Panama,1983,75
Panama,1984,75.6
Panama,1985,75.3
Panama,1986,75.6
Panama,1987,76
Panama,1988,76.1
Panama,1989,75
Panama,1990,76.4
Panama,1991,76.7
Panama,1992,76.6
Panama,1993,76.3
Panama,1994,76.6
Panama,1995,76.5
Panama,1996,77
Panama,1997,76.7
Panama,1998,76.8
Panama,1999,77.3
Panama,2000,78
Panama,2001,78.1
Panama,2002,78.1
Panama,2003,78
Panama,2004,78.2
Panama,2005,78.2
Panama,2006,78.2
Panama,2007,78.5
Panama,2008,78.4
Panama,2009,78.4
Panama,2010,78.5
Panama,2011,78.7
Panama,2012,78.6
Panama,2013,78.7
Panama,2014,78.9
Panama,2015,79.3
Panama,2016,79.5
Panama,2017,79.6
Panama,2018,79.9
Panama,2019,80
Panama,2020,78.8
Panama,2021,78.4
Panama,2022,79
Panama,2023,80.8
Panama,2024,81
Peru,1800,35.7
Peru,1801,35.7
Peru,1802,35.7
Peru,1803,35.7
Peru,1804,35.7
Peru,1805,35.7
Peru,1806,35.7
Peru,1807,35.7
Peru,1808,35.7
Peru,1809,35.7
Peru,1810,35.7
Peru,1811,35.7
Peru,1812,35.7
Peru,1813,35.7
Peru,1814,35.7
Peru,1815,35.7
Peru,1816,35.7
Peru,1817,35.7
Peru,1818,35.7
Peru,1819,35.7
Peru,1820,35.7
Peru,1821,35.7
Peru,1822,35.7
Peru,1823,35.7
Peru,1824,35.7
Peru,1825,35.7
Peru,1826,35.7
Peru,1827,35.7
Peru,1828,35.7
Peru,1829,35.7
Peru,1830,35.7
Peru,1831,35.7
Peru,1832,35.7
Peru,1833,35.7
Peru,1834,35.7
Peru,1835,35.7
Peru,1836,35.7
Peru,1837,35.7
Peru,1838,35.7
Peru,1839,35.7
Peru,1840,35.7
Peru,1841,35.7
Peru,1842,35.7
Peru,1843,35.7
Peru,1844,35.7
Peru,1845,35.7
Peru,1846,35.7
Peru,1847,35.7
Peru,1848,35.7
Peru,1849,35.7
Peru,1850,35.7
Peru,1851,35.6
Peru,1852,35.6
Peru,1853,35.6
Peru,1854,35.5
Peru,1855,35.5
Peru,1856,35.4
Peru,1857,35.4
Peru,1858,35.3
Peru,1859,35.3
Peru,1860,35.2
Peru,1861,35.2
Peru,1862,35.1
Peru,1863,35.1
Peru,1864,35
Peru,1865,35
Peru,1866,35
Peru,1867,34.9
Peru,1868,34.9
Peru,1869,34.8
Peru,1870,34.8
Peru,1871,34.7
Peru,1872,34.7
Peru,1873,34.6
Peru,1874,34.6
Peru,1875,34.5
Peru,1876,34.5
Peru,1877,34.5
Peru,1878,34.4
Peru,1879,34.4
Peru,1880,34.3
Peru,1881,34.3
Peru,1882,34.2
Peru,1883,34.2
Peru,1884,34.1
Peru,1885,34.1
Peru,1886,34
Peru,1887,34
Peru,1888,34
Peru,1889,33.9
Peru,1890,33.9
Peru,1891,33.8
Peru,1892,33.8
Peru,1893,33.7
Peru,1894,33.7
Peru,1895,33.6
Peru,1896,33.6
Peru,1897,33.5
Peru,1898,33.5
Peru,1899,33.4
Peru,1900,33.4
Peru,1901,33.4
Peru,1902,33.3
Peru,1903,33.3
Peru,1904,33.2
Peru,1905,33.2
Peru,1906,33.1
Peru,1907,33.1
Peru,1908,33
Peru,1909,33
Peru,1910,32.9
Peru,1911,32.9
Peru,1912,32.8
Peru,1913,32.8
Peru,1914,32.8
Peru,1915,32.7
Peru,1916,32.7
Peru,1917,32.6
Peru,1918,28.8
Peru,1919,32.5
Peru,1920,32.5
Peru,1921,32.4
Peru,1922,32.4
Peru,1923,32.3
Peru,1924,32.3
Peru,1925,32.2
Peru,1926,32.2
Peru,1927,32.1
Peru,1928,32.1
Peru,1929,32.1
Peru,1930,32
Peru,1931,32
Peru,1932,31.9
Peru,1933,31.9
Peru,1934,31.8
Peru,1935,31.8
Peru,1936,31.7
Peru,1937,31.7
Peru,1938,31.6
Peru,1939,31.6
Peru,1940,31.6
Peru,1941,32.2
Peru,1942,32.9
Peru,1943,33.5
Peru,1944,34.2
Peru,1945,34.9
Peru,1946,35.5
Peru,1947,36.1
Peru,1948,36.8
Peru,1949,37.5
Peru,1950,38.1
Peru,1951,38.5
Peru,1952,40.3
Peru,1953,41.4
Peru,1954,42.8
Peru,1955,43.7
Peru,1956,44.6
Peru,1957,44.7
Peru,1958,46
Peru,1959,46.8
Peru,1960,47.3
Peru,1961,49
Peru,1962,50.1
Peru,1963,51.7
Peru,1964,53.8
Peru,1965,54.1
Peru,1966,55
Peru,1967,55.8
Peru,1968,56.4
Peru,1969,57.4
Peru,1970,48.6
Peru,1971,59.7
Peru,1972,60.9
Peru,1973,61.2
Peru,1974,62.1
Peru,1975,63.4
Peru,1976,64
Peru,1977,64.8
Peru,1978,65.3
Peru,1979,65.8
Peru,1980,65.1
Peru,1981,64.6
Peru,1982,66
Peru,1983,65.7
Peru,1984,65.9
Peru,1985,65.9
Peru,1986,67
Peru,1987,68.5
Peru,1988,68.9
Peru,1989,69.2
Peru,1990,69.2
Peru,1991,69.2
Peru,1992,70
Peru,1993,70.6
Peru,1994,71.2
Peru,1995,71.5
Peru,1996,72.5
Peru,1997,73
Peru,1998,73.4
Peru,1999,74.4
Peru,2000,74.6
Peru,2001,75.5
Peru,2002,75.9
Peru,2003,76
Peru,2004,76.7
Peru,2005,77.2
Peru,2006,77.7
Peru,2007,78.3
Peru,2008,78.5
Peru,2009,77.4
Peru,2010,77.3
Peru,2011,77.7
Peru,2012,78
Peru,2013,78.4
Peru,2014,78.9
Peru,2015,79.4
Peru,2016,79.6
Peru,2017,79.8
Peru,2018,80
Peru,2019,80.3
Peru,2020,77.6
Peru,2021,76.3
Peru,2022,77.3
Peru,2023,81.1
Peru,2024,81.3
Philippines,1800,30.9
Philippines,1801,30.9
Philippines,1802,30.9
Philippines,1803,30.9
Philippines,1804,30.9
Philippines,1805,30.9
Philippines,1806,30.9
Philippines,1807,30.9
Philippines,1808,30.9
Philippines,1809,30.9
Philippines,1810,30.9
Philippines,1811,30.9
Philippines,1812,30.9
Philippines,1813,30.9
Philippines,1814,30.9
Philippines,1815,30.9
Philippines,1816,30.9
Philippines,1817,30.9
Philippines,1818,30.9
Philippines,1819,30.9
Philippines,1820,30.9
Philippines,1821,30.9
Philippines,1822,30.9
Philippines,1823,30.9
Philippines,1824,30.9
Philippines,1825,30.9
Philippines,1826,30.9
Philippines,1827,30.9
Philippines,1828,30.9
Philippines,1829,30.9
Philippines,1830,30.9
Philippines,1831,30.9
Philippines,1832,30.9
Philippines,1833,30.9
Philippines,1834,30.9
Philippines,1835,30.9
Philippines,1836,30.9
Philippines,1837,30.9
Philippines,1838,30.9
Philippines,1839,30.9
Philippines,1840,30.9
Philippines,1841,30.9
Philippines,1842,30.9
Philippines,1843,30.9
Philippines,1844,30.9
Philippines,1845,30.9
Philippines,1846,30.9
Philippines,1847,30.9
Philippines,1848,30.9
Philippines,1849,30.9
Philippines,1850,30.9
Philippines,1851,30.9
Philippines,1852,30.9
Philippines,1853,30.9
Philippines,1854,30.9
Philippines,1855,30.9
Philippines,1856,30.9
Philippines,1857,30.9
Philippines,1858,30.9
Philippines,1859,30.9
Philippines,1860,30.9
Philippines,1861,30.9
Philippines,1862,30.9
Philippines,1863,30.9
Philippines,1864,30.9
Philippines,1865,30.9
Philippines,1866,30.9
Philippines,1867,30.9
Philippines,1868,30.9
Philippines,1869,30.9
Philippines,1870,30.9
Philippines,1871,30.9
Philippines,1872,30.9
Philippines,1873,30.9
Philippines,1874,30.9
Philippines,1875,30.9
Philippines,1876,30.9
Philippines,1877,30.9
Philippines,1878,30.9
Philippines,1879,30.9
Philippines,1880,30.9
Philippines,1881,30.9
Philippines,1882,30.9
Philippines,1883,30.9
Philippines,1884,30.9
Philippines,1885,30.9
Philippines,1886,30.9
Philippines,1887,30.9
Philippines,1888,30.9
Philippines,1889,30.9
Philippines,1890,30.9
Philippines,1891,30.9
Philippines,1892,30.9
Philippines,1893,30.9
Philippines,1894,30.9
Philippines,1895,30.9
Philippines,1896,30.9
Philippines,1897,30.9
Philippines,1898,30.9
Philippines,1899,30.9
Philippines,1900,30.9
Philippines,1901,30.9
Philippines,1902,12.7
Philippines,1903,20
Philippines,1904,30.9
Philippines,1905,30.9
Philippines,1906,30.9
Philippines,1907,30.9
Philippines,1908,30.9
Philippines,1909,30.9
Philippines,1910,30.9
Philippines,1911,30.9
Philippines,1912,30.9
Philippines,1913,30.9
Philippines,1914,30.9
Philippines,1915,30.9
Philippines,1916,30.9
Philippines,1917,30.9
Philippines,1918,25.6
Philippines,1919,30.9
Philippines,1920,30.9
Philippines,1921,30.9
Philippines,1922,30.9
Philippines,1923,30.9
Philippines,1924,30.9
Philippines,1925,30.9
Philippines,1926,31.6
Philippines,1927,32.3
Philippines,1928,33
Philippines,1929,33.7
Philippines,1930,34.4
Philippines,1931,35.1
Philippines,1932,35.8
Philippines,1933,36.5
Philippines,1934,37.1
Philippines,1935,37.9
Philippines,1936,38.5
Philippines,1937,39.3
Philippines,1938,40
Philippines,1939,41.2
Philippines,1940,42.4
Philippines,1941,41
Philippines,1942,34.9
Philippines,1943,37.2
Philippines,1944,32.6
Philippines,1945,30.1
Philippines,1946,41.2
Philippines,1947,44.7
Philippines,1948,48.2
Philippines,1949,51.6
Philippines,1950,55.1
Philippines,1951,54.2
Philippines,1952,55.9
Philippines,1953,57.1
Philippines,1954,57.7
Philippines,1955,58.1
Philippines,1956,58.4
Philippines,1957,59.7
Philippines,1958,61
Philippines,1959,62.1
Philippines,1960,61.3
Philippines,1961,61.5
Philippines,1962,61.8
Philippines,1963,62.4
Philippines,1964,62.5
Philippines,1965,62.5
Philippines,1966,62.8
Philippines,1967,62.8
Philippines,1968,62.9
Philippines,1969,63.1
Philippines,1970,62.7
Philippines,1971,63.1
Philippines,1972,62.7
Philippines,1973,63.3
Philippines,1974,63.4
Philippines,1975,64.1
Philippines,1976,63.7
Philippines,1977,64.2
Philippines,1978,64.9
Philippines,1979,65.4
Philippines,1980,65.7
Philippines,1981,66
Philippines,1982,66.1
Philippines,1983,66.3
Philippines,1984,66.5
Philippines,1985,66.5
Philippines,1986,66.9
Philippines,1987,67
Philippines,1988,67.4
Philippines,1989,67.9
Philippines,1990,68.4
Philippines,1991,68.9
Philippines,1992,69.3
Philippines,1993,69.4
Philippines,1994,69.6
Philippines,1995,69.8
Philippines,1996,69.9
Philippines,1997,70.1
Philippines,1998,70.2
Philippines,1999,70.5
Philippines,2000,70.3
Philippines,2001,70.2
Philippines,2002,70.2
Philippines,2003,70.3
Philippines,2004,70.4
Philippines,2005,70.3
Philippines,2006,70.2
Philippines,2007,70.5
Philippines,2008,70.4
Philippines,2009,70.4
Philippines,2010,70.6
Philippines,2011,70.7
Philippines,2012,70.7
Philippines,2013,70.6
Philippines,2014,71
Philippines,2015,70.9
Philippines,2016,71
Philippines,2017,71.2
Philippines,2018,71.6
Philippines,2019,71.8
Philippines,2020,72.1
Philippines,2021,69.2
Philippines,2022,72.2
Philippines,2023,72.3
Philippines,2024,72.4
Palau,1950,49
Palau,1951,49.5
Palau,1952,49.9
Palau,1953,50.4
Palau,1954,50.9
Palau,1955,51.4
Palau,1956,51.9
Palau,1957,52.4
Palau,1958,52.9
Palau,1959,53.3
Palau,1960,53.9
Palau,1961,54.4
Palau,1962,55
Palau,1963,55.5
Palau,1964,56
Palau,1965,56.5
Palau,1966,57
Palau,1967,57.4
Palau,1968,57.9
Palau,1969,58.3
Palau,1970,58.8
Palau,1971,59.1
Palau,1972,59.4
Palau,1973,59.6
Palau,1974,60.1
Palau,1975,60.4
Palau,1976,60.8
Palau,1977,61.1
Palau,1978,61.5
Palau,1979,61.9
Palau,1980,62.2
Palau,1981,62.4
Palau,1982,62.7
Palau,1983,62.9
Palau,1984,63.2
Palau,1985,63.4
Palau,1986,63.7
Palau,1987,64
Palau,1988,64.3
Palau,1989,64.6
Palau,1990,64.9
Palau,1991,65.2
Palau,1992,65.5
Palau,1993,65.7
Palau,1994,65.9
Palau,1995,66
Palau,1996,66
Palau,1997,66.2
Palau,1998,66.2
Palau,1999,66.2
Palau,2000,66.4
Palau,2001,66.5
Palau,2002,66.7
Palau,2003,66.8
Palau,2004,66.8
Palau,2005,66.8
Palau,2006,66.9
Palau,2007,67
Palau,2008,67
Palau,2009,67
Palau,2010,67
Palau,2011,67
Palau,2012,67
Palau,2013,67
Palau,2014,67.1
Palau,2015,67.2
Palau,2016,67.3
Palau,2017,67.4
Palau,2018,67.4
Palau,2019,67.5
Palau,2020,68.1
Palau,2021,68.8
Palau,2022,68.1
Palau,2023,68.3
Palau,2024,68.5
Papua New Guinea,1800,31.5
Papua New Guinea,1801,31.5
Papua New Guinea,1802,31.5
Papua New Guinea,1803,31.5
Papua New Guinea,1804,31.5
Papua New Guinea,1805,31.5
Papua New Guinea,1806,31.5
Papua New Guinea,1807,31.5
Papua New Guinea,1808,31.5
Papua New Guinea,1809,31.5
Papua New Guinea,1810,31.5
Papua New Guinea,1811,31.5
Papua New Guinea,1812,31.5
Papua New Guinea,1813,31.5
Papua New Guinea,1814,31.5
Papua New Guinea,1815,31.5
Papua New Guinea,1816,31.5
Papua New Guinea,1817,31.5
Papua New Guinea,1818,31.5
Papua New Guinea,1819,31.5
Papua New Guinea,1820,31.5
Papua New Guinea,1821,31.5
Papua New Guinea,1822,31.5
Papua New Guinea,1823,31.5
Papua New Guinea,1824,31.5
Papua New Guinea,1825,31.5
Papua New Guinea,1826,31.5
Papua New Guinea,1827,31.5
Papua New Guinea,1828,31.5
Papua New Guinea,1829,31.5
Papua New Guinea,1830,31.5
Papua New Guinea,1831,31.5
Papua New Guinea,1832,31.5
Papua New Guinea,1833,31.5
Papua New Guinea,1834,31.5
Papua New Guinea,1835,31.5
Papua New Guinea,1836,31.5
Papua New Guinea,1837,31.5
Papua New Guinea,1838,31.5
Papua New Guinea,1839,31.5
Papua New Guinea,1840,31.5
Papua New Guinea,1841,31.5
Papua New Guinea,1842,31.5
Papua New Guinea,1843,31.5
Papua New Guinea,1844,31.5
Papua New Guinea,1845,31.5
Papua New Guinea,1846,31.5
Papua New Guinea,1847,31.5
Papua New Guinea,1848,31.5
Papua New Guinea,1849,31.5
Papua New Guinea,1850,31.5
Papua New Guinea,1851,31.6
Papua New Guinea,1852,31.8
Papua New Guinea,1853,31.9
Papua New Guinea,1854,32.1
Papua New Guinea,1855,32.2
Papua New Guinea,1856,32.4
Papua New Guinea,1857,32.5
Papua New Guinea,1858,32.7
Papua New Guinea,1859,32.8
Papua New Guinea,1860,33
Papua New Guinea,1861,33.1
Papua New Guinea,1862,33.3
Papua New Guinea,1863,33.4
Papua New Guinea,1864,33.6
Papua New Guinea,1865,33.7
Papua New Guinea,1866,33.9
Papua New Guinea,1867,34
Papua New Guinea,1868,34.2
Papua New Guinea,1869,34.3
Papua New Guinea,1870,34.5
Papua New Guinea,1871,34.6
Papua New Guinea,1872,34.8
Papua New Guinea,1873,34.9
Papua New Guinea,1874,35
Papua New Guinea,1875,35.2
Papua New Guinea,1876,35.3
Papua New Guinea,1877,35.5
Papua New Guinea,1878,35.6
Papua New Guinea,1879,35.8
Papua New Guinea,1880,35.9
Papua New Guinea,1881,36.1
Papua New Guinea,1882,36.2
Papua New Guinea,1883,36.4
Papua New Guinea,1884,36.5
Papua New Guinea,1885,36.7
Papua New Guinea,1886,36.8
Papua New Guinea,1887,37
Papua New Guinea,1888,37.1
Papua New Guinea,1889,37.3
Papua New Guinea,1890,37.4
Papua New Guinea,1891,37.6
Papua New Guinea,1892,37.7
Papua New Guinea,1893,37.9
Papua New Guinea,1894,38
Papua New Guinea,1895,38.1
Papua New Guinea,1896,38.3
Papua New Guinea,1897,38.5
Papua New Guinea,1898,38.6
Papua New Guinea,1899,38.7
Papua New Guinea,1900,38.9
Papua New Guinea,1901,39
Papua New Guinea,1902,39.2
Papua New Guinea,1903,39.3
Papua New Guinea,1904,39.5
Papua New Guinea,1905,39.6
Papua New Guinea,1906,39.8
Papua New Guinea,1907,39.9
Papua New Guinea,1908,40.1
Papua New Guinea,1909,40.2
Papua New Guinea,1910,40.4
Papua New Guinea,1911,40.5
Papua New Guinea,1912,40.7
Papua New Guinea,1913,40.8
Papua New Guinea,1914,41
Papua New Guinea,1915,41.1
Papua New Guinea,1916,41.3
Papua New Guinea,1917,41.4
Papua New Guinea,1918,41.5
Papua New Guinea,1919,41.7
Papua New Guinea,1920,41.9
Papua New Guinea,1921,42
Papua New Guinea,1922,42.1
Papua New Guinea,1923,42.3
Papua New Guinea,1924,42.4
Papua New Guinea,1925,42.6
Papua New Guinea,1926,42.7
Papua New Guinea,1927,42.9
Papua New Guinea,1928,43
Papua New Guinea,1929,43.2
Papua New Guinea,1930,43.3
Papua New Guinea,1931,43.5
Papua New Guinea,1932,43.6
Papua New Guinea,1933,43.8
Papua New Guinea,1934,43.9
Papua New Guinea,1935,44.1
Papua New Guinea,1936,44.2
Papua New Guinea,1937,44.4
Papua New Guinea,1938,44.5
Papua New Guinea,1939,44.7
Papua New Guinea,1940,44.8
Papua New Guinea,1941,45
Papua New Guinea,1942,44.4
Papua New Guinea,1943,43.1
Papua New Guinea,1944,41.8
Papua New Guinea,1945,40.5
Papua New Guinea,1946,45.8
Papua New Guinea,1947,46.7
Papua New Guinea,1948,47.7
Papua New Guinea,1949,48.6
Papua New Guinea,1950,49.6
Papua New Guinea,1951,47.2
Papua New Guinea,1952,50
Papua New Guinea,1953,50.5
Papua New Guinea,1954,50.9
Papua New Guinea,1955,51.3
Papua New Guinea,1956,51.6
Papua New Guinea,1957,52.2
Papua New Guinea,1958,52.7
Papua New Guinea,1959,53.2
Papua New Guinea,1960,53.7
Papua New Guinea,1961,54.2
Papua New Guinea,1962,54.6
Papua New Guinea,1963,55.3
Papua New Guinea,1964,55.7
Papua New Guinea,1965,56.1
Papua New Guinea,1966,56.9
Papua New Guinea,1967,57.3
Papua New Guinea,1968,57.8
Papua New Guinea,1969,58.4
Papua New Guinea,1970,59
Papua New Guinea,1971,59.4
Papua New Guinea,1972,59.9
Papua New Guinea,1973,60.3
Papua New Guinea,1974,60.7
Papua New Guinea,1975,61.1
Papua New Guinea,1976,61.4
Papua New Guinea,1977,61.6
Papua New Guinea,1978,61.8
Papua New Guinea,1979,62
Papua New Guinea,1980,62.1
Papua New Guinea,1981,62.2
Papua New Guinea,1982,62.2
Papua New Guinea,1983,62.2
Papua New Guinea,1984,62.2
Papua New Guinea,1985,62.2
Papua New Guinea,1986,62.3
Papua New Guinea,1987,62.4
Papua New Guinea,1988,62.4
Papua New Guinea,1989,62.5
Papua New Guinea,1990,62.6
Papua New Guinea,1991,62.5
Papua New Guinea,1992,62.7
Papua New Guinea,1993,62.9
Papua New Guinea,1994,63.1
Papua New Guinea,1995,63.2
Papua New Guinea,1996,63.4
Papua New Guinea,1997,63.5
Papua New Guinea,1998,62.4
Papua New Guinea,1999,63.3
Papua New Guinea,2000,63.1
Papua New Guinea,2001,62.9
Papua New Guinea,2002,62.7
Papua New Guinea,2003,62.5
Papua New Guinea,2004,62.3
Papua New Guinea,2005,62.2
Papua New Guinea,2006,62.2
Papua New Guinea,2007,62.3
Papua New Guinea,2008,62.5
Papua New Guinea,2009,62.6
Papua New Guinea,2010,62.8
Papua New Guinea,2011,63
Papua New Guinea,2012,63.1
Papua New Guinea,2013,63.4
Papua New Guinea,2014,63.7
Papua New Guinea,2015,63.9
Papua New Guinea,2016,64.1
Papua New Guinea,2017,64.3
Papua New Guinea,2018,64.4
Papua New Guinea,2019,64.7
Papua New Guinea,2020,65
Papua New Guinea,2021,64.5
Papua New Guinea,2022,65.1
Papua New Guinea,2023,65.3
Papua New Guinea,2024,65.5
Poland,1800,35.9
Poland,1801,35.9
Poland,1802,35.9
Poland,1803,35.9
Poland,1804,35.9
Poland,1805,35.9
Poland,1806,35.9
Poland,1807,35.9
Poland,1808,35.9
Poland,1809,35.9
Poland,1810,35.9
Poland,1811,35.9
Poland,1812,35.9
Poland,1813,35.9
Poland,1814,35.9
Poland,1815,35.9
Poland,1816,35.9
Poland,1817,35.9
Poland,1818,35.9
Poland,1819,35.9
Poland,1820,35.9
Poland,1821,35.9
Poland,1822,35.9
Poland,1823,35.9
Poland,1824,35.9
Poland,1825,35.9
Poland,1826,35.9
Poland,1827,35.9
Poland,1828,35.9
Poland,1829,35.9
Poland,1830,35.9
Poland,1831,35.9
Poland,1832,35.9
Poland,1833,35.9
Poland,1834,35.9
Poland,1835,35.9
Poland,1836,35.9
Poland,1837,35.9
Poland,1838,35.9
Poland,1839,35.9
Poland,1840,35.9
Poland,1841,35.9
Poland,1842,35.9
Poland,1843,35.9
Poland,1844,35.9
Poland,1845,35.9
Poland,1846,35.9
Poland,1847,35.9
Poland,1848,35.9
Poland,1849,35.9
Poland,1850,35.9
Poland,1851,35.9
Poland,1852,35.9
Poland,1853,35.9
Poland,1854,35.9
Poland,1855,35.9
Poland,1856,35.9
Poland,1857,35.9
Poland,1858,35.9
Poland,1859,35.9
Poland,1860,35.9
Poland,1861,35.9
Poland,1862,35.9
Poland,1863,35.9
Poland,1864,35.9
Poland,1865,35.9
Poland,1866,35.9
Poland,1867,35.9
Poland,1868,35.9
Poland,1869,35.9
Poland,1870,35.9
Poland,1871,35.9
Poland,1872,35.9
Poland,1873,35.9
Poland,1874,35.9
Poland,1875,35.9
Poland,1876,35.9
Poland,1877,35.9
Poland,1878,35.9
Poland,1879,35.9
Poland,1880,35.9
Poland,1881,35.9
Poland,1882,35.9
Poland,1883,35.9
Poland,1884,35.9
Poland,1885,35.9
Poland,1886,36.2
Poland,1887,36.5
Poland,1888,36.8
Poland,1889,37.1
Poland,1890,37.4
Poland,1891,37.7
Poland,1892,38
Poland,1893,38.3
Poland,1894,38.6
Poland,1895,38.9
Poland,1896,39.2
Poland,1897,39.5
Poland,1898,39.8
Poland,1899,40.1
Poland,1900,40.4
Poland,1901,40.7
Poland,1902,41
Poland,1903,41.3
Poland,1904,41.6
Poland,1905,41.9
Poland,1906,42.2
Poland,1907,42.5
Poland,1908,42.8
Poland,1909,43.1
Poland,1910,43.4
Poland,1911,43.7
Poland,1912,44
Poland,1913,44.3
Poland,1914,44.6
Poland,1915,44.9
Poland,1916,45.2
Poland,1917,45.5
Poland,1918,38.6
Poland,1919,46.1
Poland,1920,46.4
Poland,1921,46.7
Poland,1922,47
Poland,1923,47.3
Poland,1924,47.6
Poland,1925,47.9
Poland,1926,48.2
Poland,1927,48.5
Poland,1928,48.8
Poland,1929,49.1
Poland,1930,49.4
Poland,1931,49.7
Poland,1932,50.2
Poland,1933,50.7
Poland,1934,51.2
Poland,1935,51.7
Poland,1936,52.2
Poland,1937,52.6
Poland,1938,53.1
Poland,1939,44.9
Poland,1940,44.6
Poland,1941,41
Poland,1942,33.4
Poland,1943,23.6
Poland,1944,15.4
Poland,1945,34.3
Poland,1946,47
Poland,1947,53.9
Poland,1948,56.9
Poland,1949,57.9
Poland,1950,59
Poland,1951,57.9
Poland,1952,60.1
Poland,1953,62.2
Poland,1954,62.7
Poland,1955,63.4
Poland,1956,64.9
Poland,1957,64.2
Poland,1958,65.8
Poland,1959,65.8
Poland,1960,67.9
Poland,1961,68.1
Poland,1962,67.9
Poland,1963,68.6
Poland,1964,69.1
Poland,1965,69.7
Poland,1966,70
Poland,1967,69.8
Poland,1968,70.3
Poland,1969,69.9
Poland,1970,70.2
Poland,1971,70.1
Poland,1972,71
Poland,1973,71.1
Poland,1974,71.6
Poland,1975,71.1
Poland,1976,71.1
Poland,1977,70.9
Poland,1978,70.9
Poland,1979,71.1
Poland,1980,70.5
Poland,1981,71.4
Poland,1982,71.5
Poland,1983,71.3
Poland,1984,71
Poland,1985,70.8
Poland,1986,71
Poland,1987,71.1
Poland,1988,71.4
Poland,1989,71.2
Poland,1990,71.1
Poland,1991,70.8
Poland,1992,71.2
Poland,1993,71.8
Poland,1994,71.8
Poland,1995,72
Poland,1996,72.5
Poland,1997,72.7
Poland,1998,73.1
Poland,1999,73.2
Poland,2000,73.9
Poland,2001,74.3
Poland,2002,74.7
Poland,2003,74.9
Poland,2004,75
Poland,2005,75.2
Poland,2006,75.3
Poland,2007,75.4
Poland,2008,75.6
Poland,2009,75.9
Poland,2010,76.5
Poland,2011,76.8
Poland,2012,76.9
Poland,2013,77.2
Poland,2014,77.6
Poland,2015,77.6
Poland,2016,77.9
Poland,2017,78
Poland,2018,78
Poland,2019,78.1
Poland,2020,77.1
Poland,2021,76.6
Poland,2022,77.2
Poland,2023,78.8
Poland,2024,78.9
North Korea,1800,26
North Korea,1801,26
North Korea,1802,26
North Korea,1803,26
North Korea,1804,26
North Korea,1805,26
North Korea,1806,26
North Korea,1807,26
North Korea,1808,26
North Korea,1809,26
North Korea,1810,26
North Korea,1811,26
North Korea,1812,26
North Korea,1813,26
North Korea,1814,26
North Korea,1815,26
North Korea,1816,26
North Korea,1817,26
North Korea,1818,26
North Korea,1819,26
North Korea,1820,26
North Korea,1821,26
North Korea,1822,26
North Korea,1823,26
North Korea,1824,26
North Korea,1825,26
North Korea,1826,26
North Korea,1827,26
North Korea,1828,26
North Korea,1829,26
North Korea,1830,26
North Korea,1831,26
North Korea,1832,26
North Korea,1833,26
North Korea,1834,26
North Korea,1835,26
North Korea,1836,26
North Korea,1837,26
North Korea,1838,26
North Korea,1839,26
North Korea,1840,26
North Korea,1841,26
North Korea,1842,26
North Korea,1843,26
North Korea,1844,26
North Korea,1845,26
North Korea,1846,26
North Korea,1847,26
North Korea,1848,26
North Korea,1849,26
North Korea,1850,26
North Korea,1851,25.9
North Korea,1852,25.8
North Korea,1853,25.7
North Korea,1854,25.6
North Korea,1855,25.4
North Korea,1856,25.3
North Korea,1857,25.2
North Korea,1858,25.1
North Korea,1859,25
North Korea,1860,24.9
North Korea,1861,24.8
North Korea,1862,24.6
North Korea,1863,24.5
North Korea,1864,24.4
North Korea,1865,24.3
North Korea,1866,24.2
North Korea,1867,24.1
North Korea,1868,24
North Korea,1869,23.9
North Korea,1870,23.7
North Korea,1871,23.6
North Korea,1872,23.5
North Korea,1873,23.4
North Korea,1874,23.3
North Korea,1875,23.2
North Korea,1876,23.1
North Korea,1877,22.9
North Korea,1878,22.8
North Korea,1879,22.7
North Korea,1880,22.6
North Korea,1881,22.5
North Korea,1882,22.4
North Korea,1883,22.3
North Korea,1884,22.2
North Korea,1885,22.1
North Korea,1886,21.9
North Korea,1887,21.8
North Korea,1888,21.7
North Korea,1889,21.6
North Korea,1890,21.5
North Korea,1891,21.4
North Korea,1892,21.3
North Korea,1893,21.1
North Korea,1894,21
North Korea,1895,20.9
North Korea,1896,20.8
North Korea,1897,20.7
North Korea,1898,20.6
North Korea,1899,20.5
North Korea,1900,20.4
North Korea,1901,20.3
North Korea,1902,20.1
North Korea,1903,20
North Korea,1904,19.5
North Korea,1905,19
North Korea,1906,18.6
North Korea,1907,18.1
North Korea,1908,17.6
North Korea,1909,17.7
North Korea,1910,17.8
North Korea,1911,17.9
North Korea,1912,18.1
North Korea,1913,18.1
North Korea,1914,18.4
North Korea,1915,18.6
North Korea,1916,18.9
North Korea,1917,19.1
North Korea,1918,12
North Korea,1919,19.3
North Korea,1920,19.5
North Korea,1921,19.7
North Korea,1922,19.9
North Korea,1923,20.2
North Korea,1924,20.6
North Korea,1925,21
North Korea,1926,21.4
North Korea,1927,21.8
North Korea,1928,22.2
North Korea,1929,22.6
North Korea,1930,22.9
North Korea,1931,23.3
North Korea,1932,23.6
North Korea,1933,23.9
North Korea,1934,24.4
North Korea,1935,24.9
North Korea,1936,25.4
North Korea,1937,25.9
North Korea,1938,26.3
North Korea,1939,26.5
North Korea,1940,26.6
North Korea,1941,26.8
North Korea,1942,26.9
North Korea,1943,25.6
North Korea,1944,24.8
North Korea,1945,24.9
North Korea,1946,26.2
North Korea,1947,27.1
North Korea,1948,27.3
North Korea,1949,27.3
North Korea,1950,20.3
North Korea,1951,24.4
North Korea,1952,36.4
North Korea,1953,40.7
North Korea,1954,42.6
North Korea,1955,43.5
North Korea,1956,44.2
North Korea,1957,45.1
North Korea,1958,45.9
North Korea,1959,46.8
North Korea,1960,47.6
North Korea,1961,48.5
North Korea,1962,49.4
North Korea,1963,50.3
North Korea,1964,51.3
North Korea,1965,52.3
North Korea,1966,53.2
North Korea,1967,54.2
North Korea,1968,55.1
North Korea,1969,56.1
North Korea,1970,57.1
North Korea,1971,58.1
North Korea,1972,58.9
North Korea,1973,59.7
North Korea,1974,60.4
North Korea,1975,61.1
North Korea,1976,61.8
North Korea,1977,62.5
North Korea,1978,63
North Korea,1979,63.6
North Korea,1980,64
North Korea,1981,64.5
North Korea,1982,64.9
North Korea,1983,65.3
North Korea,1984,65.8
North Korea,1985,66.2
North Korea,1986,66.5
North Korea,1987,66.9
North Korea,1988,67.3
North Korea,1989,67.7
North Korea,1990,68
North Korea,1991,68.2
North Korea,1992,68.4
North Korea,1993,68.6
North Korea,1994,68.7
North Korea,1995,61.8
North Korea,1996,62.6
North Korea,1997,62.6
North Korea,1998,62.5
North Korea,1999,62.5
North Korea,2000,63.9
North Korea,2001,64
North Korea,2002,64.2
North Korea,2003,69.7
North Korea,2004,69.8
North Korea,2005,70
North Korea,2006,70.2
North Korea,2007,70.3
North Korea,2008,70.5
North Korea,2009,70.7
North Korea,2010,70.9
North Korea,2011,71.2
North Korea,2012,71.4
North Korea,2013,71.7
North Korea,2014,71.9
North Korea,2015,72.2
North Korea,2016,72.4
North Korea,2017,72.7
North Korea,2018,72.9
North Korea,2019,73.2
North Korea,2020,73.2
North Korea,2021,73.2
North Korea,2022,73.5
North Korea,2023,73.7
North Korea,2024,73.8
Portugal,1800,35.6
Portugal,1801,35.6
Portugal,1802,35.6
Portugal,1803,35.6
Portugal,1804,35.6
Portugal,1805,35.6
Portugal,1806,35.6
Portugal,1807,35.6
Portugal,1808,35.6
Portugal,1809,35.6
Portugal,1810,35.6
Portugal,1811,35.6
Portugal,1812,35.6
Portugal,1813,35.6
Portugal,1814,35.6
Portugal,1815,35.6
Portugal,1816,35.6
Portugal,1817,35.6
Portugal,1818,35.6
Portugal,1819,35.6
Portugal,1820,35.6
Portugal,1821,35.6
Portugal,1822,35.6
Portugal,1823,35.6
Portugal,1824,35.6
Portugal,1825,35.6
Portugal,1826,35.6
Portugal,1827,35.6
Portugal,1828,35.6
Portugal,1829,35.6
Portugal,1830,35.6
Portugal,1831,35.6
Portugal,1832,35.6
Portugal,1833,35.6
Portugal,1834,35.6
Portugal,1835,35.6
Portugal,1836,35.6
Portugal,1837,35.6
Portugal,1838,35.6
Portugal,1839,35.6
Portugal,1840,35.6
Portugal,1841,35.6
Portugal,1842,35.6
Portugal,1843,35.6
Portugal,1844,35.6
Portugal,1845,35.6
Portugal,1846,35.6
Portugal,1847,35.6
Portugal,1848,35.6
Portugal,1849,35.6
Portugal,1850,35.6
Portugal,1851,35.6
Portugal,1852,35.6
Portugal,1853,35.6
Portugal,1854,35.6
Portugal,1855,35.6
Portugal,1856,35.6
Portugal,1857,35.6
Portugal,1858,35.6
Portugal,1859,35.6
Portugal,1860,35.6
Portugal,1861,35.6
Portugal,1862,35.7
Portugal,1863,35.7
Portugal,1864,35.7
Portugal,1865,35.7
Portugal,1866,35.7
Portugal,1867,35.7
Portugal,1868,35.7
Portugal,1869,35.7
Portugal,1870,35.7
Portugal,1871,35.7
Portugal,1872,35.7
Portugal,1873,35.7
Portugal,1874,35.7
Portugal,1875,35.7
Portugal,1876,35.7
Portugal,1877,35.7
Portugal,1878,35.7
Portugal,1879,35.7
Portugal,1880,35.7
Portugal,1881,35.7
Portugal,1882,35.8
Portugal,1883,35.8
Portugal,1884,35.8
Portugal,1885,35.8
Portugal,1886,35.8
Portugal,1887,35.8
Portugal,1888,35.8
Portugal,1889,35.8
Portugal,1890,35.8
Portugal,1891,35.8
Portugal,1892,35.8
Portugal,1893,35.8
Portugal,1894,35.8
Portugal,1895,35.8
Portugal,1896,35.8
Portugal,1897,35.8
Portugal,1898,35.8
Portugal,1899,35.8
Portugal,1900,35.8
Portugal,1901,35.8
Portugal,1902,35.8
Portugal,1903,35.8
Portugal,1904,35.9
Portugal,1905,35.9
Portugal,1906,35.9
Portugal,1907,35.9
Portugal,1908,35.9
Portugal,1909,35.9
Portugal,1910,35.9
Portugal,1911,35.9
Portugal,1912,35.9
Portugal,1913,35.9
Portugal,1914,35.9
Portugal,1915,35.9
Portugal,1916,35.9
Portugal,1917,35.9
Portugal,1918,20.6
Portugal,1919,35.9
Portugal,1920,35.9
Portugal,1921,35.9
Portugal,1922,35.9
Portugal,1923,35.9
Portugal,1924,35.9
Portugal,1925,35.9
Portugal,1926,37
Portugal,1927,38.1
Portugal,1928,39.2
Portugal,1929,40.2
Portugal,1930,41.3
Portugal,1931,42.4
Portugal,1932,43.4
Portugal,1933,44.5
Portugal,1934,45.6
Portugal,1935,46.7
Portugal,1936,47.7
Portugal,1937,48.8
Portugal,1938,49.9
Portugal,1939,51
Portugal,1940,52
Portugal,1941,48.5
Portugal,1942,50.5
Portugal,1943,51.7
Portugal,1944,53.1
Portugal,1945,54.5
Portugal,1946,54.3
Portugal,1947,56.7
Portugal,1948,57.5
Portugal,1949,56.1
Portugal,1950,59.3
Portugal,1951,60
Portugal,1952,60.3
Portugal,1953,61.4
Portugal,1954,62.6
Portugal,1955,61.4
Portugal,1956,61.7
Portugal,1957,62.1
Portugal,1958,63.8
Portugal,1959,63.6
Portugal,1960,64.7
Portugal,1961,63.6
Portugal,1962,64.5
Portugal,1963,65.2
Portugal,1964,65.3
Portugal,1965,65.9
Portugal,1966,65.8
Portugal,1967,66.3
Portugal,1968,66.7
Portugal,1969,66.8
Portugal,1970,67.4
Portugal,1971,67.7
Portugal,1972,69.1
Portugal,1973,69
Portugal,1974,69.2
Portugal,1975,69.3
Portugal,1976,69.8
Portugal,1977,70.4
Portugal,1978,71.1
Portugal,1979,71.6
Portugal,1980,71.8
Portugal,1981,72.1
Portugal,1982,72.6
Portugal,1983,72.7
Portugal,1984,73
Portugal,1985,73.3
Portugal,1986,73.6
Portugal,1987,73.9
Portugal,1988,74.1
Portugal,1989,74.3
Portugal,1990,74.3
Portugal,1991,74.3
Portugal,1992,74.7
Portugal,1993,74.9
Portugal,1994,75.4
Portugal,1995,75.5
Portugal,1996,75.6
Portugal,1997,75.9
Portugal,1998,76.2
Portugal,1999,76.4
Portugal,2000,76.8
Portugal,2001,77.2
Portugal,2002,77.5
Portugal,2003,77.8
Portugal,2004,78.4
Portugal,2005,78.8
Portugal,2006,79.2
Portugal,2007,79.4
Portugal,2008,79.7
Portugal,2009,79.9
Portugal,2010,80.2
Portugal,2011,80.5
Portugal,2012,80.8
Portugal,2013,81.1
Portugal,2014,81.3
Portugal,2015,81.5
Portugal,2016,81.6
Portugal,2017,81.6
Portugal,2018,81.7
Portugal,2019,81.7
Portugal,2020,81.1
Portugal,2021,81.1
Portugal,2022,82.3
Portugal,2023,82.4
Portugal,2024,82.6
Paraguay,1800,35.5
Paraguay,1801,35.5
Paraguay,1802,35.5
Paraguay,1803,35.5
Paraguay,1804,35.5
Paraguay,1805,35.5
Paraguay,1806,35.5
Paraguay,1807,35.5
Paraguay,1808,35.5
Paraguay,1809,35.5
Paraguay,1810,35.5
Paraguay,1811,35.5
Paraguay,1812,35.5
Paraguay,1813,35.5
Paraguay,1814,35.5
Paraguay,1815,35.5
Paraguay,1816,35.5
Paraguay,1817,35.5
Paraguay,1818,35.5
Paraguay,1819,35.5
Paraguay,1820,35.5
Paraguay,1821,35.5
Paraguay,1822,35.5
Paraguay,1823,35.5
Paraguay,1824,35.5
Paraguay,1825,35.5
Paraguay,1826,35.5
Paraguay,1827,35.5
Paraguay,1828,35.5
Paraguay,1829,35.5
Paraguay,1830,35.5
Paraguay,1831,35.5
Paraguay,1832,35.5
Paraguay,1833,35.5
Paraguay,1834,35.5
Paraguay,1835,35.5
Paraguay,1836,35.5
Paraguay,1837,35.5
Paraguay,1838,35.5
Paraguay,1839,35.5
Paraguay,1840,35.5
Paraguay,1841,35.5
Paraguay,1842,35.5
Paraguay,1843,35.5
Paraguay,1844,35.5
Paraguay,1845,35.5
Paraguay,1846,35.5
Paraguay,1847,35.5
Paraguay,1848,35.5
Paraguay,1849,35.5
Paraguay,1850,35.5
Paraguay,1851,35.5
Paraguay,1852,35.5
Paraguay,1853,35.5
Paraguay,1854,35.4
Paraguay,1855,35.4
Paraguay,1856,35.4
Paraguay,1857,35.4
Paraguay,1858,35.4
Paraguay,1859,35.4
Paraguay,1860,35.4
Paraguay,1861,35.3
Paraguay,1862,35.3
Paraguay,1863,35.3
Paraguay,1864,35.3
Paraguay,1865,35.3
Paraguay,1866,35.3
Paraguay,1867,35.2
Paraguay,1868,35.2
Paraguay,1869,35.2
Paraguay,1870,35.2
Paraguay,1871,35.2
Paraguay,1872,35.2
Paraguay,1873,35.1
Paraguay,1874,35.1
Paraguay,1875,35.1
Paraguay,1876,35.1
Paraguay,1877,35.1
Paraguay,1878,35.1
Paraguay,1879,35
Paraguay,1880,35
Paraguay,1881,35
Paraguay,1882,35
Paraguay,1883,35
Paraguay,1884,35
Paraguay,1885,35
Paraguay,1886,34.9
Paraguay,1887,34.9
Paraguay,1888,34.9
Paraguay,1889,34.9
Paraguay,1890,34.9
Paraguay,1891,34.9
Paraguay,1892,34.9
Paraguay,1893,34.8
Paraguay,1894,34.8
Paraguay,1895,34.8
Paraguay,1896,34.8
Paraguay,1897,34.8
Paraguay,1898,34.8
Paraguay,1899,34.7
Paraguay,1900,34.7
Paraguay,1901,34.7
Paraguay,1902,34.7
Paraguay,1903,34.7
Paraguay,1904,34.7
Paraguay,1905,34.6
Paraguay,1906,34.6
Paraguay,1907,34.6
Paraguay,1908,34.6
Paraguay,1909,34.6
Paraguay,1910,34.6
Paraguay,1911,34.6
Paraguay,1912,34.5
Paraguay,1913,34.5
Paraguay,1914,34.5
Paraguay,1915,34.5
Paraguay,1916,34.5
Paraguay,1917,34.5
Paraguay,1918,30.4
Paraguay,1919,34.4
Paraguay,1920,34.4
Paraguay,1921,34.4
Paraguay,1922,34.4
Paraguay,1923,34.4
Paraguay,1924,34.4
Paraguay,1925,34.3
Paraguay,1926,34.3
Paraguay,1927,34.3
Paraguay,1928,34.3
Paraguay,1929,34.3
Paraguay,1930,34.3
Paraguay,1931,34.3
Paraguay,1932,34.2
Paraguay,1933,35.7
Paraguay,1934,37.1
Paraguay,1935,38.5
Paraguay,1936,40
Paraguay,1937,41.4
Paraguay,1938,42.9
Paraguay,1939,44.3
Paraguay,1940,45.7
Paraguay,1941,47.3
Paraguay,1942,48.8
Paraguay,1943,50.4
Paraguay,1944,51.9
Paraguay,1945,53.5
Paraguay,1946,55
Paraguay,1947,56.5
Paraguay,1948,58.1
Paraguay,1949,59.6
Paraguay,1950,61.1
Paraguay,1951,62.2
Paraguay,1952,65
Paraguay,1953,68.3
Paraguay,1954,68.5
Paraguay,1955,67.2
Paraguay,1956,68.5
Paraguay,1957,68.3
Paraguay,1958,68
Paraguay,1959,67.8
Paraguay,1960,69.1
Paraguay,1961,69.8
Paraguay,1962,69.9
Paraguay,1963,70.2
Paraguay,1964,70.4
Paraguay,1965,70.5
Paraguay,1966,70.4
Paraguay,1967,70.5
Paraguay,1968,70.6
Paraguay,1969,70.7
Paraguay,1970,70.8
Paraguay,1971,71
Paraguay,1972,70.9
Paraguay,1973,70.8
Paraguay,1974,70.9
Paraguay,1975,71.4
Paraguay,1976,71.6
Paraguay,1977,72.3
Paraguay,1978,72.4
Paraguay,1979,72.8
Paraguay,1980,73.1
Paraguay,1981,73.8
Paraguay,1982,74.2
Paraguay,1983,73.9
Paraguay,1984,74.1
Paraguay,1985,74.5
Paraguay,1986,75.3
Paraguay,1987,75.5
Paraguay,1988,75.5
Paraguay,1989,75.6
Paraguay,1990,75.8
Paraguay,1991,76.5
Paraguay,1992,76
Paraguay,1993,75.8
Paraguay,1994,75.7
Paraguay,1995,75.4
Paraguay,1996,75.1
Paraguay,1997,75.5
Paraguay,1998,75.6
Paraguay,1999,75.5
Paraguay,2000,75.6
Paraguay,2001,76
Paraguay,2002,76.1
Paraguay,2003,75.8
Paraguay,2004,75.2
Paraguay,2005,75.6
Paraguay,2006,75.6
Paraguay,2007,76
Paraguay,2008,76
Paraguay,2009,75.8
Paraguay,2010,75.7
Paraguay,2011,76
Paraguay,2012,76.2
Paraguay,2013,76
Paraguay,2014,76.4
Paraguay,2015,76.5
Paraguay,2016,76.1
Paraguay,2017,76.3
Paraguay,2018,76.5
Paraguay,2019,76.6
Paraguay,2020,76.2
Paraguay,2021,73.1
Paraguay,2022,73.3
Paraguay,2023,77.1
Paraguay,2024,77.2
Palestine,1800,32.1
Palestine,1801,32.1
Palestine,1802,32.1
Palestine,1803,32.1
Palestine,1804,32.1
Palestine,1805,32.1
Palestine,1806,32.1
Palestine,1807,32.1
Palestine,1808,32.1
Palestine,1809,32.1
Palestine,1810,32.1
Palestine,1811,32.1
Palestine,1812,32.1
Palestine,1813,32.1
Palestine,1814,32.1
Palestine,1815,32.1
Palestine,1816,32.1
Palestine,1817,32.1
Palestine,1818,32.1
Palestine,1819,32.1
Palestine,1820,32.1
Palestine,1821,32.1
Palestine,1822,32.1
Palestine,1823,32.1
Palestine,1824,32.1
Palestine,1825,32.1
Palestine,1826,32.1
Palestine,1827,32.1
Palestine,1828,32.1
Palestine,1829,32.1
Palestine,1830,32.1
Palestine,1831,32.1
Palestine,1832,32.1
Palestine,1833,32.1
Palestine,1834,32.1
Palestine,1835,32.1
Palestine,1836,32.1
Palestine,1837,32.1
Palestine,1838,32.1
Palestine,1839,32.1
Palestine,1840,32.1
Palestine,1841,32.1
Palestine,1842,32.1
Palestine,1843,32.1
Palestine,1844,32.1
Palestine,1845,32.1
Palestine,1846,32.1
Palestine,1847,32.1
Palestine,1848,32.1
Palestine,1849,32.1
Palestine,1850,32.1
Palestine,1851,32.1
Palestine,1852,32.2
Palestine,1853,32.3
Palestine,1854,32.3
Palestine,1855,32.4
Palestine,1856,32.4
Palestine,1857,32.5
Palestine,1858,32.5
Palestine,1859,32.6
Palestine,1860,32.6
Palestine,1861,32.7
Palestine,1862,32.7
Palestine,1863,32.8
Palestine,1864,32.8
Palestine,1865,32.9
Palestine,1866,32.9
Palestine,1867,33
Palestine,1868,33
Palestine,1869,33.1
Palestine,1870,33.1
Palestine,1871,33.2
Palestine,1872,33.2
Palestine,1873,33.3
Palestine,1874,33.3
Palestine,1875,33.4
Palestine,1876,33.4
Palestine,1877,33.5
Palestine,1878,33.5
Palestine,1879,33.6
Palestine,1880,33.6
Palestine,1881,33.7
Palestine,1882,33.7
Palestine,1883,33.8
Palestine,1884,33.9
Palestine,1885,33.9
Palestine,1886,34
Palestine,1887,34
Palestine,1888,34
Palestine,1889,34.1
Palestine,1890,34.1
Palestine,1891,34.2
Palestine,1892,34.3
Palestine,1893,34.3
Palestine,1894,34.4
Palestine,1895,34.4
Palestine,1896,34.5
Palestine,1897,34.5
Palestine,1898,34.6
Palestine,1899,34.6
Palestine,1900,34.7
Palestine,1901,34.7
Palestine,1902,34.8
Palestine,1903,34.8
Palestine,1904,34.9
Palestine,1905,34.9
Palestine,1906,35
Palestine,1907,35
Palestine,1908,35.1
Palestine,1909,35.1
Palestine,1910,35.2
Palestine,1911,35.2
Palestine,1912,35.3
Palestine,1913,35.3
Palestine,1914,35.4
Palestine,1915,35.4
Palestine,1916,35.5
Palestine,1917,35.5
Palestine,1918,29.5
Palestine,1919,35.6
Palestine,1920,35.7
Palestine,1921,35.8
Palestine,1922,35.8
Palestine,1923,35.9
Palestine,1924,35.9
Palestine,1925,36
Palestine,1926,36
Palestine,1927,36
Palestine,1928,36.1
Palestine,1929,36.2
Palestine,1930,36.2
Palestine,1931,36.3
Palestine,1932,36.3
Palestine,1933,36.4
Palestine,1934,36.4
Palestine,1935,36.5
Palestine,1936,37.6
Palestine,1937,38.7
Palestine,1938,39.8
Palestine,1939,40.9
Palestine,1940,42.1
Palestine,1941,43.3
Palestine,1942,44.5
Palestine,1943,45.7
Palestine,1944,47
Palestine,1945,48.2
Palestine,1946,49.4
Palestine,1947,50.6
Palestine,1948,51.9
Palestine,1949,53.1
Palestine,1950,54.4
Palestine,1951,54.5
Palestine,1952,54.7
Palestine,1953,54.7
Palestine,1954,55.5
Palestine,1955,56
Palestine,1956,49.7
Palestine,1957,57
Palestine,1958,57.6
Palestine,1959,58.3
Palestine,1960,58.8
Palestine,1961,59.6
Palestine,1962,60.5
Palestine,1963,60.9
Palestine,1964,61.5
Palestine,1965,62.3
Palestine,1966,62.5
Palestine,1967,35.1
Palestine,1968,59.5
Palestine,1969,59.9
Palestine,1970,57.8
Palestine,1971,64.4
Palestine,1972,64.8
Palestine,1973,37.6
Palestine,1974,65
Palestine,1975,65.2
Palestine,1976,65.6
Palestine,1977,66
Palestine,1978,66.3
Palestine,1979,66.5
Palestine,1980,66.7
Palestine,1981,67
Palestine,1982,42.3
Palestine,1983,67.6
Palestine,1984,67.9
Palestine,1985,68.1
Palestine,1986,68.4
Palestine,1987,68.1
Palestine,1988,68.2
Palestine,1989,68.8
Palestine,1990,69.1
Palestine,1991,69.4
Palestine,1992,69.6
Palestine,1993,70
Palestine,1994,70.6
Palestine,1995,70.9
Palestine,1996,71.2
Palestine,1997,71.4
Palestine,1998,71.7
Palestine,1999,71.9
Palestine,2000,70.2
Palestine,2001,69.6
Palestine,2002,68.8
Palestine,2003,70
Palestine,2004,69.8
Palestine,2005,71.1
Palestine,2006,69.6
Palestine,2007,71.6
Palestine,2008,69.3
Palestine,2009,69.8
Palestine,2010,73.7
Palestine,2011,73.7
Palestine,2012,73.9
Palestine,2013,74.8
Palestine,2014,74.5
Palestine,2015,74.3
Palestine,2016,74.5
Palestine,2017,74.7
Palestine,2018,74.7
Palestine,2019,74.8
Palestine,2020,74
Palestine,2021,73
Palestine,2022,73
Palestine,2023,73.8
Palestine,2024,75.7
Qatar,1800,30.8
Qatar,1801,30.8
Qatar,1802,30.8
Qatar,1803,30.8
Qatar,1804,30.8
Qatar,1805,30.8
Qatar,1806,30.8
Qatar,1807,30.8
Qatar,1808,30.8
Qatar,1809,30.8
Qatar,1810,30.8
Qatar,1811,30.8
Qatar,1812,30.8
Qatar,1813,30.8
Qatar,1814,30.8
Qatar,1815,30.8
Qatar,1816,30.8
Qatar,1817,30.8
Qatar,1818,30.8
Qatar,1819,30.8
Qatar,1820,30.8
Qatar,1821,30.8
Qatar,1822,30.8
Qatar,1823,30.8
Qatar,1824,30.8
Qatar,1825,30.8
Qatar,1826,30.8
Qatar,1827,30.8
Qatar,1828,30.8
Qatar,1829,30.8
Qatar,1830,30.8
Qatar,1831,30.8
Qatar,1832,30.8
Qatar,1833,30.8
Qatar,1834,30.8
Qatar,1835,30.8
Qatar,1836,30.8
Qatar,1837,30.8
Qatar,1838,30.8
Qatar,1839,30.8
Qatar,1840,30.8
Qatar,1841,30.8
Qatar,1842,30.8
Qatar,1843,30.8
Qatar,1844,30.8
Qatar,1845,30.8
Qatar,1846,30.8
Qatar,1847,30.8
Qatar,1848,30.8
Qatar,1849,30.8
Qatar,1850,30.8
Qatar,1851,30.9
Qatar,1852,30.9
Qatar,1853,31
Qatar,1854,31.1
Qatar,1855,31.1
Qatar,1856,31.2
Qatar,1857,31.2
Qatar,1858,31.3
Qatar,1859,31.4
Qatar,1860,31.4
Qatar,1861,31.5
Qatar,1862,31.6
Qatar,1863,31.6
Qatar,1864,31.7
Qatar,1865,31.8
Qatar,1866,31.8
Qatar,1867,31.9
Qatar,1868,31.9
Qatar,1869,32
Qatar,1870,32.1
Qatar,1871,32.1
Qatar,1872,32.2
Qatar,1873,32.3
Qatar,1874,32.3
Qatar,1875,32.4
Qatar,1876,32.5
Qatar,1877,32.5
Qatar,1878,32.6
Qatar,1879,32.6
Qatar,1880,32.7
Qatar,1881,32.8
Qatar,1882,32.8
Qatar,1883,32.9
Qatar,1884,33
Qatar,1885,33
Qatar,1886,33.1
Qatar,1887,33.1
Qatar,1888,33.2
Qatar,1889,33.3
Qatar,1890,33.3
Qatar,1891,33.4
Qatar,1892,33.5
Qatar,1893,33.5
Qatar,1894,33.6
Qatar,1895,33.6
Qatar,1896,33.7
Qatar,1897,33.8
Qatar,1898,33.8
Qatar,1899,33.9
Qatar,1900,34
Qatar,1901,34
Qatar,1902,34.1
Qatar,1903,34.2
Qatar,1904,34.2
Qatar,1905,34.3
Qatar,1906,34.4
Qatar,1907,34.4
Qatar,1908,34.5
Qatar,1909,34.5
Qatar,1910,34.6
Qatar,1911,34.7
Qatar,1912,34.7
Qatar,1913,34.8
Qatar,1914,34.9
Qatar,1915,34.9
Qatar,1916,35
Qatar,1917,35
Qatar,1918,29.1
Qatar,1919,35.2
Qatar,1920,35.2
Qatar,1921,35.3
Qatar,1922,35.4
Qatar,1923,35.4
Qatar,1924,35.5
Qatar,1925,35.5
Qatar,1926,35.6
Qatar,1927,35.7
Qatar,1928,35.7
Qatar,1929,35.8
Qatar,1930,35.9
Qatar,1931,35.9
Qatar,1932,36
Qatar,1933,36.1
Qatar,1934,36.1
Qatar,1935,36.2
Qatar,1936,36.3
Qatar,1937,36.3
Qatar,1938,36.4
Qatar,1939,36.4
Qatar,1940,36.5
Qatar,1941,39.3
Qatar,1942,42
Qatar,1943,44.8
Qatar,1944,47.6
Qatar,1945,50.4
Qatar,1946,53.1
Qatar,1947,56
Qatar,1948,58.8
Qatar,1949,61.6
Qatar,1950,64.5
Qatar,1951,64.5
Qatar,1952,64.5
Qatar,1953,64.6
Qatar,1954,64.7
Qatar,1955,64.8
Qatar,1956,64.9
Qatar,1957,65
Qatar,1958,65
Qatar,1959,65.2
Qatar,1960,65.3
Qatar,1961,65.4
Qatar,1962,65.5
Qatar,1963,65.7
Qatar,1964,65.8
Qatar,1965,66
Qatar,1966,66.2
Qatar,1967,66.3
Qatar,1968,66.5
Qatar,1969,66.8
Qatar,1970,67
Qatar,1971,67.2
Qatar,1972,67.5
Qatar,1973,67.7
Qatar,1974,68.3
Qatar,1975,68.7
Qatar,1976,69.2
Qatar,1977,69.6
Qatar,1978,69.6
Qatar,1979,69.6
Qatar,1980,70.3
Qatar,1981,70.4
Qatar,1982,70.2
Qatar,1983,70.8
Qatar,1984,72.3
Qatar,1985,72.1
Qatar,1986,71.2
Qatar,1987,70.8
Qatar,1988,70.5
Qatar,1989,70.3
Qatar,1990,69.9
Qatar,1991,69.8
Qatar,1992,69.8
Qatar,1993,69.9
Qatar,1994,71
Qatar,1995,71.8
Qatar,1996,70.6
Qatar,1997,70.1
Qatar,1998,70.2
Qatar,1999,70.6
Qatar,2000,71.2
Qatar,2001,71.5
Qatar,2002,71.5
Qatar,2003,71.7
Qatar,2004,72.2
Qatar,2005,72.3
Qatar,2006,72.1
Qatar,2007,72.2
Qatar,2008,72.5
Qatar,2009,72.8
Qatar,2010,73.4
Qatar,2011,73.9
Qatar,2012,74.3
Qatar,2013,74.7
Qatar,2014,74.9
Qatar,2015,75.5
Qatar,2016,75.7
Qatar,2017,75.9
Qatar,2018,76.1
Qatar,2019,76.3
Qatar,2020,74.5
Qatar,2021,74.7
Qatar,2022,76.8
Qatar,2023,77
Qatar,2024,77.2
Romania,1800,35.7
Romania,1801,35.7
Romania,1802,35.7
Romania,1803,35.7
Romania,1804,35.7
Romania,1805,35.7
Romania,1806,35.7
Romania,1807,35.7
Romania,1808,35.7
Romania,1809,35.7
Romania,1810,35.7
Romania,1811,35.7
Romania,1812,35.7
Romania,1813,35.7
Romania,1814,35.7
Romania,1815,35.7
Romania,1816,35.7
Romania,1817,35.7
Romania,1818,35.7
Romania,1819,35.7
Romania,1820,35.7
Romania,1821,35.7
Romania,1822,35.7
Romania,1823,35.7
Romania,1824,35.7
Romania,1825,35.7
Romania,1826,35.7
Romania,1827,35.7
Romania,1828,35.7
Romania,1829,35.7
Romania,1830,35.7
Romania,1831,35.7
Romania,1832,35.7
Romania,1833,35.7
Romania,1834,35.7
Romania,1835,35.7
Romania,1836,35.7
Romania,1837,35.7
Romania,1838,35.7
Romania,1839,35.7
Romania,1840,35.7
Romania,1841,35.7
Romania,1842,35.7
Romania,1843,35.7
Romania,1844,35.7
Romania,1845,35.7
Romania,1846,35.7
Romania,1847,35.7
Romania,1848,35.7
Romania,1849,35.7
Romania,1850,35.7
Romania,1851,35.7
Romania,1852,35.7
Romania,1853,35.7
Romania,1854,35.7
Romania,1855,35.7
Romania,1856,35.7
Romania,1857,35.7
Romania,1858,35.7
Romania,1859,35.7
Romania,1860,35.7
Romania,1861,35.7
Romania,1862,35.6
Romania,1863,35.6
Romania,1864,35.6
Romania,1865,35.6
Romania,1866,35.6
Romania,1867,35.6
Romania,1868,35.6
Romania,1869,35.6
Romania,1870,35.6
Romania,1871,35.6
Romania,1872,35.6
Romania,1873,35.6
Romania,1874,35.6
Romania,1875,35.6
Romania,1876,35.6
Romania,1877,35.6
Romania,1878,35.6
Romania,1879,35.6
Romania,1880,35.6
Romania,1881,35.6
Romania,1882,35.6
Romania,1883,35.6
Romania,1884,35.6
Romania,1885,35.6
Romania,1886,35.6
Romania,1887,35.6
Romania,1888,35.5
Romania,1889,35.5
Romania,1890,35.5
Romania,1891,35.5
Romania,1892,35.5
Romania,1893,35.5
Romania,1894,35.5
Romania,1895,35.5
Romania,1896,35.5
Romania,1897,35.5
Romania,1898,35.5
Romania,1899,35.5
Romania,1900,35.5
Romania,1901,35.5
Romania,1902,35.5
Romania,1903,35.5
Romania,1904,35.5
Romania,1905,35.5
Romania,1906,35.5
Romania,1907,35.5
Romania,1908,35.5
Romania,1909,35.5
Romania,1910,35.5
Romania,1911,35.5
Romania,1912,35.5
Romania,1913,35.5
Romania,1914,35.5
Romania,1915,35.5
Romania,1916,35.5
Romania,1917,35.4
Romania,1918,26.3
Romania,1919,35.4
Romania,1920,35.4
Romania,1921,36
Romania,1922,36.5
Romania,1923,37
Romania,1924,37.5
Romania,1925,38
Romania,1926,38.5
Romania,1927,39
Romania,1928,39.6
Romania,1929,40.1
Romania,1930,40.6
Romania,1931,41.1
Romania,1932,41.6
Romania,1933,42.7
Romania,1934,43.7
Romania,1935,44.8
Romania,1936,45.8
Romania,1937,46.9
Romania,1938,47.9
Romania,1939,49
Romania,1940,50
Romania,1941,45
Romania,1942,44.3
Romania,1943,42
Romania,1944,40.8
Romania,1945,45
Romania,1946,53.5
Romania,1947,57.4
Romania,1948,58.5
Romania,1949,59.5
Romania,1950,60.5
Romania,1951,61.3
Romania,1952,61.8
Romania,1953,62.4
Romania,1954,63
Romania,1955,63.5
Romania,1956,63.6
Romania,1957,63.3
Romania,1958,65.9
Romania,1959,64
Romania,1960,65.8
Romania,1961,66.3
Romania,1962,66.7
Romania,1963,68
Romania,1964,68.7
Romania,1965,68.9
Romania,1966,69.6
Romania,1967,68.4
Romania,1968,67.8
Romania,1969,67.6
Romania,1970,68.3
Romania,1971,69
Romania,1972,69.3
Romania,1973,69.3
Romania,1974,69.9
Romania,1975,69.9
Romania,1976,70.3
Romania,1977,69.7
Romania,1978,70
Romania,1979,69.7
Romania,1980,69.6
Romania,1981,69.7
Romania,1982,70
Romania,1983,70.1
Romania,1984,70
Romania,1985,69.7
Romania,1986,69.8
Romania,1987,69.2
Romania,1988,69.6
Romania,1989,69.7
Romania,1990,69.8
Romania,1991,70.3
Romania,1992,69.8
Romania,1993,69.7
Romania,1994,69.5
Romania,1995,69.4
Romania,1996,69
Romania,1997,69.1
Romania,1998,69.8
Romania,1999,70.7
Romania,2000,71.2
Romania,2001,71.2
Romania,2002,71.2
Romania,2003,71.5
Romania,2004,72
Romania,2005,72.4
Romania,2006,72.8
Romania,2007,73.4
Romania,2008,73.4
Romania,2009,73.5
Romania,2010,73.8
Romania,2011,74.6
Romania,2012,74.7
Romania,2013,75.3
Romania,2014,75
Romania,2015,75.3
Romania,2016,75.3
Romania,2017,75.4
Romania,2018,75.5
Romania,2019,75.5
Romania,2020,74.4
Romania,2021,73.2
Romania,2022,73.2
Romania,2023,74.2
Romania,2024,76.3
Russia,1800,29.6
Russia,1801,29.6
Russia,1802,29.6
Russia,1803,29.6
Russia,1804,29.6
Russia,1805,29.6
Russia,1806,29.6
Russia,1807,29.6
Russia,1808,29.6
Russia,1809,29.6
Russia,1810,29.6
Russia,1811,29.6
Russia,1812,29.6
Russia,1813,29.6
Russia,1814,29.6
Russia,1815,29.6
Russia,1816,29.6
Russia,1817,29.6
Russia,1818,29.6
Russia,1819,29.6
Russia,1820,29.6
Russia,1821,29.6
Russia,1822,29.6
Russia,1823,29.6
Russia,1824,29.6
Russia,1825,29.6
Russia,1826,29.6
Russia,1827,29.6
Russia,1828,29.6
Russia,1829,29.6
Russia,1830,29.6
Russia,1831,29.6
Russia,1832,29.6
Russia,1833,29.6
Russia,1834,29.6
Russia,1835,29.6
Russia,1836,29.6
Russia,1837,29.6
Russia,1838,29.6
Russia,1839,29.6
Russia,1840,29.6
Russia,1841,29.6
Russia,1842,29.6
Russia,1843,29.6
Russia,1844,29.6
Russia,1845,29.6
Russia,1846,29.6
Russia,1847,29.6
Russia,1848,18
Russia,1849,29.6
Russia,1850,29.6
Russia,1851,29.6
Russia,1852,29.7
Russia,1853,29.6
Russia,1854,27.7
Russia,1855,27.7
Russia,1856,29.3
Russia,1857,29.9
Russia,1858,30
Russia,1859,30
Russia,1860,30.1
Russia,1861,30.1
Russia,1862,30.1
Russia,1863,30.2
Russia,1864,30.3
Russia,1865,30.3
Russia,1866,30.4
Russia,1867,30.4
Russia,1868,28.7
Russia,1869,28.8
Russia,1870,32.1
Russia,1871,29.1
Russia,1872,26.9
Russia,1873,30.6
Russia,1874,31.7
Russia,1875,32.4
Russia,1876,32.3
Russia,1877,32.7
Russia,1878,29.1
Russia,1879,32.3
Russia,1880,31.7
Russia,1881,33.8
Russia,1882,28.1
Russia,1883,30.6
Russia,1884,34.6
Russia,1885,32.6
Russia,1886,36.3
Russia,1887,35.3
Russia,1888,35.2
Russia,1889,33
Russia,1890,31.9
Russia,1891,28.2
Russia,1892,22.7
Russia,1893,29.6
Russia,1894,30.1
Russia,1895,28.9
Russia,1896,30.4
Russia,1897,32.8
Russia,1898,30.1
Russia,1899,34.1
Russia,1900,33.3
Russia,1901,31.5
Russia,1902,32.4
Russia,1903,34.5
Russia,1904,35
Russia,1905,33.2
Russia,1906,34.9
Russia,1907,36.8
Russia,1908,36.9
Russia,1909,35.5
Russia,1910,34.5
Russia,1911,38.6
Russia,1912,39.1
Russia,1913,36.8
Russia,1914,36.5
Russia,1915,34.9
Russia,1916,34.9
Russia,1917,32.2
Russia,1918,25.6
Russia,1919,27.8
Russia,1920,22.9
Russia,1921,26.6
Russia,1922,27.6
Russia,1923,37.6
Russia,1924,40.5
Russia,1925,39.5
Russia,1926,43.2
Russia,1927,42.2
Russia,1928,43.9
Russia,1929,42.3
Russia,1930,41.3
Russia,1931,39.6
Russia,1932,37.2
Russia,1933,19.7
Russia,1934,43.5
Russia,1935,45.1
Russia,1936,46.9
Russia,1937,45.6
Russia,1938,47.4
Russia,1939,50
Russia,1940,47.3
Russia,1941,26.4
Russia,1942,20.7
Russia,1943,18.4
Russia,1944,31.1
Russia,1945,39.3
Russia,1946,53.3
Russia,1947,46.8
Russia,1948,60.6
Russia,1949,63.9
Russia,1950,66.7
Russia,1951,66.8
Russia,1952,66.9
Russia,1953,67.2
Russia,1954,67.4
Russia,1955,67.7
Russia,1956,67.9
Russia,1957,68
Russia,1958,68.2
Russia,1959,68.1
Russia,1960,69
Russia,1961,69.3
Russia,1962,69.1
Russia,1963,69.4
Russia,1964,70.2
Russia,1965,70
Russia,1966,69.9
Russia,1967,69.7
Russia,1968,69.5
Russia,1969,69.1
Russia,1970,69.2
Russia,1971,69.3
Russia,1972,69.3
Russia,1973,69.2
Russia,1974,69.2
Russia,1975,68.6
Russia,1976,68.3
Russia,1977,68.1
Russia,1978,68.1
Russia,1979,67.8
Russia,1980,67.7
Russia,1981,68
Russia,1982,68.5
Russia,1983,68.3
Russia,1984,67.8
Russia,1985,68.5
Russia,1986,70.2
Russia,1987,70.2
Russia,1988,70.1
Russia,1989,69.8
Russia,1990,69.5
Russia,1991,69.3
Russia,1992,68.1
Russia,1993,65.5
Russia,1994,64.2
Russia,1995,64.8
Russia,1996,66.1
Russia,1997,67.2
Russia,1998,67.5
Russia,1999,66.2
Russia,2000,65.6
Russia,2001,65.5
Russia,2002,65.4
Russia,2003,65.2
Russia,2004,65.5
Russia,2005,65
Russia,2006,66.5
Russia,2007,67.5
Russia,2008,67.7
Russia,2009,68.7
Russia,2010,68.8
Russia,2011,70
Russia,2012,70.5
Russia,2013,70.9
Russia,2014,71
Russia,2015,71.5
Russia,2016,72
Russia,2017,72.9
Russia,2018,73
Russia,2019,73
Russia,2020,70.4
Russia,2021,68.5
Russia,2022,69.2
Russia,2023,73.6
Russia,2024,73.8
Rwanda,1800,31.8
Rwanda,1801,25
Rwanda,1802,25
Rwanda,1803,31.8
Rwanda,1804,31.8
Rwanda,1805,31.8
Rwanda,1806,31.8
Rwanda,1807,31.8
Rwanda,1808,31.8
Rwanda,1809,31.8
Rwanda,1810,31.8
Rwanda,1811,31.8
Rwanda,1812,31.8
Rwanda,1813,31.8
Rwanda,1814,31.8
Rwanda,1815,31.8
Rwanda,1816,31.8
Rwanda,1817,31.8
Rwanda,1818,31.8
Rwanda,1819,31.8
Rwanda,1820,31.8
Rwanda,1821,31.8
Rwanda,1822,31.8
Rwanda,1823,31.8
Rwanda,1824,31.8
Rwanda,1825,31.8
Rwanda,1826,31.8
Rwanda,1827,31.8
Rwanda,1828,31.8
Rwanda,1829,31.8
Rwanda,1830,31.8
Rwanda,1831,31.8
Rwanda,1832,31.8
Rwanda,1833,31.8
Rwanda,1834,31.8
Rwanda,1835,31.8
Rwanda,1836,31.8
Rwanda,1837,31.8
Rwanda,1838,31.8
Rwanda,1839,31.8
Rwanda,1840,31.8
Rwanda,1841,31.8
Rwanda,1842,31.8
Rwanda,1843,31.8
Rwanda,1844,31.8
Rwanda,1845,31.8
Rwanda,1846,31.8
Rwanda,1847,31.8
Rwanda,1848,31.8
Rwanda,1849,31.8
Rwanda,1850,31.8
Rwanda,1851,31.8
Rwanda,1852,31.8
Rwanda,1853,31.7
Rwanda,1854,31.7
Rwanda,1855,31.7
Rwanda,1856,31.6
Rwanda,1857,31.6
Rwanda,1858,31.6
Rwanda,1859,31.6
Rwanda,1860,31.5
Rwanda,1861,31.5
Rwanda,1862,31.5
Rwanda,1863,31.5
Rwanda,1864,31.4
Rwanda,1865,31.4
Rwanda,1866,31.4
Rwanda,1867,31.4
Rwanda,1868,31.3
Rwanda,1869,31.3
Rwanda,1870,31.3
Rwanda,1871,31.3
Rwanda,1872,31.2
Rwanda,1873,31.2
Rwanda,1874,31.2
Rwanda,1875,31.1
Rwanda,1876,31.1
Rwanda,1877,31.1
Rwanda,1878,31.1
Rwanda,1879,31
Rwanda,1880,31
Rwanda,1881,31
Rwanda,1882,31
Rwanda,1883,30.9
Rwanda,1884,30.9
Rwanda,1885,30.9
Rwanda,1886,30.9
Rwanda,1887,30.8
Rwanda,1888,30.8
Rwanda,1889,30.8
Rwanda,1890,30.8
Rwanda,1891,30.7
Rwanda,1892,30.7
Rwanda,1893,30.7
Rwanda,1894,30.6
Rwanda,1895,30.6
Rwanda,1896,30.6
Rwanda,1897,26.9
Rwanda,1898,25.9
Rwanda,1899,24.9
Rwanda,1900,24
Rwanda,1901,23
Rwanda,1902,22
Rwanda,1903,21
Rwanda,1904,30.4
Rwanda,1905,30.4
Rwanda,1906,24.8
Rwanda,1907,23.8
Rwanda,1908,22.9
Rwanda,1909,30.3
Rwanda,1910,30.2
Rwanda,1911,30.2
Rwanda,1912,30.2
Rwanda,1913,30.1
Rwanda,1914,30.1
Rwanda,1915,30.1
Rwanda,1916,24.6
Rwanda,1917,22.7
Rwanda,1918,11.6
Rwanda,1919,30
Rwanda,1920,30
Rwanda,1921,29.9
Rwanda,1922,29.9
Rwanda,1923,29.9
Rwanda,1924,24.4
Rwanda,1925,23.4
Rwanda,1926,22.5
Rwanda,1927,29.8
Rwanda,1928,24.3
Rwanda,1929,22.4
Rwanda,1930,29.7
Rwanda,1931,29.7
Rwanda,1932,30
Rwanda,1933,30.4
Rwanda,1934,30.8
Rwanda,1935,31.1
Rwanda,1936,31.5
Rwanda,1937,31.8
Rwanda,1938,32.2
Rwanda,1939,32.5
Rwanda,1940,32.9
Rwanda,1941,33.3
Rwanda,1942,33.7
Rwanda,1943,31.5
Rwanda,1944,18.1
Rwanda,1945,34.8
Rwanda,1946,35.1
Rwanda,1947,35.5
Rwanda,1948,35.8
Rwanda,1949,36.2
Rwanda,1950,36.5
Rwanda,1951,36.6
Rwanda,1952,35.5
Rwanda,1953,37.5
Rwanda,1954,38.4
Rwanda,1955,38.9
Rwanda,1956,38.6
Rwanda,1957,39.9
Rwanda,1958,40.5
Rwanda,1959,41.1
Rwanda,1960,42.2
Rwanda,1961,42.4
Rwanda,1962,42.2
Rwanda,1963,42.4
Rwanda,1964,42.6
Rwanda,1965,42.9
Rwanda,1966,42.8
Rwanda,1967,43.3
Rwanda,1968,43.6
Rwanda,1969,43.5
Rwanda,1970,43.6
Rwanda,1971,43.8
Rwanda,1972,44.1
Rwanda,1973,44.5
Rwanda,1974,44.8
Rwanda,1975,45
Rwanda,1976,45.7
Rwanda,1977,46.5
Rwanda,1978,46.9
Rwanda,1979,47.5
Rwanda,1980,48.4
Rwanda,1981,49.5
Rwanda,1982,50.2
Rwanda,1983,50.9
Rwanda,1984,51.4
Rwanda,1985,51.5
Rwanda,1986,51.6
Rwanda,1987,51.8
Rwanda,1988,51.8
Rwanda,1989,51.2
Rwanda,1990,50
Rwanda,1991,49.9
Rwanda,1992,49.1
Rwanda,1993,48.3
Rwanda,1994,9.5
Rwanda,1995,46.4
Rwanda,1996,47.7
Rwanda,1997,46.8
Rwanda,1998,47.9
Rwanda,1999,49.3
Rwanda,2000,50.5
Rwanda,2001,51.5
Rwanda,2002,53.2
Rwanda,2003,54.5
Rwanda,2004,56.3
Rwanda,2005,58.2
Rwanda,2006,60.2
Rwanda,2007,61.6
Rwanda,2008,62.6
Rwanda,2009,63.4
Rwanda,2010,64.5
Rwanda,2011,65.3
Rwanda,2012,65.8
Rwanda,2013,66.8
Rwanda,2014,67.2
Rwanda,2015,67.4
Rwanda,2016,67.6
Rwanda,2017,68
Rwanda,2018,68.3
Rwanda,2019,68.7
Rwanda,2020,69
Rwanda,2021,68.3
Rwanda,2022,69.4
Rwanda,2023,69.6
Rwanda,2024,69.8
Saudi Arabia,1800,32.1
Saudi Arabia,1801,32.1
Saudi Arabia,1802,32.1
Saudi Arabia,1803,32.1
Saudi Arabia,1804,32.1
Saudi Arabia,1805,32.1
Saudi Arabia,1806,32.1
Saudi Arabia,1807,32.1
Saudi Arabia,1808,32.1
Saudi Arabia,1809,32.1
Saudi Arabia,1810,32.1
Saudi Arabia,1811,32.1
Saudi Arabia,1812,32.1
Saudi Arabia,1813,32.1
Saudi Arabia,1814,32.1
Saudi Arabia,1815,32.1
Saudi Arabia,1816,32.1
Saudi Arabia,1817,32.1
Saudi Arabia,1818,32.1
Saudi Arabia,1819,32.1
Saudi Arabia,1820,32.1
Saudi Arabia,1821,32.1
Saudi Arabia,1822,32.1
Saudi Arabia,1823,32.1
Saudi Arabia,1824,32.1
Saudi Arabia,1825,32.1
Saudi Arabia,1826,32.1
Saudi Arabia,1827,32.1
Saudi Arabia,1828,32.1
Saudi Arabia,1829,32.1
Saudi Arabia,1830,32.1
Saudi Arabia,1831,32.1
Saudi Arabia,1832,32.1
Saudi Arabia,1833,32.1
Saudi Arabia,1834,32.1
Saudi Arabia,1835,32.1
Saudi Arabia,1836,32.1
Saudi Arabia,1837,32.1
Saudi Arabia,1838,32.1
Saudi Arabia,1839,32.1
Saudi Arabia,1840,32.1
Saudi Arabia,1841,32.1
Saudi Arabia,1842,32.1
Saudi Arabia,1843,32.1
Saudi Arabia,1844,32.1
Saudi Arabia,1845,32.1
Saudi Arabia,1846,32.1
Saudi Arabia,1847,32.1
Saudi Arabia,1848,32.1
Saudi Arabia,1849,32.1
Saudi Arabia,1850,32.1
Saudi Arabia,1851,32.2
Saudi Arabia,1852,32.2
Saudi Arabia,1853,32.3
Saudi Arabia,1854,32.4
Saudi Arabia,1855,32.4
Saudi Arabia,1856,32.5
Saudi Arabia,1857,32.6
Saudi Arabia,1858,32.6
Saudi Arabia,1859,32.7
Saudi Arabia,1860,32.8
Saudi Arabia,1861,32.9
Saudi Arabia,1862,32.9
Saudi Arabia,1863,33
Saudi Arabia,1864,33.1
Saudi Arabia,1865,33.1
Saudi Arabia,1866,33.2
Saudi Arabia,1867,33.3
Saudi Arabia,1868,33.3
Saudi Arabia,1869,33.4
Saudi Arabia,1870,33.5
Saudi Arabia,1871,33.5
Saudi Arabia,1872,33.6
Saudi Arabia,1873,33.7
Saudi Arabia,1874,33.7
Saudi Arabia,1875,33.8
Saudi Arabia,1876,33.9
Saudi Arabia,1877,34
Saudi Arabia,1878,34
Saudi Arabia,1879,34.1
Saudi Arabia,1880,34.2
Saudi Arabia,1881,34.2
Saudi Arabia,1882,34.3
Saudi Arabia,1883,34.4
Saudi Arabia,1884,34.4
Saudi Arabia,1885,34.5
Saudi Arabia,1886,34.6
Saudi Arabia,1887,34.6
Saudi Arabia,1888,34.7
Saudi Arabia,1889,34.8
Saudi Arabia,1890,34.8
Saudi Arabia,1891,34.9
Saudi Arabia,1892,35
Saudi Arabia,1893,35
Saudi Arabia,1894,35.1
Saudi Arabia,1895,35.2
Saudi Arabia,1896,35.3
Saudi Arabia,1897,35.3
Saudi Arabia,1898,35.4
Saudi Arabia,1899,35.5
Saudi Arabia,1900,35.5
Saudi Arabia,1901,35.6
Saudi Arabia,1902,35.7
Saudi Arabia,1903,35.7
Saudi Arabia,1904,35.8
Saudi Arabia,1905,35.9
Saudi Arabia,1906,35.9
Saudi Arabia,1907,36
Saudi Arabia,1908,36.1
Saudi Arabia,1909,36.1
Saudi Arabia,1910,36.2
Saudi Arabia,1911,36.3
Saudi Arabia,1912,36.4
Saudi Arabia,1913,36.4
Saudi Arabia,1914,36.5
Saudi Arabia,1915,36.6
Saudi Arabia,1916,36.6
Saudi Arabia,1917,36.7
Saudi Arabia,1918,30.5
Saudi Arabia,1919,36.8
Saudi Arabia,1920,36.9
Saudi Arabia,1921,37
Saudi Arabia,1922,37
Saudi Arabia,1923,37.1
Saudi Arabia,1924,37.2
Saudi Arabia,1925,37.2
Saudi Arabia,1926,37.3
Saudi Arabia,1927,37.4
Saudi Arabia,1928,37.5
Saudi Arabia,1929,37.5
Saudi Arabia,1930,37.6
Saudi Arabia,1931,37.6
Saudi Arabia,1932,37.7
Saudi Arabia,1933,37.8
Saudi Arabia,1934,37.9
Saudi Arabia,1935,37.9
Saudi Arabia,1936,38
Saudi Arabia,1937,38.1
Saudi Arabia,1938,38.1
Saudi Arabia,1939,38.2
Saudi Arabia,1940,38.3
Saudi Arabia,1941,38.5
Saudi Arabia,1942,38.6
Saudi Arabia,1943,38.8
Saudi Arabia,1944,39
Saudi Arabia,1945,39.2
Saudi Arabia,1946,41.5
Saudi Arabia,1947,43.9
Saudi Arabia,1948,46.2
Saudi Arabia,1949,48.6
Saudi Arabia,1950,50.9
Saudi Arabia,1951,51.3
Saudi Arabia,1952,51.6
Saudi Arabia,1953,51.9
Saudi Arabia,1954,52.3
Saudi Arabia,1955,52.6
Saudi Arabia,1956,52.9
Saudi Arabia,1957,53.2
Saudi Arabia,1958,53.5
Saudi Arabia,1959,53.9
Saudi Arabia,1960,54.3
Saudi Arabia,1961,54.8
Saudi Arabia,1962,55.4
Saudi Arabia,1963,55.9
Saudi Arabia,1964,56.4
Saudi Arabia,1965,56.9
Saudi Arabia,1966,57.5
Saudi Arabia,1967,58.1
Saudi Arabia,1968,58.6
Saudi Arabia,1969,59.2
Saudi Arabia,1970,59.8
Saudi Arabia,1971,60.5
Saudi Arabia,1972,61.4
Saudi Arabia,1973,62.2
Saudi Arabia,1974,63.1
Saudi Arabia,1975,63.6
Saudi Arabia,1976,64.3
Saudi Arabia,1977,64.8
Saudi Arabia,1978,65.3
Saudi Arabia,1979,65.6
Saudi Arabia,1980,66.1
Saudi Arabia,1981,66.6
Saudi Arabia,1982,66.9
Saudi Arabia,1983,67.1
Saudi Arabia,1984,67.3
Saudi Arabia,1985,67.5
Saudi Arabia,1986,67.7
Saudi Arabia,1987,68
Saudi Arabia,1988,68.2
Saudi Arabia,1989,68.2
Saudi Arabia,1990,68.1
Saudi Arabia,1991,68.5
Saudi Arabia,1992,68.8
Saudi Arabia,1993,69
Saudi Arabia,1994,69.2
Saudi Arabia,1995,69.4
Saudi Arabia,1996,69.6
Saudi Arabia,1997,69.8
Saudi Arabia,1998,70
Saudi Arabia,1999,70.2
Saudi Arabia,2000,70.4
Saudi Arabia,2001,70.6
Saudi Arabia,2002,70.7
Saudi Arabia,2003,70.9
Saudi Arabia,2004,71.1
Saudi Arabia,2005,71.2
Saudi Arabia,2006,71.2
Saudi Arabia,2007,71.3
Saudi Arabia,2008,71.4
Saudi Arabia,2009,71.6
Saudi Arabia,2010,71.8
Saudi Arabia,2011,72.2
Saudi Arabia,2012,72.6
Saudi Arabia,2013,72.9
Saudi Arabia,2014,73.2
Saudi Arabia,2015,73.3
Saudi Arabia,2016,73.7
Saudi Arabia,2017,74
Saudi Arabia,2018,74.3
Saudi Arabia,2019,74.5
Saudi Arabia,2020,73.5
Saudi Arabia,2021,74.2
Saudi Arabia,2022,75.1
Saudi Arabia,2023,75.3
Saudi Arabia,2024,75.5
Sudan,1800,31.4
Sudan,1801,31.4
Sudan,1802,31.4
Sudan,1803,31.4
Sudan,1804,31.4
Sudan,1805,31.4
Sudan,1806,31.4
Sudan,1807,31.4
Sudan,1808,31.4
Sudan,1809,31.4
Sudan,1810,31.4
Sudan,1811,31.4
Sudan,1812,31.4
Sudan,1813,31.4
Sudan,1814,31.4
Sudan,1815,31.4
Sudan,1816,31.4
Sudan,1817,31.4
Sudan,1818,31.4
Sudan,1819,31.4
Sudan,1820,31.4
Sudan,1821,31.4
Sudan,1822,31.4
Sudan,1823,31.4
Sudan,1824,31.4
Sudan,1825,31.4
Sudan,1826,31.4
Sudan,1827,31.4
Sudan,1828,31.4
Sudan,1829,31.4
Sudan,1830,31.4
Sudan,1831,31.4
Sudan,1832,31.4
Sudan,1833,31.4
Sudan,1834,31.4
Sudan,1835,31.4
Sudan,1836,31.4
Sudan,1837,31.4
Sudan,1838,31.4
Sudan,1839,31.4
Sudan,1840,31.4
Sudan,1841,31.4
Sudan,1842,31.4
Sudan,1843,31.4
Sudan,1844,31.4
Sudan,1845,31.4
Sudan,1846,31.4
Sudan,1847,31.4
Sudan,1848,31.4
Sudan,1849,31.4
Sudan,1850,31.4
Sudan,1851,31.4
Sudan,1852,31.4
Sudan,1853,31.5
Sudan,1854,31.5
Sudan,1855,31.5
Sudan,1856,31.5
Sudan,1857,31.5
Sudan,1858,31.6
Sudan,1859,31.6
Sudan,1860,31.6
Sudan,1861,31.6
Sudan,1862,31.6
Sudan,1863,31.7
Sudan,1864,31.7
Sudan,1865,31.7
Sudan,1866,31.7
Sudan,1867,31.7
Sudan,1868,31.8
Sudan,1869,31.8
Sudan,1870,31.8
Sudan,1871,31.8
Sudan,1872,31.9
Sudan,1873,31.9
Sudan,1874,31.9
Sudan,1875,31.9
Sudan,1876,31.9
Sudan,1877,31.9
Sudan,1878,32
Sudan,1879,32
Sudan,1880,32
Sudan,1881,32
Sudan,1882,32
Sudan,1883,32.1
Sudan,1884,32.1
Sudan,1885,32.1
Sudan,1886,32.1
Sudan,1887,32.1
Sudan,1888,32.2
Sudan,1889,32.2
Sudan,1890,32.2
Sudan,1891,32.2
Sudan,1892,32.3
Sudan,1893,32.3
Sudan,1894,32.3
Sudan,1895,32.3
Sudan,1896,32.3
Sudan,1897,32.4
Sudan,1898,32.4
Sudan,1899,32.4
Sudan,1900,32.4
Sudan,1901,32.4
Sudan,1902,32.5
Sudan,1903,32.5
Sudan,1904,32.5
Sudan,1905,32.5
Sudan,1906,32.5
Sudan,1907,32.6
Sudan,1908,32.6
Sudan,1909,32.6
Sudan,1910,32.6
Sudan,1911,32.6
Sudan,1912,32.7
Sudan,1913,32.7
Sudan,1914,32.7
Sudan,1915,32.7
Sudan,1916,32.7
Sudan,1917,32.8
Sudan,1918,12.7
Sudan,1919,32.8
Sudan,1920,32.8
Sudan,1921,32.8
Sudan,1922,32.9
Sudan,1923,32.9
Sudan,1924,32.9
Sudan,1925,32.9
Sudan,1926,32.9
Sudan,1927,33
Sudan,1928,33
Sudan,1929,33
Sudan,1930,33
Sudan,1931,33
Sudan,1932,33.1
Sudan,1933,33.1
Sudan,1934,33.1
Sudan,1935,33.1
Sudan,1936,33.1
Sudan,1937,33.2
Sudan,1938,33.2
Sudan,1939,33.2
Sudan,1940,33.2
Sudan,1941,34.6
Sudan,1942,36
Sudan,1943,37.3
Sudan,1944,38.7
Sudan,1945,40.1
Sudan,1946,41.4
Sudan,1947,42.8
Sudan,1948,44.2
Sudan,1949,45.6
Sudan,1950,46.9
Sudan,1951,47.1
Sudan,1952,47.3
Sudan,1953,47.5
Sudan,1954,47.7
Sudan,1955,47.9
Sudan,1956,48.3
Sudan,1957,48.6
Sudan,1958,49
Sudan,1959,49.4
Sudan,1960,49.8
Sudan,1961,50
Sudan,1962,50.3
Sudan,1963,50.1
Sudan,1964,50.3
Sudan,1965,50.5
Sudan,1966,50.7
Sudan,1967,50.9
Sudan,1968,51.1
Sudan,1969,51.4
Sudan,1970,51.6
Sudan,1971,51.9
Sudan,1972,52
Sudan,1973,52.4
Sudan,1974,52.6
Sudan,1975,52.8
Sudan,1976,53.2
Sudan,1977,53.8
Sudan,1978,54.1
Sudan,1979,54.5
Sudan,1980,54.8
Sudan,1981,55.3
Sudan,1982,55.8
Sudan,1983,52.3
Sudan,1984,51.8
Sudan,1985,52.2
Sudan,1986,57.1
Sudan,1987,57.4
Sudan,1988,57.9
Sudan,1989,57.9
Sudan,1990,58.7
Sudan,1991,59.3
Sudan,1992,59.8
Sudan,1993,60
Sudan,1994,60.9
Sudan,1995,61.3
Sudan,1996,61.5
Sudan,1997,61.8
Sudan,1998,62
Sudan,1999,62.9
Sudan,2000,63.3
Sudan,2001,63.7
Sudan,2002,63.9
Sudan,2003,64.1
Sudan,2004,64.2
Sudan,2005,65.5
Sudan,2006,65.8
Sudan,2007,66.3
Sudan,2008,66.8
Sudan,2009,67
Sudan,2010,67.4
Sudan,2011,67.6
Sudan,2012,68.1
Sudan,2013,68.3
Sudan,2014,68.7
Sudan,2015,69
Sudan,2016,69.4
Sudan,2017,69.8
Sudan,2018,70.1
Sudan,2019,70.5
Sudan,2020,70.2
Sudan,2021,69.8
Sudan,2022,70.2
Sudan,2023,70.7
Sudan,2024,71.1
Senegal,1800,25.2
Senegal,1801,25.2
Senegal,1802,25.2
Senegal,1803,25.2
Senegal,1804,25.2
Senegal,1805,25.2
Senegal,1806,25.2
Senegal,1807,25.2
Senegal,1808,25.2
Senegal,1809,25.2
Senegal,1810,25.2
Senegal,1811,25.2
Senegal,1812,25.2
Senegal,1813,25.2
Senegal,1814,25.2
Senegal,1815,25.2
Senegal,1816,25.2
Senegal,1817,25.2
Senegal,1818,25.2
Senegal,1819,25.2
Senegal,1820,25.2
Senegal,1821,25.2
Senegal,1822,25.2
Senegal,1823,25.2
Senegal,1824,25.2
Senegal,1825,25.2
Senegal,1826,25.2
Senegal,1827,25.2
Senegal,1828,25.2
Senegal,1829,25.2
Senegal,1830,25.2
Senegal,1831,25.2
Senegal,1832,25.2
Senegal,1833,25.2
Senegal,1834,25.2
Senegal,1835,25.2
Senegal,1836,25.2
Senegal,1837,25.2
Senegal,1838,25.2
Senegal,1839,25.2
Senegal,1840,25.2
Senegal,1841,25.2
Senegal,1842,25.2
Senegal,1843,25.2
Senegal,1844,25.2
Senegal,1845,25.2
Senegal,1846,25.2
Senegal,1847,25.2
Senegal,1848,25.2
Senegal,1849,25.2
Senegal,1850,25.2
Senegal,1851,25.3
Senegal,1852,25.4
Senegal,1853,25.4
Senegal,1854,25.5
Senegal,1855,25.6
Senegal,1856,25.7
Senegal,1857,25.7
Senegal,1858,25.8
Senegal,1859,25.9
Senegal,1860,26
Senegal,1861,26.1
Senegal,1862,26.1
Senegal,1863,26.2
Senegal,1864,26.3
Senegal,1865,26.4
Senegal,1866,26.4
Senegal,1867,26.5
Senegal,1868,26.6
Senegal,1869,26.7
Senegal,1870,26.7
Senegal,1871,26.8
Senegal,1872,26.9
Senegal,1873,27
Senegal,1874,27.1
Senegal,1875,27.1
Senegal,1876,27.2
Senegal,1877,27.3
Senegal,1878,27.4
Senegal,1879,27.4
Senegal,1880,27.5
Senegal,1881,27.6
Senegal,1882,27.7
Senegal,1883,27.7
Senegal,1884,27.8
Senegal,1885,27.9
Senegal,1886,28
Senegal,1887,28.1
Senegal,1888,28.1
Senegal,1889,28.2
Senegal,1890,28.3
Senegal,1891,28.4
Senegal,1892,28.4
Senegal,1893,28.5
Senegal,1894,28.6
Senegal,1895,28.7
Senegal,1896,28.7
Senegal,1897,28.8
Senegal,1898,28.9
Senegal,1899,29
Senegal,1900,29.1
Senegal,1901,29.1
Senegal,1902,29.2
Senegal,1903,29.3
Senegal,1904,29.4
Senegal,1905,29.4
Senegal,1906,29.5
Senegal,1907,29.6
Senegal,1908,29.7
Senegal,1909,29.7
Senegal,1910,29.8
Senegal,1911,29.9
Senegal,1912,30
Senegal,1913,30.1
Senegal,1914,30.1
Senegal,1915,30.2
Senegal,1916,30.3
Senegal,1917,30.4
Senegal,1918,14.4
Senegal,1919,30.5
Senegal,1920,30.6
Senegal,1921,30.7
Senegal,1922,30.8
Senegal,1923,30.5
Senegal,1924,30.3
Senegal,1925,30
Senegal,1926,29.8
Senegal,1927,29.5
Senegal,1928,29.9
Senegal,1929,30.3
Senegal,1930,30.7
Senegal,1931,31.1
Senegal,1932,31.4
Senegal,1933,31.8
Senegal,1934,32.2
Senegal,1935,32.6
Senegal,1936,33
Senegal,1937,33.4
Senegal,1938,33.9
Senegal,1939,34.3
Senegal,1940,34.8
Senegal,1941,35.3
Senegal,1942,35.8
Senegal,1943,36.3
Senegal,1944,36.8
Senegal,1945,37.2
Senegal,1946,38.8
Senegal,1947,40.4
Senegal,1948,42
Senegal,1949,43.6
Senegal,1950,45.2
Senegal,1951,45.4
Senegal,1952,45.7
Senegal,1953,46.1
Senegal,1954,46
Senegal,1955,46
Senegal,1956,46.3
Senegal,1957,46.6
Senegal,1958,46.7
Senegal,1959,46.8
Senegal,1960,46.9
Senegal,1961,47
Senegal,1962,47
Senegal,1963,46.9
Senegal,1964,46.9
Senegal,1965,47.1
Senegal,1966,47.3
Senegal,1967,47.3
Senegal,1968,47.5
Senegal,1969,47.6
Senegal,1970,47.9
Senegal,1971,48.1
Senegal,1972,48.5
Senegal,1973,49
Senegal,1974,49.4
Senegal,1975,49.9
Senegal,1976,50.5
Senegal,1977,51.2
Senegal,1978,51.8
Senegal,1979,52.4
Senegal,1980,52.9
Senegal,1981,53.4
Senegal,1982,54.1
Senegal,1983,55
Senegal,1984,55.7
Senegal,1985,56.2
Senegal,1986,56.8
Senegal,1987,57.3
Senegal,1988,57.9
Senegal,1989,58.3
Senegal,1990,58.6
Senegal,1991,58.9
Senegal,1992,59
Senegal,1993,59.1
Senegal,1994,59.2
Senegal,1995,59.2
Senegal,1996,59.5
Senegal,1997,59.6
Senegal,1998,59.7
Senegal,1999,60.1
Senegal,2000,60.6
Senegal,2001,61.1
Senegal,2002,61.4
Senegal,2003,62.2
Senegal,2004,62.7
Senegal,2005,63.2
Senegal,2006,63.7
Senegal,2007,64.4
Senegal,2008,65
Senegal,2009,65.4
Senegal,2010,65.7
Senegal,2011,66
Senegal,2012,66.2
Senegal,2013,66.5
Senegal,2014,66.8
Senegal,2015,67
Senegal,2016,67.3
Senegal,2017,67.5
Senegal,2018,68
Senegal,2019,68.5
Senegal,2020,68
Senegal,2021,67
Senegal,2022,67.9
Senegal,2023,69.3
Senegal,2024,70.1
Singapore,1800,29.1
Singapore,1801,29.1
Singapore,1802,29.1
Singapore,1803,29.1
Singapore,1804,29.1
Singapore,1805,29.1
Singapore,1806,29.1
Singapore,1807,29.1
Singapore,1808,29.1
Singapore,1809,29.1
Singapore,1810,29.1
Singapore,1811,29.1
Singapore,1812,29.1
Singapore,1813,29.1
Singapore,1814,29.1
Singapore,1815,29.1
Singapore,1816,29.1
Singapore,1817,29.1
Singapore,1818,29.1
Singapore,1819,29.1
Singapore,1820,30.1
Singapore,1821,31.1
Singapore,1822,32
Singapore,1823,33
Singapore,1824,34
Singapore,1825,34
Singapore,1826,34
Singapore,1827,34
Singapore,1828,34
Singapore,1829,34
Singapore,1830,34
Singapore,1831,34
Singapore,1832,34
Singapore,1833,34
Singapore,1834,34
Singapore,1835,34
Singapore,1836,34
Singapore,1837,34
Singapore,1838,34
Singapore,1839,34
Singapore,1840,34
Singapore,1841,34
Singapore,1842,34
Singapore,1843,34
Singapore,1844,34
Singapore,1845,34
Singapore,1846,34
Singapore,1847,34
Singapore,1848,34
Singapore,1849,34
Singapore,1850,34
Singapore,1851,34
Singapore,1852,34
Singapore,1853,34
Singapore,1854,34
Singapore,1855,34
Singapore,1856,34
Singapore,1857,34
Singapore,1858,34
Singapore,1859,33.9
Singapore,1860,33.9
Singapore,1861,33.9
Singapore,1862,33.9
Singapore,1863,33.9
Singapore,1864,33.9
Singapore,1865,33.9
Singapore,1866,33.9
Singapore,1867,33.9
Singapore,1868,33.9
Singapore,1869,33.9
Singapore,1870,33.9
Singapore,1871,33.9
Singapore,1872,33.9
Singapore,1873,33.9
Singapore,1874,33.8
Singapore,1875,33.8
Singapore,1876,33.8
Singapore,1877,33.8
Singapore,1878,33.8
Singapore,1879,33.8
Singapore,1880,33.8
Singapore,1881,33.8
Singapore,1882,33.8
Singapore,1883,33.8
Singapore,1884,33.8
Singapore,1885,33.8
Singapore,1886,33.8
Singapore,1887,33.8
Singapore,1888,33.8
Singapore,1889,33.7
Singapore,1890,33.7
Singapore,1891,33.7
Singapore,1892,33.7
Singapore,1893,33.7
Singapore,1894,33.7
Singapore,1895,33.7
Singapore,1896,33.7
Singapore,1897,33.7
Singapore,1898,33.7
Singapore,1899,33.7
Singapore,1900,33.7
Singapore,1901,33.7
Singapore,1902,33.6
Singapore,1903,33.6
Singapore,1904,33.6
Singapore,1905,33.6
Singapore,1906,33.6
Singapore,1907,33.6
Singapore,1908,33.6
Singapore,1909,33.6
Singapore,1910,33.6
Singapore,1911,33.6
Singapore,1912,33.6
Singapore,1913,33.6
Singapore,1914,33.6
Singapore,1915,33.6
Singapore,1916,33.6
Singapore,1917,33.5
Singapore,1918,21.5
Singapore,1919,33.5
Singapore,1920,33.5
Singapore,1921,34.3
Singapore,1922,35.1
Singapore,1923,35.9
Singapore,1924,36.7
Singapore,1925,37.5
Singapore,1926,38.3
Singapore,1927,39.1
Singapore,1928,39.9
Singapore,1929,40.7
Singapore,1930,41.5
Singapore,1931,42.3
Singapore,1932,43.1
Singapore,1933,43.9
Singapore,1934,44.6
Singapore,1935,45.4
Singapore,1936,46.2
Singapore,1937,47
Singapore,1938,47.8
Singapore,1939,48.6
Singapore,1940,49.4
Singapore,1941,48.1
Singapore,1942,34.4
Singapore,1943,36.1
Singapore,1944,35.4
Singapore,1945,34.1
Singapore,1946,43
Singapore,1947,51.8
Singapore,1948,54.8
Singapore,1949,56.1
Singapore,1950,57
Singapore,1951,57.6
Singapore,1952,58.4
Singapore,1953,59.9
Singapore,1954,61.5
Singapore,1955,62.6
Singapore,1956,63.6
Singapore,1957,63.7
Singapore,1958,64.3
Singapore,1959,65
Singapore,1960,65.5
Singapore,1961,66.1
Singapore,1962,66.5
Singapore,1963,66.9
Singapore,1964,67.1
Singapore,1965,67.4
Singapore,1966,67.6
Singapore,1967,67.9
Singapore,1968,68.1
Singapore,1969,68.9
Singapore,1970,69
Singapore,1971,69.1
Singapore,1972,69.3
Singapore,1973,69.4
Singapore,1974,70
Singapore,1975,70.5
Singapore,1976,70.9
Singapore,1977,71
Singapore,1978,71.3
Singapore,1979,71.4
Singapore,1980,71.7
Singapore,1981,71.9
Singapore,1982,72.3
Singapore,1983,72.5
Singapore,1984,72.9
Singapore,1985,73.5
Singapore,1986,74.1
Singapore,1987,74.5
Singapore,1988,74.7
Singapore,1989,75.2
Singapore,1990,75.6
Singapore,1991,76.1
Singapore,1992,76.5
Singapore,1993,76.8
Singapore,1994,77
Singapore,1995,77.1
Singapore,1996,77.4
Singapore,1997,77.9
Singapore,1998,78.3
Singapore,1999,78.8
Singapore,2000,79.4
Singapore,2001,79.8
Singapore,2002,80.1
Singapore,2003,80.4
Singapore,2004,80.7
Singapore,2005,81.3
Singapore,2006,81.6
Singapore,2007,81.8
Singapore,2008,82.1
Singapore,2009,82.5
Singapore,2010,82.8
Singapore,2011,83.1
Singapore,2012,83.3
Singapore,2013,83.5
Singapore,2014,83.8
Singapore,2015,84.1
Singapore,2016,84.4
Singapore,2017,84.7
Singapore,2018,84.7
Singapore,2019,84.8
Singapore,2020,83.9
Singapore,2021,83.8
Singapore,2022,85.2
Singapore,2023,85.4
Singapore,2024,85.5
Solomon Islands,1800,25.1
Solomon Islands,1801,25.1
Solomon Islands,1802,25.1
Solomon Islands,1803,25.1
Solomon Islands,1804,25.1
Solomon Islands,1805,25.1
Solomon Islands,1806,25.1
Solomon Islands,1807,25.1
Solomon Islands,1808,25.1
Solomon Islands,1809,25.1
Solomon Islands,1810,25.1
Solomon Islands,1811,25.1
Solomon Islands,1812,25.1
Solomon Islands,1813,25.1
Solomon Islands,1814,25.1
Solomon Islands,1815,25.1
Solomon Islands,1816,25.1
Solomon Islands,1817,25.1
Solomon Islands,1818,25.1
Solomon Islands,1819,25.1
Solomon Islands,1820,25.1
Solomon Islands,1821,25.1
Solomon Islands,1822,25.1
Solomon Islands,1823,25.1
Solomon Islands,1824,25.1
Solomon Islands,1825,25.1
Solomon Islands,1826,25.1
Solomon Islands,1827,25.1
Solomon Islands,1828,25.1
Solomon Islands,1829,25.1
Solomon Islands,1830,25.1
Solomon Islands,1831,25.1
Solomon Islands,1832,25.1
Solomon Islands,1833,25.1
Solomon Islands,1834,25.1
Solomon Islands,1835,25.1
Solomon Islands,1836,25.1
Solomon Islands,1837,25.1
Solomon Islands,1838,25.1
Solomon Islands,1839,25.1
Solomon Islands,1840,25.1
Solomon Islands,1841,25.1
Solomon Islands,1842,25.1
Solomon Islands,1843,25.1
Solomon Islands,1844,25.1
Solomon Islands,1845,25.1
Solomon Islands,1846,25.1
Solomon Islands,1847,25.1
Solomon Islands,1848,25.1
Solomon Islands,1849,25.1
Solomon Islands,1850,25.1
Solomon Islands,1851,25.1
Solomon Islands,1852,25.1
Solomon Islands,1853,25.1
Solomon Islands,1854,25
Solomon Islands,1855,25
Solomon Islands,1856,25
Solomon Islands,1857,25
Solomon Islands,1858,25
Solomon Islands,1859,24.9
Solomon Islands,1860,24.9
Solomon Islands,1861,24.9
Solomon Islands,1862,24.9
Solomon Islands,1863,24.9
Solomon Islands,1864,24.9
Solomon Islands,1865,24.9
Solomon Islands,1866,24.8
Solomon Islands,1867,24.8
Solomon Islands,1868,24.8
Solomon Islands,1869,24.8
Solomon Islands,1870,24.8
Solomon Islands,1871,24.8
Solomon Islands,1872,24.7
Solomon Islands,1873,24.7
Solomon Islands,1874,24.7
Solomon Islands,1875,24.7
Solomon Islands,1876,24.7
Solomon Islands,1877,24.6
Solomon Islands,1878,24.6
Solomon Islands,1879,24.6
Solomon Islands,1880,24.6
Solomon Islands,1881,24.6
Solomon Islands,1882,24.6
Solomon Islands,1883,24.6
Solomon Islands,1884,24.5
Solomon Islands,1885,24.5
Solomon Islands,1886,24.5
Solomon Islands,1887,24.5
Solomon Islands,1888,24.5
Solomon Islands,1889,24.4
Solomon Islands,1890,24.4
Solomon Islands,1891,24.4
Solomon Islands,1892,24.4
Solomon Islands,1893,24.4
Solomon Islands,1894,24.4
Solomon Islands,1895,24.3
Solomon Islands,1896,24.3
Solomon Islands,1897,24.3
Solomon Islands,1898,24.3
Solomon Islands,1899,24.3
Solomon Islands,1900,24.3
Solomon Islands,1901,24.2
Solomon Islands,1902,24.2
Solomon Islands,1903,24.2
Solomon Islands,1904,24.2
Solomon Islands,1905,24.2
Solomon Islands,1906,24.2
Solomon Islands,1907,24.1
Solomon Islands,1908,24.1
Solomon Islands,1909,24.1
Solomon Islands,1910,24.1
Solomon Islands,1911,24.1
Solomon Islands,1912,24.1
Solomon Islands,1913,24
Solomon Islands,1914,24
Solomon Islands,1915,24
Solomon Islands,1916,24
Solomon Islands,1917,24
Solomon Islands,1918,23.4
Solomon Islands,1919,23.9
Solomon Islands,1920,23.9
Solomon Islands,1921,23.9
Solomon Islands,1922,23.9
Solomon Islands,1923,23.9
Solomon Islands,1924,23.9
Solomon Islands,1925,23.8
Solomon Islands,1926,23.8
Solomon Islands,1927,23.8
Solomon Islands,1928,23.8
Solomon Islands,1929,23.8
Solomon Islands,1930,23.8
Solomon Islands,1931,23.7
Solomon Islands,1932,23.7
Solomon Islands,1933,23.7
Solomon Islands,1934,23.7
Solomon Islands,1935,24.8
Solomon Islands,1936,25.9
Solomon Islands,1937,27
Solomon Islands,1938,28.2
Solomon Islands,1939,29.3
Solomon Islands,1940,30.4
Solomon Islands,1941,31.6
Solomon Islands,1942,26.4
Solomon Islands,1943,24.6
Solomon Islands,1944,29.3
Solomon Islands,1945,33.1
Solomon Islands,1946,35.9
Solomon Islands,1947,37.9
Solomon Islands,1948,39.7
Solomon Islands,1949,40.8
Solomon Islands,1950,42.1
Solomon Islands,1951,42.3
Solomon Islands,1952,42.5
Solomon Islands,1953,42.9
Solomon Islands,1954,43.3
Solomon Islands,1955,43.6
Solomon Islands,1956,42.1
Solomon Islands,1957,44.5
Solomon Islands,1958,44.8
Solomon Islands,1959,45.3
Solomon Islands,1960,45.8
Solomon Islands,1961,46.3
Solomon Islands,1962,46.8
Solomon Islands,1963,47.3
Solomon Islands,1964,47.8
Solomon Islands,1965,48.3
Solomon Islands,1966,48.8
Solomon Islands,1967,49.1
Solomon Islands,1968,49.6
Solomon Islands,1969,50
Solomon Islands,1970,50.4
Solomon Islands,1971,50.8
Solomon Islands,1972,51.2
Solomon Islands,1973,51.5
Solomon Islands,1974,51.9
Solomon Islands,1975,50.6
Solomon Islands,1976,52.6
Solomon Islands,1977,52.8
Solomon Islands,1978,53.5
Solomon Islands,1979,54
Solomon Islands,1980,54.4
Solomon Islands,1981,54.7
Solomon Islands,1982,54.9
Solomon Islands,1983,55.1
Solomon Islands,1984,55.3
Solomon Islands,1985,55.4
Solomon Islands,1986,54.9
Solomon Islands,1987,55.6
Solomon Islands,1988,55.6
Solomon Islands,1989,55.7
Solomon Islands,1990,55.8
Solomon Islands,1991,55.8
Solomon Islands,1992,56.1
Solomon Islands,1993,56.2
Solomon Islands,1994,56.4
Solomon Islands,1995,56.6
Solomon Islands,1996,56.7
Solomon Islands,1997,56.8
Solomon Islands,1998,56.9
Solomon Islands,1999,57
Solomon Islands,2000,57
Solomon Islands,2001,56.9
Solomon Islands,2002,56.9
Solomon Islands,2003,56.9
Solomon Islands,2004,56.8
Solomon Islands,2005,56.8
Solomon Islands,2006,56.9
Solomon Islands,2007,56.8
Solomon Islands,2008,57.1
Solomon Islands,2009,57.1
Solomon Islands,2010,57.4
Solomon Islands,2011,57.6
Solomon Islands,2012,57.9
Solomon Islands,2013,58
Solomon Islands,2014,58.1
Solomon Islands,2015,58.4
Solomon Islands,2016,58.6
Solomon Islands,2017,58.8
Solomon Islands,2018,59
Solomon Islands,2019,59.2
Solomon Islands,2020,59
Solomon Islands,2021,59.2
Solomon Islands,2022,59.5
Solomon Islands,2023,59.6
Solomon Islands,2024,59.7
Sierra Leone,1800,25.1
Sierra Leone,1801,25.1
Sierra Leone,1802,25.1
Sierra Leone,1803,25.1
Sierra Leone,1804,25.1
Sierra Leone,1805,25.1
Sierra Leone,1806,25.1
Sierra Leone,1807,25.1
Sierra Leone,1808,25.1
Sierra Leone,1809,25.1
Sierra Leone,1810,25.1
Sierra Leone,1811,25.1
Sierra Leone,1812,25.1
Sierra Leone,1813,25.1
Sierra Leone,1814,25.1
Sierra Leone,1815,25.1
Sierra Leone,1816,25.1
Sierra Leone,1817,25.1
Sierra Leone,1818,25.1
Sierra Leone,1819,25.1
Sierra Leone,1820,25.1
Sierra Leone,1821,25.1
Sierra Leone,1822,25.1
Sierra Leone,1823,25.1
Sierra Leone,1824,25.1
Sierra Leone,1825,25.1
Sierra Leone,1826,25.1
Sierra Leone,1827,25.1
Sierra Leone,1828,25.1
Sierra Leone,1829,25.1
Sierra Leone,1830,25.1
Sierra Leone,1831,25.1
Sierra Leone,1832,25.1
Sierra Leone,1833,25.1
Sierra Leone,1834,25.1
Sierra Leone,1835,25.1
Sierra Leone,1836,25.1
Sierra Leone,1837,25.1
Sierra Leone,1838,25.1
Sierra Leone,1839,25.1
Sierra Leone,1840,25.1
Sierra Leone,1841,25.1
Sierra Leone,1842,25.1
Sierra Leone,1843,25.1
Sierra Leone,1844,25.1
Sierra Leone,1845,25.1
Sierra Leone,1846,25.1
Sierra Leone,1847,25.1
Sierra Leone,1848,25.1
Sierra Leone,1849,25.1
Sierra Leone,1850,25.1
Sierra Leone,1851,25.2
Sierra Leone,1852,25.2
Sierra Leone,1853,25.3
Sierra Leone,1854,25.4
Sierra Leone,1855,25.4
Sierra Leone,1856,25.5
Sierra Leone,1857,25.6
Sierra Leone,1858,25.7
Sierra Leone,1859,25.7
Sierra Leone,1860,25.8
Sierra Leone,1861,25.9
Sierra Leone,1862,25.9
Sierra Leone,1863,26
Sierra Leone,1864,26.1
Sierra Leone,1865,26.1
Sierra Leone,1866,26.2
Sierra Leone,1867,26.3
Sierra Leone,1868,26.4
Sierra Leone,1869,26.4
Sierra Leone,1870,26.5
Sierra Leone,1871,26.6
Sierra Leone,1872,26.6
Sierra Leone,1873,26.7
Sierra Leone,1874,26.8
Sierra Leone,1875,26.9
Sierra Leone,1876,26.9
Sierra Leone,1877,27
Sierra Leone,1878,27.1
Sierra Leone,1879,27.1
Sierra Leone,1880,27.2
Sierra Leone,1881,27.3
Sierra Leone,1882,27.4
Sierra Leone,1883,27.4
Sierra Leone,1884,27.5
Sierra Leone,1885,27.6
Sierra Leone,1886,27.6
Sierra Leone,1887,27.7
Sierra Leone,1888,27.8
Sierra Leone,1889,27.8
Sierra Leone,1890,27.9
Sierra Leone,1891,28
Sierra Leone,1892,28.1
Sierra Leone,1893,28.1
Sierra Leone,1894,28.2
Sierra Leone,1895,28.3
Sierra Leone,1896,28.3
Sierra Leone,1897,28.4
Sierra Leone,1898,28.5
Sierra Leone,1899,28.6
Sierra Leone,1900,28.6
Sierra Leone,1901,28.7
Sierra Leone,1902,28.8
Sierra Leone,1903,28.8
Sierra Leone,1904,28.9
Sierra Leone,1905,29
Sierra Leone,1906,29
Sierra Leone,1907,29.1
Sierra Leone,1908,29.2
Sierra Leone,1909,29.3
Sierra Leone,1910,29.3
Sierra Leone,1911,29.4
Sierra Leone,1912,29.5
Sierra Leone,1913,29.5
Sierra Leone,1914,29.6
Sierra Leone,1915,29.7
Sierra Leone,1916,29.7
Sierra Leone,1917,29.8
Sierra Leone,1918,14.1
Sierra Leone,1919,29.9
Sierra Leone,1920,30
Sierra Leone,1921,30.1
Sierra Leone,1922,30.2
Sierra Leone,1923,30.2
Sierra Leone,1924,30.3
Sierra Leone,1925,30.4
Sierra Leone,1926,30.4
Sierra Leone,1927,30.4
Sierra Leone,1928,30.3
Sierra Leone,1929,30.2
Sierra Leone,1930,30.1
Sierra Leone,1931,30.1
Sierra Leone,1932,30.2
Sierra Leone,1933,30.3
Sierra Leone,1934,30.4
Sierra Leone,1935,30.5
Sierra Leone,1936,30.7
Sierra Leone,1937,30.8
Sierra Leone,1938,30.9
Sierra Leone,1939,31
Sierra Leone,1940,31.2
Sierra Leone,1941,31.6
Sierra Leone,1942,32.1
Sierra Leone,1943,32.6
Sierra Leone,1944,33.1
Sierra Leone,1945,33.6
Sierra Leone,1946,34.9
Sierra Leone,1947,36.2
Sierra Leone,1948,37.4
Sierra Leone,1949,38.7
Sierra Leone,1950,40
Sierra Leone,1951,40.3
Sierra Leone,1952,40.6
Sierra Leone,1953,40.8
Sierra Leone,1954,41.1
Sierra Leone,1955,41.4
Sierra Leone,1956,41.6
Sierra Leone,1957,41.9
Sierra Leone,1958,42.1
Sierra Leone,1959,42.4
Sierra Leone,1960,42.7
Sierra Leone,1961,43
Sierra Leone,1962,43.2
Sierra Leone,1963,43.5
Sierra Leone,1964,43.8
Sierra Leone,1965,44.2
Sierra Leone,1966,44.5
Sierra Leone,1967,44.8
Sierra Leone,1968,45
Sierra Leone,1969,45.4
Sierra Leone,1970,45.7
Sierra Leone,1971,46.1
Sierra Leone,1972,46.5
Sierra Leone,1973,46.8
Sierra Leone,1974,47.1
Sierra Leone,1975,47.4
Sierra Leone,1976,47.7
Sierra Leone,1977,47.9
Sierra Leone,1978,48.1
Sierra Leone,1979,48.3
Sierra Leone,1980,48.4
Sierra Leone,1981,48.5
Sierra Leone,1982,48.7
Sierra Leone,1983,48.9
Sierra Leone,1984,49.2
Sierra Leone,1985,49.3
Sierra Leone,1986,49.5
Sierra Leone,1987,50
Sierra Leone,1988,50.4
Sierra Leone,1989,50.7
Sierra Leone,1990,51.1
Sierra Leone,1991,50.7
Sierra Leone,1992,51.3
Sierra Leone,1993,51.6
Sierra Leone,1994,50.8
Sierra Leone,1995,50.6
Sierra Leone,1996,51.8
Sierra Leone,1997,51.5
Sierra Leone,1998,49.8
Sierra Leone,1999,50
Sierra Leone,2000,51.6
Sierra Leone,2001,52.2
Sierra Leone,2002,52.4
Sierra Leone,2003,52.6
Sierra Leone,2004,52.9
Sierra Leone,2005,53.3
Sierra Leone,2006,53.7
Sierra Leone,2007,54.1
Sierra Leone,2008,54.7
Sierra Leone,2009,55.3
Sierra Leone,2010,56
Sierra Leone,2011,56.6
Sierra Leone,2012,57.4
Sierra Leone,2013,58.2
Sierra Leone,2014,57.1
Sierra Leone,2015,58.7
Sierra Leone,2016,60
Sierra Leone,2017,60.2
Sierra Leone,2018,61.2
Sierra Leone,2019,61.8
Sierra Leone,2020,61.3
Sierra Leone,2021,61.6
Sierra Leone,2022,61.9
Sierra Leone,2023,62.3
Sierra Leone,2024,62.8
El Salvador,1800,28.7
El Salvador,1801,28.7
El Salvador,1802,28.7
El Salvador,1803,28.7
El Salvador,1804,28.7
El Salvador,1805,28.7
El Salvador,1806,28.7
El Salvador,1807,28.7
El Salvador,1808,28.7
El Salvador,1809,28.7
El Salvador,1810,28.7
El Salvador,1811,28.7
El Salvador,1812,28.7
El Salvador,1813,28.7
El Salvador,1814,28.7
El Salvador,1815,28.7
El Salvador,1816,28.7
El Salvador,1817,28.7
El Salvador,1818,28.7
El Salvador,1819,28.7
El Salvador,1820,28.7
El Salvador,1821,28.7
El Salvador,1822,28.7
El Salvador,1823,28.7
El Salvador,1824,28.7
El Salvador,1825,28.7
El Salvador,1826,28.7
El Salvador,1827,28.7
El Salvador,1828,28.7
El Salvador,1829,28.7
El Salvador,1830,28.7
El Salvador,1831,28.7
El Salvador,1832,28.7
El Salvador,1833,28.7
El Salvador,1834,28.7
El Salvador,1835,28.7
El Salvador,1836,28.7
El Salvador,1837,28.7
El Salvador,1838,28.7
El Salvador,1839,28.7
El Salvador,1840,28.7
El Salvador,1841,28.7
El Salvador,1842,28.7
El Salvador,1843,28.7
El Salvador,1844,28.7
El Salvador,1845,28.7
El Salvador,1846,28.7
El Salvador,1847,28.7
El Salvador,1848,28.7
El Salvador,1849,28.7
El Salvador,1850,28.7
El Salvador,1851,28.7
El Salvador,1852,28.7
El Salvador,1853,28.8
El Salvador,1854,28.8
El Salvador,1855,28.8
El Salvador,1856,28.8
El Salvador,1857,28.8
El Salvador,1858,28.8
El Salvador,1859,28.8
El Salvador,1860,28.9
El Salvador,1861,28.9
El Salvador,1862,28.9
El Salvador,1863,28.9
El Salvador,1864,28.9
El Salvador,1865,28.9
El Salvador,1866,29
El Salvador,1867,29
El Salvador,1868,29
El Salvador,1869,29
El Salvador,1870,29
El Salvador,1871,29
El Salvador,1872,29.1
El Salvador,1873,29.1
El Salvador,1874,29.1
El Salvador,1875,29.1
El Salvador,1876,29.1
El Salvador,1877,29.1
El Salvador,1878,29.1
El Salvador,1879,29.2
El Salvador,1880,29.2
El Salvador,1881,29.2
El Salvador,1882,29.2
El Salvador,1883,29.2
El Salvador,1884,29.2
El Salvador,1885,29.3
El Salvador,1886,29.3
El Salvador,1887,29.3
El Salvador,1888,29.3
El Salvador,1889,29.3
El Salvador,1890,29.3
El Salvador,1891,29.4
El Salvador,1892,29.4
El Salvador,1893,29.4
El Salvador,1894,29.4
El Salvador,1895,29.4
El Salvador,1896,29.4
El Salvador,1897,29.4
El Salvador,1898,29.5
El Salvador,1899,29.5
El Salvador,1900,29.5
El Salvador,1901,29.5
El Salvador,1902,29.5
El Salvador,1903,29.5
El Salvador,1904,29.6
El Salvador,1905,29.6
El Salvador,1906,29.6
El Salvador,1907,29.6
El Salvador,1908,29.6
El Salvador,1909,29.6
El Salvador,1910,29.7
El Salvador,1911,29.7
El Salvador,1912,29.7
El Salvador,1913,29.7
El Salvador,1914,29.7
El Salvador,1915,29.7
El Salvador,1916,29.8
El Salvador,1917,29.8
El Salvador,1918,26.3
El Salvador,1919,29.8
El Salvador,1920,29.8
El Salvador,1921,29.8
El Salvador,1922,29.9
El Salvador,1923,29.9
El Salvador,1924,29.9
El Salvador,1925,29.9
El Salvador,1926,29.9
El Salvador,1927,29.9
El Salvador,1928,29.9
El Salvador,1929,30
El Salvador,1930,30
El Salvador,1931,30.8
El Salvador,1932,31.5
El Salvador,1933,32.3
El Salvador,1934,33.1
El Salvador,1935,33.9
El Salvador,1936,34.6
El Salvador,1937,35.4
El Salvador,1938,36.2
El Salvador,1939,37
El Salvador,1940,37.8
El Salvador,1941,38.6
El Salvador,1942,39.4
El Salvador,1943,40.3
El Salvador,1944,41.1
El Salvador,1945,41.9
El Salvador,1946,42.7
El Salvador,1947,43.6
El Salvador,1948,44.4
El Salvador,1949,45.2
El Salvador,1950,46
El Salvador,1951,45.6
El Salvador,1952,46.4
El Salvador,1953,47.5
El Salvador,1954,48
El Salvador,1955,48.8
El Salvador,1956,50
El Salvador,1957,50.3
El Salvador,1958,50.8
El Salvador,1959,52.1
El Salvador,1960,53.5
El Salvador,1961,53.9
El Salvador,1962,54.4
El Salvador,1963,55.3
El Salvador,1964,55.9
El Salvador,1965,56.4
El Salvador,1966,57.1
El Salvador,1967,58.3
El Salvador,1968,58
El Salvador,1969,57.3
El Salvador,1970,57.8
El Salvador,1971,60.2
El Salvador,1972,60
El Salvador,1973,61.4
El Salvador,1974,61.6
El Salvador,1975,62.4
El Salvador,1976,63.6
El Salvador,1977,63.6
El Salvador,1978,64.7
El Salvador,1979,64
El Salvador,1980,63.8
El Salvador,1981,58
El Salvador,1982,62
El Salvador,1983,60.6
El Salvador,1984,63.1
El Salvador,1985,65.6
El Salvador,1986,66.3
El Salvador,1987,67.5
El Salvador,1988,68.7
El Salvador,1989,67.7
El Salvador,1990,69.8
El Salvador,1991,70.1
El Salvador,1992,70.8
El Salvador,1993,70.9
El Salvador,1994,70.9
El Salvador,1995,71.6
El Salvador,1996,72.2
El Salvador,1997,72.1
El Salvador,1998,71.4
El Salvador,1999,72.8
El Salvador,2000,73.1
El Salvador,2001,73
El Salvador,2002,74.3
El Salvador,2003,73.9
El Salvador,2004,73.6
El Salvador,2005,73.6
El Salvador,2006,73.7
El Salvador,2007,74.1
El Salvador,2008,74.7
El Salvador,2009,74.1
El Salvador,2010,75.2
El Salvador,2011,75.1
El Salvador,2012,74.5
El Salvador,2013,74.3
El Salvador,2014,73.5
El Salvador,2015,73.4
El Salvador,2016,75.2
El Salvador,2017,75.4
El Salvador,2018,75.6
El Salvador,2019,75.7
El Salvador,2020,74.2
El Salvador,2021,73.8
El Salvador,2022,74.6
El Salvador,2023,76.6
El Salvador,2024,76.8
San Marino,1950,72
San Marino,1951,72.1
San Marino,1952,72.2
San Marino,1953,72.3
San Marino,1954,72.4
San Marino,1955,72.5
San Marino,1956,72.5
San Marino,1957,72.6
San Marino,1958,72.7
San Marino,1959,72.8
San Marino,1960,72.9
San Marino,1961,73
San Marino,1962,73
San Marino,1963,73.1
San Marino,1964,73.2
San Marino,1965,73.3
San Marino,1966,73.5
San Marino,1967,73.7
San Marino,1968,73.8
San Marino,1969,74
San Marino,1970,74.1
San Marino,1971,74.3
San Marino,1972,74.5
San Marino,1973,74.8
San Marino,1974,75.2
San Marino,1975,75.4
San Marino,1976,75.6
San Marino,1977,75.8
San Marino,1978,75.9
San Marino,1979,76.2
San Marino,1980,76.4
San Marino,1981,76.8
San Marino,1982,77.3
San Marino,1983,77.7
San Marino,1984,78
San Marino,1985,78.3
San Marino,1986,78.6
San Marino,1987,79
San Marino,1988,79.2
San Marino,1989,79.5
San Marino,1990,79.7
San Marino,1991,79.9
San Marino,1992,80.1
San Marino,1993,80.3
San Marino,1994,80.4
San Marino,1995,80.7
San Marino,1996,80.9
San Marino,1997,81.1
San Marino,1998,81.3
San Marino,1999,81.5
San Marino,2000,81.5
San Marino,2001,81.6
San Marino,2002,81.7
San Marino,2003,81.7
San Marino,2004,81.6
San Marino,2005,81.6
San Marino,2006,81.6
San Marino,2007,81.7
San Marino,2008,81.8
San Marino,2009,81.8
San Marino,2010,81.9
San Marino,2011,81.9
San Marino,2012,82
San Marino,2013,82
San Marino,2014,82
San Marino,2015,82
San Marino,2016,82
San Marino,2017,82
San Marino,2018,82.1
San Marino,2019,82.2
San Marino,2020,78.8
San Marino,2021,80.1
San Marino,2022,82.6
San Marino,2023,82.8
San Marino,2024,82.9
Somalia,1800,29.4
Somalia,1801,29.4
Somalia,1802,29.4
Somalia,1803,29.4
Somalia,1804,29.4
Somalia,1805,29.4
Somalia,1806,29.4
Somalia,1807,29.4
Somalia,1808,29.4
Somalia,1809,29.4
Somalia,1810,29.4
Somalia,1811,29.4
Somalia,1812,29.4
Somalia,1813,29.4
Somalia,1814,29.4
Somalia,1815,29.4
Somalia,1816,29.4
Somalia,1817,29.4
Somalia,1818,29.4
Somalia,1819,29.4
Somalia,1820,29.4
Somalia,1821,29.4
Somalia,1822,29.4
Somalia,1823,29.4
Somalia,1824,29.4
Somalia,1825,29.4
Somalia,1826,29.4
Somalia,1827,29.4
Somalia,1828,29.4
Somalia,1829,29.4
Somalia,1830,29.4
Somalia,1831,29.4
Somalia,1832,29.4
Somalia,1833,29.4
Somalia,1834,29.4
Somalia,1835,29.4
Somalia,1836,29.4
Somalia,1837,29.4
Somalia,1838,29.4
Somalia,1839,29.4
Somalia,1840,29.4
Somalia,1841,29.4
Somalia,1842,29.4
Somalia,1843,29.4
Somalia,1844,29.4
Somalia,1845,29.4
Somalia,1846,29.4
Somalia,1847,29.4
Somalia,1848,29.4
Somalia,1849,29.4
Somalia,1850,29.4
Somalia,1851,29.5
Somalia,1852,29.6
Somalia,1853,29.7
Somalia,1854,29.8
Somalia,1855,29.9
Somalia,1856,29.9
Somalia,1857,30
Somalia,1858,30.1
Somalia,1859,30.2
Somalia,1860,30.3
Somalia,1861,30.4
Somalia,1862,30.5
Somalia,1863,30.6
Somalia,1864,30.7
Somalia,1865,30.8
Somalia,1866,30.8
Somalia,1867,30.9
Somalia,1868,31
Somalia,1869,31.1
Somalia,1870,31.2
Somalia,1871,31.3
Somalia,1872,31.4
Somalia,1873,31.5
Somalia,1874,31.6
Somalia,1875,31.6
Somalia,1876,31.7
Somalia,1877,31.8
Somalia,1878,31.9
Somalia,1879,32
Somalia,1880,32.1
Somalia,1881,32.2
Somalia,1882,32.3
Somalia,1883,32.4
Somalia,1884,32.5
Somalia,1885,32.5
Somalia,1886,32.6
Somalia,1887,32.7
Somalia,1888,32.8
Somalia,1889,32.9
Somalia,1890,33
Somalia,1891,33.1
Somalia,1892,33.2
Somalia,1893,33.3
Somalia,1894,33.4
Somalia,1895,33.4
Somalia,1896,33.5
Somalia,1897,33.6
Somalia,1898,33.7
Somalia,1899,33.8
Somalia,1900,33.9
Somalia,1901,34
Somalia,1902,34.1
Somalia,1903,34.2
Somalia,1904,34.3
Somalia,1905,34.3
Somalia,1906,34.4
Somalia,1907,34.5
Somalia,1908,34.6
Somalia,1909,34.7
Somalia,1910,34.8
Somalia,1911,34.9
Somalia,1912,35
Somalia,1913,35
Somalia,1914,35.1
Somalia,1915,35.2
Somalia,1916,35.3
Somalia,1917,35.4
Somalia,1918,18.7
Somalia,1919,35.6
Somalia,1920,35.7
Somalia,1921,35.8
Somalia,1922,35.9
Somalia,1923,36
Somalia,1924,36
Somalia,1925,36.1
Somalia,1926,36.2
Somalia,1927,36.3
Somalia,1928,36.4
Somalia,1929,36.5
Somalia,1930,36.6
Somalia,1931,36.7
Somalia,1932,36.8
Somalia,1933,36.9
Somalia,1934,36.9
Somalia,1935,37
Somalia,1936,37.1
Somalia,1937,37.2
Somalia,1938,37.3
Somalia,1939,37.4
Somalia,1940,37.5
Somalia,1941,37.7
Somalia,1942,37.8
Somalia,1943,38
Somalia,1944,38.2
Somalia,1945,38.4
Somalia,1946,39.5
Somalia,1947,40.7
Somalia,1948,41.8
Somalia,1949,43
Somalia,1950,44.2
Somalia,1951,44.2
Somalia,1952,44.3
Somalia,1953,44.3
Somalia,1954,44.4
Somalia,1955,44.5
Somalia,1956,44.6
Somalia,1957,44.7
Somalia,1958,44.8
Somalia,1959,44.9
Somalia,1960,45
Somalia,1961,45
Somalia,1962,45.3
Somalia,1963,45.4
Somalia,1964,45.5
Somalia,1965,45.7
Somalia,1966,45.8
Somalia,1967,46
Somalia,1968,46.2
Somalia,1969,46.5
Somalia,1970,46.7
Somalia,1971,47
Somalia,1972,47.5
Somalia,1973,47.8
Somalia,1974,47.9
Somalia,1975,46.1
Somalia,1976,46.4
Somalia,1977,48.8
Somalia,1978,48.8
Somalia,1979,49
Somalia,1980,48.9
Somalia,1981,48.9
Somalia,1982,48.8
Somalia,1983,48.8
Somalia,1984,48.8
Somalia,1985,48.7
Somalia,1986,48.7
Somalia,1987,49.1
Somalia,1988,47
Somalia,1989,49.5
Somalia,1990,49.3
Somalia,1991,48.1
Somalia,1992,49.1
Somalia,1993,50.3
Somalia,1994,50.1
Somalia,1995,50.3
Somalia,1996,50.4
Somalia,1997,50.1
Somalia,1998,50.8
Somalia,1999,51.1
Somalia,2000,51.4
Somalia,2001,51.8
Somalia,2002,52.2
Somalia,2003,52.6
Somalia,2004,52.8
Somalia,2005,53.5
Somalia,2006,53.8
Somalia,2007,53.9
Somalia,2008,54.3
Somalia,2009,54.6
Somalia,2010,53.9
Somalia,2011,54.3
Somalia,2012,55.5
Somalia,2013,56.2
Somalia,2014,56.6
Somalia,2015,57
Somalia,2016,57.2
Somalia,2017,57.4
Somalia,2018,57.9
Somalia,2019,58.5
Somalia,2020,57.4
Somalia,2021,56.7
Somalia,2022,57.5
Somalia,2023,58.8
Somalia,2024,59.6
Serbia,1800,35.5
Serbia,1801,35.5
Serbia,1802,35.5
Serbia,1803,35.5
Serbia,1804,35.5
Serbia,1805,35.5
Serbia,1806,35.5
Serbia,1807,35.5
Serbia,1808,35.5
Serbia,1809,35.5
Serbia,1810,35.5
Serbia,1811,35.5
Serbia,1812,35.5
Serbia,1813,35.5
Serbia,1814,35.5
Serbia,1815,35.5
Serbia,1816,35.5
Serbia,1817,35.5
Serbia,1818,35.5
Serbia,1819,35.5
Serbia,1820,35.5
Serbia,1821,35.5
Serbia,1822,35.5
Serbia,1823,35.5
Serbia,1824,35.5
Serbia,1825,35.5
Serbia,1826,35.5
Serbia,1827,35.5
Serbia,1828,35.5
Serbia,1829,35.5
Serbia,1830,35.5
Serbia,1831,35.5
Serbia,1832,35.5
Serbia,1833,35.5
Serbia,1834,35.5
Serbia,1835,35.5
Serbia,1836,35.5
Serbia,1837,35.5
Serbia,1838,35.5
Serbia,1839,35.5
Serbia,1840,35.5
Serbia,1841,35.5
Serbia,1842,35.5
Serbia,1843,35.5
Serbia,1844,35.5
Serbia,1845,35.5
Serbia,1846,35.5
Serbia,1847,35.5
Serbia,1848,35.5
Serbia,1849,35.5
Serbia,1850,35.5
Serbia,1851,35.5
Serbia,1852,35.5
Serbia,1853,35.4
Serbia,1854,35.4
Serbia,1855,35.4
Serbia,1856,35.4
Serbia,1857,35.3
Serbia,1858,35.3
Serbia,1859,35.3
Serbia,1860,35.3
Serbia,1861,35.2
Serbia,1862,35.2
Serbia,1863,35.2
Serbia,1864,35.2
Serbia,1865,35.1
Serbia,1866,35.1
Serbia,1867,35.1
Serbia,1868,35.1
Serbia,1869,35
Serbia,1870,35
Serbia,1871,35
Serbia,1872,35
Serbia,1873,34.9
Serbia,1874,34.9
Serbia,1875,34.9
Serbia,1876,34.9
Serbia,1877,34.8
Serbia,1878,34.8
Serbia,1879,34.8
Serbia,1880,34.8
Serbia,1881,34.8
Serbia,1882,34.7
Serbia,1883,34.7
Serbia,1884,34.7
Serbia,1885,34.6
Serbia,1886,34.6
Serbia,1887,34.6
Serbia,1888,34.6
Serbia,1889,34.5
Serbia,1890,34.5
Serbia,1891,34.5
Serbia,1892,34.5
Serbia,1893,34.5
Serbia,1894,34.4
Serbia,1895,34.4
Serbia,1896,34.4
Serbia,1897,34.4
Serbia,1898,34.3
Serbia,1899,34.3
Serbia,1900,34.3
Serbia,1901,34.3
Serbia,1902,34.2
Serbia,1903,34.2
Serbia,1904,34.2
Serbia,1905,34.2
Serbia,1906,34.1
Serbia,1907,34.1
Serbia,1908,34.1
Serbia,1909,34.1
Serbia,1910,34
Serbia,1911,34
Serbia,1912,34
Serbia,1913,34
Serbia,1914,23.9
Serbia,1915,15.3
Serbia,1916,20.1
Serbia,1917,19.1
Serbia,1918,9.44
Serbia,1919,33.8
Serbia,1920,33.8
Serbia,1921,34.5
Serbia,1922,35.2
Serbia,1923,35.9
Serbia,1924,36.6
Serbia,1925,37.3
Serbia,1926,38
Serbia,1927,38.6
Serbia,1928,39.3
Serbia,1929,40
Serbia,1930,40.7
Serbia,1931,41.4
Serbia,1932,42.1
Serbia,1933,42.8
Serbia,1934,43.4
Serbia,1935,44.1
Serbia,1936,44.8
Serbia,1937,45.5
Serbia,1938,46.1
Serbia,1939,46.8
Serbia,1940,47.5
Serbia,1941,41.4
Serbia,1942,39.2
Serbia,1943,37.8
Serbia,1944,36.4
Serbia,1945,40.6
Serbia,1946,47.8
Serbia,1947,51.7
Serbia,1948,53
Serbia,1949,53.7
Serbia,1950,54.4
Serbia,1951,53.7
Serbia,1952,57.9
Serbia,1953,58.3
Serbia,1954,60.3
Serbia,1955,59.2
Serbia,1956,60.6
Serbia,1957,61
Serbia,1958,64
Serbia,1959,63.3
Serbia,1960,63.5
Serbia,1961,63.2
Serbia,1962,63.9
Serbia,1963,65.2
Serbia,1964,64.8
Serbia,1965,65.5
Serbia,1966,66.5
Serbia,1967,66
Serbia,1968,66
Serbia,1969,65.5
Serbia,1970,66.2
Serbia,1971,66.4
Serbia,1972,67.2
Serbia,1973,68.3
Serbia,1974,69
Serbia,1975,69.2
Serbia,1976,69.5
Serbia,1977,69.5
Serbia,1978,69.1
Serbia,1979,69.5
Serbia,1980,69.8
Serbia,1981,69.8
Serbia,1982,69.6
Serbia,1983,69.2
Serbia,1984,70
Serbia,1985,70.4
Serbia,1986,70
Serbia,1987,69.8
Serbia,1988,70
Serbia,1989,70.1
Serbia,1990,70.8
Serbia,1991,70.5
Serbia,1992,71.1
Serbia,1993,71
Serbia,1994,70.6
Serbia,1995,70.6
Serbia,1996,70.4
Serbia,1997,70.2
Serbia,1998,70.7
Serbia,1999,68.9
Serbia,2000,71.4
Serbia,2001,71.9
Serbia,2002,72.2
Serbia,2003,72.2
Serbia,2004,72.3
Serbia,2005,72.3
Serbia,2006,72.7
Serbia,2007,73.2
Serbia,2008,73.5
Serbia,2009,73.6
Serbia,2010,74.1
Serbia,2011,74.3
Serbia,2012,74.8
Serbia,2013,74.9
Serbia,2014,75
Serbia,2015,75.1
Serbia,2016,75.5
Serbia,2017,75.6
Serbia,2018,75.6
Serbia,2019,75.7
Serbia,2020,74.4
Serbia,2021,73.2
Serbia,2022,73.1
Serbia,2023,74.2
Serbia,2024,76.5
South Sudan,1800,26.7
South Sudan,1801,26.7
South Sudan,1802,26.7
South Sudan,1803,26.7
South Sudan,1804,26.7
South Sudan,1805,26.7
South Sudan,1806,26.7
South Sudan,1807,26.7
South Sudan,1808,26.7
South Sudan,1809,26.7
South Sudan,1810,26.7
South Sudan,1811,26.7
South Sudan,1812,26.7
South Sudan,1813,26.7
South Sudan,1814,26.7
South Sudan,1815,26.7
South Sudan,1816,26.7
South Sudan,1817,26.7
South Sudan,1818,26.7
South Sudan,1819,26.7
South Sudan,1820,26.7
South Sudan,1821,26.7
South Sudan,1822,26.7
South Sudan,1823,26.7
South Sudan,1824,26.7
South Sudan,1825,26.7
South Sudan,1826,26.7
South Sudan,1827,26.7
South Sudan,1828,26.7
South Sudan,1829,26.7
South Sudan,1830,26.7
South Sudan,1831,26.7
South Sudan,1832,26.7
South Sudan,1833,26.7
South Sudan,1834,26.7
South Sudan,1835,26.7
South Sudan,1836,26.7
South Sudan,1837,26.7
South Sudan,1838,26.7
South Sudan,1839,26.7
South Sudan,1840,26.7
South Sudan,1841,26.7
South Sudan,1842,26.7
South Sudan,1843,26.7
South Sudan,1844,26.7
South Sudan,1845,26.7
South Sudan,1846,26.7
South Sudan,1847,26.7
South Sudan,1848,26.7
South Sudan,1849,26.7
South Sudan,1850,26.7
South Sudan,1851,26.9
South Sudan,1852,27
South Sudan,1853,27.2
South Sudan,1854,27.4
South Sudan,1855,27.6
South Sudan,1856,27.8
South Sudan,1857,27.9
South Sudan,1858,28.1
South Sudan,1859,28.3
South Sudan,1860,28.5
South Sudan,1861,28.7
South Sudan,1862,28.8
South Sudan,1863,29
South Sudan,1864,29.2
South Sudan,1865,29.4
South Sudan,1866,29.6
South Sudan,1867,29.8
South Sudan,1868,29.9
South Sudan,1869,30.1
South Sudan,1870,30.3
South Sudan,1871,30.5
South Sudan,1872,30.6
South Sudan,1873,30.8
South Sudan,1874,31
South Sudan,1875,31.2
South Sudan,1876,31.4
South Sudan,1877,31.6
South Sudan,1878,31.7
South Sudan,1879,31.9
South Sudan,1880,32.1
South Sudan,1881,32.3
South Sudan,1882,32.5
South Sudan,1883,32.6
South Sudan,1884,32.8
South Sudan,1885,33
South Sudan,1886,33.2
South Sudan,1887,33.4
South Sudan,1888,33.5
South Sudan,1889,33.7
South Sudan,1890,33.9
South Sudan,1891,34.1
South Sudan,1892,34.3
South Sudan,1893,34.5
South Sudan,1894,34.6
South Sudan,1895,34.8
South Sudan,1896,35
South Sudan,1897,35.2
South Sudan,1898,35.4
South Sudan,1899,35.5
South Sudan,1900,35.7
South Sudan,1901,35.9
South Sudan,1902,36.1
South Sudan,1903,36.3
South Sudan,1904,36.4
South Sudan,1905,36.6
South Sudan,1906,36.8
South Sudan,1907,37
South Sudan,1908,37.2
South Sudan,1909,37.3
South Sudan,1910,37.5
South Sudan,1911,37.7
South Sudan,1912,37.9
South Sudan,1913,38.1
South Sudan,1914,38.3
South Sudan,1915,38.4
South Sudan,1916,38.6
South Sudan,1917,38.8
South Sudan,1918,15.1
South Sudan,1919,39.1
South Sudan,1920,39.3
South Sudan,1921,39.5
South Sudan,1922,39.7
South Sudan,1923,39.9
South Sudan,1924,40.1
South Sudan,1925,40.2
South Sudan,1926,40.4
South Sudan,1927,40.6
South Sudan,1928,40.8
South Sudan,1929,41
South Sudan,1930,41.1
South Sudan,1931,41.3
South Sudan,1932,41.5
South Sudan,1933,41.7
South Sudan,1934,41.9
South Sudan,1935,42
South Sudan,1936,42.2
South Sudan,1937,42.4
South Sudan,1938,42.6
South Sudan,1939,42.8
South Sudan,1940,43
South Sudan,1941,43.4
South Sudan,1942,43.8
South Sudan,1943,44.2
South Sudan,1944,44.6
South Sudan,1945,45.1
South Sudan,1946,45.5
South Sudan,1947,45.9
South Sudan,1948,46.4
South Sudan,1949,46.8
South Sudan,1950,47.2
South Sudan,1951,47.3
South Sudan,1952,47.4
South Sudan,1953,47.5
South Sudan,1954,47.7
South Sudan,1955,47.8
South Sudan,1956,48
South Sudan,1957,48.1
South Sudan,1958,48.3
South Sudan,1959,48.4
South Sudan,1960,48.6
South Sudan,1961,48.8
South Sudan,1962,49.1
South Sudan,1963,48.5
South Sudan,1964,48.7
South Sudan,1965,48.9
South Sudan,1966,49.1
South Sudan,1967,49.3
South Sudan,1968,49.5
South Sudan,1969,49.8
South Sudan,1970,50.1
South Sudan,1971,50.4
South Sudan,1972,50.7
South Sudan,1973,51.7
South Sudan,1974,52
South Sudan,1975,52.2
South Sudan,1976,52.5
South Sudan,1977,52.7
South Sudan,1978,52.8
South Sudan,1979,53
South Sudan,1980,53.1
South Sudan,1981,53.2
South Sudan,1982,53.3
South Sudan,1983,52.6
South Sudan,1984,52.6
South Sudan,1985,52.7
South Sudan,1986,52.8
South Sudan,1987,53
South Sudan,1988,53.3
South Sudan,1989,54.2
South Sudan,1990,54.5
South Sudan,1991,54.7
South Sudan,1992,55
South Sudan,1993,55.3
South Sudan,1994,55.6
South Sudan,1995,55.8
South Sudan,1996,56.2
South Sudan,1997,54.5
South Sudan,1998,55.4
South Sudan,1999,56.3
South Sudan,2000,57
South Sudan,2001,57.7
South Sudan,2002,58.1
South Sudan,2003,58.4
South Sudan,2004,58.9
South Sudan,2005,59.3
South Sudan,2006,59.2
South Sudan,2007,59.6
South Sudan,2008,60
South Sudan,2009,59.8
South Sudan,2010,60.6
South Sudan,2011,60.5
South Sudan,2012,61.1
South Sudan,2013,60.8
South Sudan,2014,60.9
South Sudan,2015,61.6
South Sudan,2016,62
South Sudan,2017,62.3
South Sudan,2018,63
South Sudan,2019,63.7
South Sudan,2020,63.3
South Sudan,2021,62.7
South Sudan,2022,63.4
South Sudan,2023,64.4
South Sudan,2024,65.1
Sao Tome and Principe,1800,31
Sao Tome and Principe,1801,31
Sao Tome and Principe,1802,31
Sao Tome and Principe,1803,31
Sao Tome and Principe,1804,31
Sao Tome and Principe,1805,31
Sao Tome and Principe,1806,31
Sao Tome and Principe,1807,31
Sao Tome and Principe,1808,31
Sao Tome and Principe,1809,31
Sao Tome and Principe,1810,31
Sao Tome and Principe,1811,31
Sao Tome and Principe,1812,31
Sao Tome and Principe,1813,31
Sao Tome and Principe,1814,31
Sao Tome and Principe,1815,31
Sao Tome and Principe,1816,31
Sao Tome and Principe,1817,31
Sao Tome and Principe,1818,31
Sao Tome and Principe,1819,31
Sao Tome and Principe,1820,31
Sao Tome and Principe,1821,31
Sao Tome and Principe,1822,31
Sao Tome and Principe,1823,31
Sao Tome and Principe,1824,31
Sao Tome and Principe,1825,31
Sao Tome and Principe,1826,31
Sao Tome and Principe,1827,31
Sao Tome and Principe,1828,31
Sao Tome and Principe,1829,31
Sao Tome and Principe,1830,31
Sao Tome and Principe,1831,31
Sao Tome and Principe,1832,31
Sao Tome and Principe,1833,31
Sao Tome and Principe,1834,31
Sao Tome and Principe,1835,31
Sao Tome and Principe,1836,31
Sao Tome and Principe,1837,31
Sao Tome and Principe,1838,31
Sao Tome and Principe,1839,31
Sao Tome and Principe,1840,31
Sao Tome and Principe,1841,31
Sao Tome and Principe,1842,31
Sao Tome and Principe,1843,31
Sao Tome and Principe,1844,31
Sao Tome and Principe,1845,31
Sao Tome and Principe,1846,31
Sao Tome and Principe,1847,31
Sao Tome and Principe,1848,31
Sao Tome and Principe,1849,31
Sao Tome and Principe,1850,31
Sao Tome and Principe,1851,31
Sao Tome and Principe,1852,30.9
Sao Tome and Principe,1853,30.9
Sao Tome and Principe,1854,30.9
Sao Tome and Principe,1855,30.8
Sao Tome and Principe,1856,30.8
Sao Tome and Principe,1857,30.8
Sao Tome and Principe,1858,30.7
Sao Tome and Principe,1859,30.7
Sao Tome and Principe,1860,30.6
Sao Tome and Principe,1861,30.6
Sao Tome and Principe,1862,30.6
Sao Tome and Principe,1863,30.5
Sao Tome and Principe,1864,30.5
Sao Tome and Principe,1865,30.5
Sao Tome and Principe,1866,30.4
Sao Tome and Principe,1867,30.4
Sao Tome and Principe,1868,30.4
Sao Tome and Principe,1869,30.3
Sao Tome and Principe,1870,30.3
Sao Tome and Principe,1871,30.3
Sao Tome and Principe,1872,30.2
Sao Tome and Principe,1873,30.2
Sao Tome and Principe,1874,30.2
Sao Tome and Principe,1875,30.1
Sao Tome and Principe,1876,30.1
Sao Tome and Principe,1877,30.1
Sao Tome and Principe,1878,30
Sao Tome and Principe,1879,30
Sao Tome and Principe,1880,29.9
Sao Tome and Principe,1881,29.9
Sao Tome and Principe,1882,29.9
Sao Tome and Principe,1883,29.8
Sao Tome and Principe,1884,29.8
Sao Tome and Principe,1885,29.8
Sao Tome and Principe,1886,29.7
Sao Tome and Principe,1887,29.7
Sao Tome and Principe,1888,29.7
Sao Tome and Principe,1889,29.6
Sao Tome and Principe,1890,29.6
Sao Tome and Principe,1891,29.6
Sao Tome and Principe,1892,29.5
Sao Tome and Principe,1893,29.5
Sao Tome and Principe,1894,29.5
Sao Tome and Principe,1895,29.4
Sao Tome and Principe,1896,29.4
Sao Tome and Principe,1897,29.4
Sao Tome and Principe,1898,29.3
Sao Tome and Principe,1899,29.3
Sao Tome and Principe,1900,29.3
Sao Tome and Principe,1901,29.2
Sao Tome and Principe,1902,29.2
Sao Tome and Principe,1903,29.1
Sao Tome and Principe,1904,29.1
Sao Tome and Principe,1905,29.1
Sao Tome and Principe,1906,29
Sao Tome and Principe,1907,29
Sao Tome and Principe,1908,29
Sao Tome and Principe,1909,28.9
Sao Tome and Principe,1910,28.9
Sao Tome and Principe,1911,28.9
Sao Tome and Principe,1912,28.8
Sao Tome and Principe,1913,28.8
Sao Tome and Principe,1914,28.8
Sao Tome and Principe,1915,28.7
Sao Tome and Principe,1916,28.7
Sao Tome and Principe,1917,28.6
Sao Tome and Principe,1918,11.1
Sao Tome and Principe,1919,28.6
Sao Tome and Principe,1920,28.6
Sao Tome and Principe,1921,28.5
Sao Tome and Principe,1922,28.5
Sao Tome and Principe,1923,28.4
Sao Tome and Principe,1924,28.4
Sao Tome and Principe,1925,28.4
Sao Tome and Principe,1926,28.3
Sao Tome and Principe,1927,28.3
Sao Tome and Principe,1928,28.3
Sao Tome and Principe,1929,28.2
Sao Tome and Principe,1930,28.2
Sao Tome and Principe,1931,28.2
Sao Tome and Principe,1932,28.1
Sao Tome and Principe,1933,28.1
Sao Tome and Principe,1934,28.1
Sao Tome and Principe,1935,28
Sao Tome and Principe,1936,28.9
Sao Tome and Principe,1937,29.7
Sao Tome and Principe,1938,30.5
Sao Tome and Principe,1939,31.4
Sao Tome and Principe,1940,32.2
Sao Tome and Principe,1941,33.1
Sao Tome and Principe,1942,33.9
Sao Tome and Principe,1943,34.8
Sao Tome and Principe,1944,35.6
Sao Tome and Principe,1945,36.5
Sao Tome and Principe,1946,37.3
Sao Tome and Principe,1947,38.2
Sao Tome and Principe,1948,39
Sao Tome and Principe,1949,39.9
Sao Tome and Principe,1950,40.7
Sao Tome and Principe,1951,40.8
Sao Tome and Principe,1952,40.9
Sao Tome and Principe,1953,41
Sao Tome and Principe,1954,41.1
Sao Tome and Principe,1955,40.9
Sao Tome and Principe,1956,40.4
Sao Tome and Principe,1957,39.6
Sao Tome and Principe,1958,41.1
Sao Tome and Principe,1959,43.1
Sao Tome and Principe,1960,45
Sao Tome and Principe,1961,47
Sao Tome and Principe,1962,49
Sao Tome and Principe,1963,50.5
Sao Tome and Principe,1964,52.1
Sao Tome and Principe,1965,53.2
Sao Tome and Principe,1966,53.5
Sao Tome and Principe,1967,54.6
Sao Tome and Principe,1968,55.3
Sao Tome and Principe,1969,56.1
Sao Tome and Principe,1970,57
Sao Tome and Principe,1971,57.9
Sao Tome and Principe,1972,58.7
Sao Tome and Principe,1973,59.7
Sao Tome and Principe,1974,60.1
Sao Tome and Principe,1975,60.7
Sao Tome and Principe,1976,61.3
Sao Tome and Principe,1977,61.8
Sao Tome and Principe,1978,62.1
Sao Tome and Principe,1979,62.2
Sao Tome and Principe,1980,62.3
Sao Tome and Principe,1981,62
Sao Tome and Principe,1982,61.7
Sao Tome and Principe,1983,61.4
Sao Tome and Principe,1984,61.4
Sao Tome and Principe,1985,62.2
Sao Tome and Principe,1986,60
Sao Tome and Principe,1987,63.2
Sao Tome and Principe,1988,63.4
Sao Tome and Principe,1989,63
Sao Tome and Principe,1990,63.5
Sao Tome and Principe,1991,63.8
Sao Tome and Principe,1992,63.8
Sao Tome and Principe,1993,64.1
Sao Tome and Principe,1994,64.1
Sao Tome and Principe,1995,64.1
Sao Tome and Principe,1996,64.1
Sao Tome and Principe,1997,64.1
Sao Tome and Principe,1998,64.2
Sao Tome and Principe,1999,64.6
Sao Tome and Principe,2000,65
Sao Tome and Principe,2001,65.5
Sao Tome and Principe,2002,65.9
Sao Tome and Principe,2003,66.2
Sao Tome and Principe,2004,66.5
Sao Tome and Principe,2005,66.7
Sao Tome and Principe,2006,67.2
Sao Tome and Principe,2007,67.6
Sao Tome and Principe,2008,67.9
Sao Tome and Principe,2009,68.6
Sao Tome and Principe,2010,69
Sao Tome and Principe,2011,69.3
Sao Tome and Principe,2012,69.3
Sao Tome and Principe,2013,69.4
Sao Tome and Principe,2014,69.8
Sao Tome and Principe,2015,70
Sao Tome and Principe,2016,70.2
Sao Tome and Principe,2017,70.4
Sao Tome and Principe,2018,70.7
Sao Tome and Principe,2019,70.9
Sao Tome and Principe,2020,70.2
Sao Tome and Principe,2021,70
Sao Tome and Principe,2022,71.2
Sao Tome and Principe,2023,71.3
Sao Tome and Principe,2024,71.4
Suriname,1800,32.9
Suriname,1801,32.9
Suriname,1802,32.9
Suriname,1803,32.9
Suriname,1804,32.9
Suriname,1805,32.9
Suriname,1806,32.9
Suriname,1807,32.9
Suriname,1808,32.9
Suriname,1809,32.9
Suriname,1810,32.9
Suriname,1811,32.9
Suriname,1812,32.9
Suriname,1813,32.9
Suriname,1814,32.9
Suriname,1815,32.9
Suriname,1816,32.9
Suriname,1817,32.9
Suriname,1818,32.9
Suriname,1819,32.9
Suriname,1820,32.9
Suriname,1821,32.9
Suriname,1822,32.9
Suriname,1823,32.9
Suriname,1824,32.9
Suriname,1825,32.9
Suriname,1826,32.9
Suriname,1827,32.9
Suriname,1828,32.9
Suriname,1829,32.9
Suriname,1830,32.9
Suriname,1831,32.9
Suriname,1832,32.9
Suriname,1833,32.9
Suriname,1834,32.9
Suriname,1835,32.9
Suriname,1836,32.9
Suriname,1837,32.9
Suriname,1838,32.9
Suriname,1839,32.9
Suriname,1840,32.9
Suriname,1841,32.9
Suriname,1842,32.9
Suriname,1843,32.9
Suriname,1844,32.9
Suriname,1845,32.9
Suriname,1846,32.9
Suriname,1847,32.9
Suriname,1848,32.9
Suriname,1849,32.9
Suriname,1850,32.9
Suriname,1851,32.9
Suriname,1852,32.9
Suriname,1853,33
Suriname,1854,33
Suriname,1855,33
Suriname,1856,33
Suriname,1857,33
Suriname,1858,33
Suriname,1859,33
Suriname,1860,33
Suriname,1861,33.1
Suriname,1862,33.1
Suriname,1863,33.1
Suriname,1864,33.1
Suriname,1865,33.1
Suriname,1866,33.1
Suriname,1867,33.2
Suriname,1868,33.2
Suriname,1869,33.2
Suriname,1870,33.2
Suriname,1871,33.2
Suriname,1872,33.2
Suriname,1873,33.3
Suriname,1874,33.3
Suriname,1875,33.3
Suriname,1876,33.3
Suriname,1877,33.3
Suriname,1878,33.3
Suriname,1879,33.3
Suriname,1880,33.4
Suriname,1881,33.4
Suriname,1882,33.4
Suriname,1883,33.4
Suriname,1884,33.4
Suriname,1885,33.4
Suriname,1886,33.5
Suriname,1887,33.5
Suriname,1888,33.5
Suriname,1889,33.5
Suriname,1890,33.5
Suriname,1891,33.5
Suriname,1892,33.5
Suriname,1893,33.6
Suriname,1894,33.6
Suriname,1895,33.6
Suriname,1896,33.6
Suriname,1897,33.6
Suriname,1898,33.6
Suriname,1899,33.6
Suriname,1900,33.7
Suriname,1901,33.7
Suriname,1902,33.7
Suriname,1903,33.7
Suriname,1904,33.7
Suriname,1905,33.7
Suriname,1906,33.8
Suriname,1907,33.8
Suriname,1908,33.8
Suriname,1909,33.8
Suriname,1910,33.8
Suriname,1911,33.8
Suriname,1912,33.9
Suriname,1913,33.9
Suriname,1914,33.9
Suriname,1915,33.9
Suriname,1916,33.9
Suriname,1917,33.9
Suriname,1918,30
Suriname,1919,34
Suriname,1920,34
Suriname,1921,34
Suriname,1922,34
Suriname,1923,34
Suriname,1924,34
Suriname,1925,34
Suriname,1926,35
Suriname,1927,35.9
Suriname,1928,36.8
Suriname,1929,37.7
Suriname,1930,38.6
Suriname,1931,39.6
Suriname,1932,40.5
Suriname,1933,41.4
Suriname,1934,42.3
Suriname,1935,43.3
Suriname,1936,44.2
Suriname,1937,45.1
Suriname,1938,46
Suriname,1939,47
Suriname,1940,47.9
Suriname,1941,48.9
Suriname,1942,49.8
Suriname,1943,50.8
Suriname,1944,51.8
Suriname,1945,52.8
Suriname,1946,53.8
Suriname,1947,54.7
Suriname,1948,55.7
Suriname,1949,56.7
Suriname,1950,57.7
Suriname,1951,58.5
Suriname,1952,59.2
Suriname,1953,59.5
Suriname,1954,60.5
Suriname,1955,61.1
Suriname,1956,61.4
Suriname,1957,61.6
Suriname,1958,62
Suriname,1959,62.5
Suriname,1960,63
Suriname,1961,63.3
Suriname,1962,63.6
Suriname,1963,64
Suriname,1964,64.6
Suriname,1965,64.8
Suriname,1966,65.2
Suriname,1967,65.2
Suriname,1968,65.5
Suriname,1969,65.7
Suriname,1970,65.8
Suriname,1971,66
Suriname,1972,66.5
Suriname,1973,66.6
Suriname,1974,66.4
Suriname,1975,66.2
Suriname,1976,66.3
Suriname,1977,66.5
Suriname,1978,66.5
Suriname,1979,66.6
Suriname,1980,66.8
Suriname,1981,67.5
Suriname,1982,67.9
Suriname,1983,68.3
Suriname,1984,68.6
Suriname,1985,69.1
Suriname,1986,69.4
Suriname,1987,69.8
Suriname,1988,69.7
Suriname,1989,68.2
Suriname,1990,68.9
Suriname,1991,68.7
Suriname,1992,68.5
Suriname,1993,67.8
Suriname,1994,68.8
Suriname,1995,70.9
Suriname,1996,71.4
Suriname,1997,71.5
Suriname,1998,70.8
Suriname,1999,70.2
Suriname,2000,69.8
Suriname,2001,69.6
Suriname,2002,69.5
Suriname,2003,69.8
Suriname,2004,70.1
Suriname,2005,70.6
Suriname,2006,71.2
Suriname,2007,71.6
Suriname,2008,71.7
Suriname,2009,72.1
Suriname,2010,72.3
Suriname,2011,72.8
Suriname,2012,73.1
Suriname,2013,73
Suriname,2014,72.7
Suriname,2015,72.5
Suriname,2016,72.4
Suriname,2017,72.5
Suriname,2018,72.6
Suriname,2019,72.7
Suriname,2020,73
Suriname,2021,70.7
Suriname,2022,70.7
Suriname,2023,73.3
Suriname,2024,73.4
Slovak Republic,1800,36.4
Slovak Republic,1801,36.4
Slovak Republic,1802,36.4
Slovak Republic,1803,36.4
Slovak Republic,1804,36.4
Slovak Republic,1805,36.4
Slovak Republic,1806,36.4
Slovak Republic,1807,36.4
Slovak Republic,1808,36.4
Slovak Republic,1809,36.4
Slovak Republic,1810,36.4
Slovak Republic,1811,36.4
Slovak Republic,1812,36.4
Slovak Republic,1813,36.4
Slovak Republic,1814,36.4
Slovak Republic,1815,36.4
Slovak Republic,1816,36.4
Slovak Republic,1817,36.4
Slovak Republic,1818,36.4
Slovak Republic,1819,36.4
Slovak Republic,1820,36.4
Slovak Republic,1821,36.4
Slovak Republic,1822,36.4
Slovak Republic,1823,36.4
Slovak Republic,1824,36.4
Slovak Republic,1825,36.4
Slovak Republic,1826,36.4
Slovak Republic,1827,36.4
Slovak Republic,1828,36.4
Slovak Republic,1829,36.4
Slovak Republic,1830,36.4
Slovak Republic,1831,36.4
Slovak Republic,1832,36.4
Slovak Republic,1833,36.4
Slovak Republic,1834,36.4
Slovak Republic,1835,36.4
Slovak Republic,1836,36.4
Slovak Republic,1837,36.4
Slovak Republic,1838,36.4
Slovak Republic,1839,36.4
Slovak Republic,1840,36.4
Slovak Republic,1841,36.4
Slovak Republic,1842,36.4
Slovak Republic,1843,36.4
Slovak Republic,1844,36.4
Slovak Republic,1845,36.4
Slovak Republic,1846,36.4
Slovak Republic,1847,36.4
Slovak Republic,1848,36.4
Slovak Republic,1849,36.4
Slovak Republic,1850,36.4
Slovak Republic,1851,36.4
Slovak Republic,1852,36.4
Slovak Republic,1853,36.4
Slovak Republic,1854,36.4
Slovak Republic,1855,36.4
Slovak Republic,1856,36.4
Slovak Republic,1857,36.4
Slovak Republic,1858,36.4
Slovak Republic,1859,36.4
Slovak Republic,1860,36.4
Slovak Republic,1861,36.4
Slovak Republic,1862,36.4
Slovak Republic,1863,36.4
Slovak Republic,1864,36.4
Slovak Republic,1865,36.4
Slovak Republic,1866,36.4
Slovak Republic,1867,36.4
Slovak Republic,1868,36.4
Slovak Republic,1869,36.4
Slovak Republic,1870,36.4
Slovak Republic,1871,36.4
Slovak Republic,1872,36.4
Slovak Republic,1873,36.4
Slovak Republic,1874,36.4
Slovak Republic,1875,36.4
Slovak Republic,1876,36.4
Slovak Republic,1877,36.4
Slovak Republic,1878,36.4
Slovak Republic,1879,36.4
Slovak Republic,1880,36.4
Slovak Republic,1881,36.4
Slovak Republic,1882,36.4
Slovak Republic,1883,36.4
Slovak Republic,1884,36.4
Slovak Republic,1885,36.4
Slovak Republic,1886,36.4
Slovak Republic,1887,36.4
Slovak Republic,1888,36.4
Slovak Republic,1889,36.4
Slovak Republic,1890,36.4
Slovak Republic,1891,36.4
Slovak Republic,1892,36.4
Slovak Republic,1893,36.4
Slovak Republic,1894,36.4
Slovak Republic,1895,36.4
Slovak Republic,1896,36.6
Slovak Republic,1897,37
Slovak Republic,1898,37.2
Slovak Republic,1899,37.5
Slovak Republic,1900,37.8
Slovak Republic,1901,38.1
Slovak Republic,1902,38.4
Slovak Republic,1903,38.7
Slovak Republic,1904,39
Slovak Republic,1905,39.3
Slovak Republic,1906,39.6
Slovak Republic,1907,39.9
Slovak Republic,1908,40.2
Slovak Republic,1909,40.5
Slovak Republic,1910,40.8
Slovak Republic,1911,41.1
Slovak Republic,1912,41.4
Slovak Republic,1913,41.7
Slovak Republic,1914,42
Slovak Republic,1915,42.3
Slovak Republic,1916,42.6
Slovak Republic,1917,42.9
Slovak Republic,1918,31.8
Slovak Republic,1919,43.5
Slovak Republic,1920,43.8
Slovak Republic,1921,44.1
Slovak Republic,1922,44.7
Slovak Republic,1923,45.4
Slovak Republic,1924,46
Slovak Republic,1925,46.6
Slovak Republic,1926,47.3
Slovak Republic,1927,47.9
Slovak Republic,1928,48.5
Slovak Republic,1929,49.1
Slovak Republic,1930,49.8
Slovak Republic,1931,50.2
Slovak Republic,1932,50.7
Slovak Republic,1933,51.2
Slovak Republic,1934,51.6
Slovak Republic,1935,52.1
Slovak Republic,1936,52.6
Slovak Republic,1937,53
Slovak Republic,1938,53.6
Slovak Republic,1939,54
Slovak Republic,1940,53.9
Slovak Republic,1941,53.6
Slovak Republic,1942,51.9
Slovak Republic,1943,47.4
Slovak Republic,1944,42.4
Slovak Republic,1945,40.4
Slovak Republic,1946,53.9
Slovak Republic,1947,57.8
Slovak Republic,1948,58.9
Slovak Republic,1949,60.1
Slovak Republic,1950,60.7
Slovak Republic,1951,61.3
Slovak Republic,1952,64.2
Slovak Republic,1953,65.6
Slovak Republic,1954,66.9
Slovak Republic,1955,67.8
Slovak Republic,1956,68.3
Slovak Republic,1957,67.7
Slovak Republic,1958,69.2
Slovak Republic,1959,69.3
Slovak Republic,1960,70.4
Slovak Republic,1961,70.8
Slovak Republic,1962,70.6
Slovak Republic,1963,70.7
Slovak Republic,1964,71
Slovak Republic,1965,70.5
Slovak Republic,1966,70.6
Slovak Republic,1967,71.1
Slovak Republic,1968,70.6
Slovak Republic,1969,70.1
Slovak Republic,1970,69.9
Slovak Republic,1971,70.1
Slovak Republic,1972,70.5
Slovak Republic,1973,70.2
Slovak Republic,1974,70.4
Slovak Republic,1975,70.6
Slovak Republic,1976,70.7
Slovak Republic,1977,70.6
Slovak Republic,1978,70.6
Slovak Republic,1979,70.9
Slovak Republic,1980,70.7
Slovak Republic,1981,70.8
Slovak Republic,1982,71
Slovak Republic,1983,70.7
Slovak Republic,1984,70.9
Slovak Republic,1985,71
Slovak Republic,1986,71.2
Slovak Republic,1987,71.2
Slovak Republic,1988,71.4
Slovak Republic,1989,71.3
Slovak Republic,1990,71.1
Slovak Republic,1991,71.3
Slovak Republic,1992,71.7
Slovak Republic,1993,72.2
Slovak Republic,1994,72.7
Slovak Republic,1995,72.7
Slovak Republic,1996,73.2
Slovak Republic,1997,73
Slovak Republic,1998,73
Slovak Republic,1999,73.3
Slovak Republic,2000,73.7
Slovak Republic,2001,73.9
Slovak Republic,2002,74.1
Slovak Republic,2003,74.2
Slovak Republic,2004,74.6
Slovak Republic,2005,74.5
Slovak Republic,2006,74.7
Slovak Republic,2007,74.7
Slovak Republic,2008,75
Slovak Republic,2009,75.3
Slovak Republic,2010,75.8
Slovak Republic,2011,76
Slovak Republic,2012,76.3
Slovak Republic,2013,76.7
Slovak Republic,2014,76.9
Slovak Republic,2015,76.8
Slovak Republic,2016,77.3
Slovak Republic,2017,77.4
Slovak Republic,2018,77.5
Slovak Republic,2019,77.6
Slovak Republic,2020,76.9
Slovak Republic,2021,74.8
Slovak Republic,2022,75.2
Slovak Republic,2023,78.2
Slovak Republic,2024,78.4
Slovenia,1800,36.6
Slovenia,1801,36.6
Slovenia,1802,36.6
Slovenia,1803,36.6
Slovenia,1804,36.6
Slovenia,1805,36.6
Slovenia,1806,36.6
Slovenia,1807,36.6
Slovenia,1808,36.6
Slovenia,1809,36.6
Slovenia,1810,36.6
Slovenia,1811,36.6
Slovenia,1812,36.6
Slovenia,1813,36.6
Slovenia,1814,36.6
Slovenia,1815,36.6
Slovenia,1816,36.6
Slovenia,1817,36.6
Slovenia,1818,36.6
Slovenia,1819,36.6
Slovenia,1820,36.6
Slovenia,1821,36.6
Slovenia,1822,36.6
Slovenia,1823,36.6
Slovenia,1824,36.6
Slovenia,1825,36.6
Slovenia,1826,36.6
Slovenia,1827,36.6
Slovenia,1828,36.6
Slovenia,1829,36.6
Slovenia,1830,36.6
Slovenia,1831,36.6
Slovenia,1832,36.6
Slovenia,1833,36.6
Slovenia,1834,36.6
Slovenia,1835,36.6
Slovenia,1836,36.6
Slovenia,1837,36.6
Slovenia,1838,36.6
Slovenia,1839,36.6
Slovenia,1840,36.6
Slovenia,1841,36.6
Slovenia,1842,36.6
Slovenia,1843,36.6
Slovenia,1844,36.6
Slovenia,1845,36.6
Slovenia,1846,36.6
Slovenia,1847,36.6
Slovenia,1848,36.6
Slovenia,1849,36.6
Slovenia,1850,36.6
Slovenia,1851,36.6
Slovenia,1852,36.5
Slovenia,1853,36.5
Slovenia,1854,36.5
Slovenia,1855,36.4
Slovenia,1856,36.4
Slovenia,1857,36.4
Slovenia,1858,36.3
Slovenia,1859,36.3
Slovenia,1860,36.3
Slovenia,1861,36.2
Slovenia,1862,36.2
Slovenia,1863,36.2
Slovenia,1864,36.1
Slovenia,1865,36.1
Slovenia,1866,36.1
Slovenia,1867,36
Slovenia,1868,36
Slovenia,1869,36
Slovenia,1870,35.9
Slovenia,1871,35.9
Slovenia,1872,35.9
Slovenia,1873,35.8
Slovenia,1874,35.8
Slovenia,1875,35.8
Slovenia,1876,35.7
Slovenia,1877,35.7
Slovenia,1878,35.7
Slovenia,1879,35.6
Slovenia,1880,35.6
Slovenia,1881,35.5
Slovenia,1882,35.5
Slovenia,1883,35.5
Slovenia,1884,35.5
Slovenia,1885,35.4
Slovenia,1886,35.4
Slovenia,1887,35.4
Slovenia,1888,35.3
Slovenia,1889,35.3
Slovenia,1890,35.3
Slovenia,1891,35.2
Slovenia,1892,35.2
Slovenia,1893,35.1
Slovenia,1894,35.1
Slovenia,1895,35.1
Slovenia,1896,35
Slovenia,1897,35
Slovenia,1898,35
Slovenia,1899,35
Slovenia,1900,34.9
Slovenia,1901,34.9
Slovenia,1902,34.9
Slovenia,1903,34.8
Slovenia,1904,34.8
Slovenia,1905,34.8
Slovenia,1906,34.7
Slovenia,1907,34.7
Slovenia,1908,34.6
Slovenia,1909,34.6
Slovenia,1910,34.6
Slovenia,1911,34.5
Slovenia,1912,34.5
Slovenia,1913,34.5
Slovenia,1914,34.4
Slovenia,1915,34.4
Slovenia,1916,34.4
Slovenia,1917,34.3
Slovenia,1918,18.8
Slovenia,1919,34.3
Slovenia,1920,34.2
Slovenia,1921,35.1
Slovenia,1922,35.9
Slovenia,1923,36.7
Slovenia,1924,37.6
Slovenia,1925,38.4
Slovenia,1926,39.2
Slovenia,1927,40
Slovenia,1928,40.9
Slovenia,1929,41.7
Slovenia,1930,42.5
Slovenia,1931,43.3
Slovenia,1932,44.1
Slovenia,1933,45
Slovenia,1934,45.8
Slovenia,1935,46.6
Slovenia,1936,47.4
Slovenia,1937,48.2
Slovenia,1938,49
Slovenia,1939,49.8
Slovenia,1940,50.6
Slovenia,1941,47.8
Slovenia,1942,46.1
Slovenia,1943,44.6
Slovenia,1944,43.2
Slovenia,1945,44.8
Slovenia,1946,50.1
Slovenia,1947,55.5
Slovenia,1948,56.8
Slovenia,1949,57.7
Slovenia,1950,58.5
Slovenia,1951,58
Slovenia,1952,60.2
Slovenia,1953,60.6
Slovenia,1954,62.2
Slovenia,1955,61.9
Slovenia,1956,62.4
Slovenia,1957,63.2
Slovenia,1958,65.1
Slovenia,1959,64.9
Slovenia,1960,65.3
Slovenia,1961,66.3
Slovenia,1962,65.9
Slovenia,1963,66.9
Slovenia,1964,67
Slovenia,1965,67.9
Slovenia,1966,68.7
Slovenia,1967,68.5
Slovenia,1968,68.5
Slovenia,1969,68.1
Slovenia,1970,68.6
Slovenia,1971,69
Slovenia,1972,68.9
Slovenia,1973,69.7
Slovenia,1974,70.1
Slovenia,1975,70.2
Slovenia,1976,70.5
Slovenia,1977,70.6
Slovenia,1978,70.5
Slovenia,1979,70.7
Slovenia,1980,71.3
Slovenia,1981,71.5
Slovenia,1982,71.2
Slovenia,1983,71.1
Slovenia,1984,71.5
Slovenia,1985,72.1
Slovenia,1986,72.5
Slovenia,1987,72.9
Slovenia,1988,73.3
Slovenia,1989,73.7
Slovenia,1990,74
Slovenia,1991,74.2
Slovenia,1992,74.5
Slovenia,1993,74.7
Slovenia,1994,74.9
Slovenia,1995,75.1
Slovenia,1996,75.3
Slovenia,1997,75.3
Slovenia,1998,75.5
Slovenia,1999,75.8
Slovenia,2000,76.3
Slovenia,2001,76.3
Slovenia,2002,76.8
Slovenia,2003,77
Slovenia,2004,77.4
Slovenia,2005,78.1
Slovenia,2006,78.3
Slovenia,2007,78.6
Slovenia,2008,79.1
Slovenia,2009,79.4
Slovenia,2010,79.7
Slovenia,2011,80
Slovenia,2012,80.2
Slovenia,2013,80.5
Slovenia,2014,81.3
Slovenia,2015,81
Slovenia,2016,81.3
Slovenia,2017,81.3
Slovenia,2018,81.4
Slovenia,2019,81.4
Slovenia,2020,80.3
Slovenia,2021,80.5
Slovenia,2022,81.9
Slovenia,2023,82.1
Slovenia,2024,82.3
Sweden,1800,32.2
Sweden,1801,36.9
Sweden,1802,40.2
Sweden,1803,40.3
Sweden,1804,39.7
Sweden,1805,41
Sweden,1806,36.2
Sweden,1807,38.8
Sweden,1808,30.1
Sweden,1809,26.9
Sweden,1810,32
Sweden,1811,34.6
Sweden,1812,35.1
Sweden,1813,36.5
Sweden,1814,38.6
Sweden,1815,40.4
Sweden,1816,41.7
Sweden,1817,40.3
Sweden,1818,40
Sweden,1819,37
Sweden,1820,40.2
Sweden,1821,38.1
Sweden,1822,42.8
Sweden,1823,45.2
Sweden,1824,45
Sweden,1825,45.2
Sweden,1826,43.1
Sweden,1827,42.6
Sweden,1828,37.7
Sweden,1829,36.2
Sweden,1830,41
Sweden,1831,39
Sweden,1832,40.8
Sweden,1833,42.5
Sweden,1834,38.5
Sweden,1835,47.1
Sweden,1836,45.1
Sweden,1837,39.6
Sweden,1838,40
Sweden,1839,39.9
Sweden,1840,44
Sweden,1841,45.2
Sweden,1842,42.8
Sweden,1843,42.8
Sweden,1844,44
Sweden,1845,46
Sweden,1846,42
Sweden,1847,40.1
Sweden,1848,45.1
Sweden,1849,44.5
Sweden,1850,44.7
Sweden,1851,43.6
Sweden,1852,41.4
Sweden,1853,40
Sweden,1854,44.6
Sweden,1855,43.1
Sweden,1856,42.1
Sweden,1857,34.6
Sweden,1858,42
Sweden,1859,44.3
Sweden,1860,48.5
Sweden,1861,47.1
Sweden,1862,42.6
Sweden,1863,45.4
Sweden,1864,44.8
Sweden,1865,45.4
Sweden,1866,44.8
Sweden,1867,46.2
Sweden,1868,43.3
Sweden,1869,41
Sweden,1870,45
Sweden,1871,49
Sweden,1872,50.1
Sweden,1873,48.7
Sweden,1874,44.3
Sweden,1875,44.6
Sweden,1876,44.9
Sweden,1877,46.1
Sweden,1878,46.8
Sweden,1879,49
Sweden,1880,47.7
Sweden,1881,48.5
Sweden,1882,48.6
Sweden,1883,49.1
Sweden,1884,49.2
Sweden,1885,49
Sweden,1886,50.7
Sweden,1887,51.5
Sweden,1888,52.4
Sweden,1889,52.4
Sweden,1890,50.5
Sweden,1891,51.2
Sweden,1892,50.7
Sweden,1893,51.4
Sweden,1894,52.2
Sweden,1895,54.2
Sweden,1896,53.6
Sweden,1897,54.2
Sweden,1898,54.8
Sweden,1899,51
Sweden,1900,52.4
Sweden,1901,53
Sweden,1902,54.9
Sweden,1903,55.2
Sweden,1904,55.5
Sweden,1905,54.6
Sweden,1906,56.8
Sweden,1907,57.1
Sweden,1908,56.5
Sweden,1909,58.5
Sweden,1910,57.9
Sweden,1911,58.1
Sweden,1912,57.9
Sweden,1913,58.8
Sweden,1914,58.4
Sweden,1915,57.3
Sweden,1916,58.3
Sweden,1917,59
Sweden,1918,49.9
Sweden,1919,56.7
Sweden,1920,58.9
Sweden,1921,61.2
Sweden,1922,61.2
Sweden,1923,63.1
Sweden,1924,62.1
Sweden,1925,62.7
Sweden,1926,62.9
Sweden,1927,61.7
Sweden,1928,62.4
Sweden,1929,62.5
Sweden,1930,63.4
Sweden,1931,62.9
Sweden,1932,64.1
Sweden,1933,65
Sweden,1934,65.2
Sweden,1935,65
Sweden,1936,64.8
Sweden,1937,64.8
Sweden,1938,65.8
Sweden,1939,66.6
Sweden,1940,66.9
Sweden,1941,67.2
Sweden,1942,69.2
Sweden,1943,68.9
Sweden,1944,67.9
Sweden,1945,68.5
Sweden,1946,69.7
Sweden,1947,69.7
Sweden,1948,70.9
Sweden,1949,71
Sweden,1950,71.4
Sweden,1951,71.6
Sweden,1952,72
Sweden,1953,72.2
Sweden,1954,72.5
Sweden,1955,72.8
Sweden,1956,72.9
Sweden,1957,72.9
Sweden,1958,73.3
Sweden,1959,73.5
Sweden,1960,73.4
Sweden,1961,73.6
Sweden,1962,73.7
Sweden,1963,73.9
Sweden,1964,74
Sweden,1965,74.2
Sweden,1966,74.3
Sweden,1967,74.4
Sweden,1968,74.4
Sweden,1969,74.5
Sweden,1970,74.8
Sweden,1971,74.9
Sweden,1972,75
Sweden,1973,75.1
Sweden,1974,75.2
Sweden,1975,75.3
Sweden,1976,75.4
Sweden,1977,75.6
Sweden,1978,75.8
Sweden,1979,75.8
Sweden,1980,76.1
Sweden,1981,76.4
Sweden,1982,76.6
Sweden,1983,76.9
Sweden,1984,77.1
Sweden,1985,77.1
Sweden,1986,77.3
Sweden,1987,77.3
Sweden,1988,77.4
Sweden,1989,77.8
Sweden,1990,78
Sweden,1991,78.1
Sweden,1992,78.3
Sweden,1993,78.5
Sweden,1994,78.8
Sweden,1995,79.1
Sweden,1996,79.3
Sweden,1997,79.5
Sweden,1998,79.6
Sweden,1999,79.8
Sweden,2000,80
Sweden,2001,80.2
Sweden,2002,80.3
Sweden,2003,80.5
Sweden,2004,80.7
Sweden,2005,81
Sweden,2006,81.1
Sweden,2007,81.3
Sweden,2008,81.5
Sweden,2009,81.7
Sweden,2010,81.9
Sweden,2011,82
Sweden,2012,82.1
Sweden,2013,82.3
Sweden,2014,82.5
Sweden,2015,82.5
Sweden,2016,82.6
Sweden,2017,82.7
Sweden,2018,82.7
Sweden,2019,82.8
Sweden,2020,82.2
Sweden,2021,82.8
Sweden,2022,83.3
Sweden,2023,83.4
Sweden,2024,83.6
Eswatini,1800,32.3
Eswatini,1801,32.3
Eswatini,1802,32.3
Eswatini,1803,32.3
Eswatini,1804,32.3
Eswatini,1805,32.3
Eswatini,1806,32.3
Eswatini,1807,32.3
Eswatini,1808,32.3
Eswatini,1809,32.3
Eswatini,1810,32.3
Eswatini,1811,32.3
Eswatini,1812,32.3
Eswatini,1813,32.3
Eswatini,1814,32.3
Eswatini,1815,32.3
Eswatini,1816,32.3
Eswatini,1817,32.3
Eswatini,1818,32.3
Eswatini,1819,32.3
Eswatini,1820,32.3
Eswatini,1821,32.3
Eswatini,1822,32.3
Eswatini,1823,32.3
Eswatini,1824,32.3
Eswatini,1825,32.3
Eswatini,1826,32.3
Eswatini,1827,32.3
Eswatini,1828,32.3
Eswatini,1829,32.3
Eswatini,1830,32.3
Eswatini,1831,32.3
Eswatini,1832,32.3
Eswatini,1833,32.3
Eswatini,1834,32.3
Eswatini,1835,32.3
Eswatini,1836,32.3
Eswatini,1837,32.3
Eswatini,1838,32.3
Eswatini,1839,32.3
Eswatini,1840,32.3
Eswatini,1841,32.3
Eswatini,1842,32.3
Eswatini,1843,32.3
Eswatini,1844,32.3
Eswatini,1845,32.3
Eswatini,1846,32.3
Eswatini,1847,32.3
Eswatini,1848,32.3
Eswatini,1849,32.3
Eswatini,1850,32.3
Eswatini,1851,32.3
Eswatini,1852,32.3
Eswatini,1853,32.4
Eswatini,1854,32.4
Eswatini,1855,32.4
Eswatini,1856,32.4
Eswatini,1857,32.4
Eswatini,1858,32.5
Eswatini,1859,32.5
Eswatini,1860,32.5
Eswatini,1861,32.5
Eswatini,1862,32.5
Eswatini,1863,32.6
Eswatini,1864,32.6
Eswatini,1865,32.6
Eswatini,1866,32.6
Eswatini,1867,32.6
Eswatini,1868,32.7
Eswatini,1869,32.7
Eswatini,1870,32.7
Eswatini,1871,32.7
Eswatini,1872,32.8
Eswatini,1873,32.8
Eswatini,1874,32.8
Eswatini,1875,32.8
Eswatini,1876,32.8
Eswatini,1877,32.9
Eswatini,1878,32.9
Eswatini,1879,32.9
Eswatini,1880,32.9
Eswatini,1881,32.9
Eswatini,1882,33
Eswatini,1883,33
Eswatini,1884,33
Eswatini,1885,33
Eswatini,1886,33
Eswatini,1887,33.1
Eswatini,1888,33.1
Eswatini,1889,33.1
Eswatini,1890,33.1
Eswatini,1891,33.1
Eswatini,1892,33.2
Eswatini,1893,33.2
Eswatini,1894,33.2
Eswatini,1895,33.2
Eswatini,1896,33.2
Eswatini,1897,33.3
Eswatini,1898,33.3
Eswatini,1899,33.3
Eswatini,1900,33.3
Eswatini,1901,33.3
Eswatini,1902,33.4
Eswatini,1903,33.4
Eswatini,1904,33.4
Eswatini,1905,33.4
Eswatini,1906,33.5
Eswatini,1907,33.5
Eswatini,1908,33.5
Eswatini,1909,33.5
Eswatini,1910,33.5
Eswatini,1911,33.5
Eswatini,1912,33.6
Eswatini,1913,33.6
Eswatini,1914,33.6
Eswatini,1915,33.6
Eswatini,1916,33.6
Eswatini,1917,33.7
Eswatini,1918,13
Eswatini,1919,33.7
Eswatini,1920,33.7
Eswatini,1921,33.8
Eswatini,1922,33.8
Eswatini,1923,33.8
Eswatini,1924,33.8
Eswatini,1925,33.8
Eswatini,1926,33.9
Eswatini,1927,33.9
Eswatini,1928,33.9
Eswatini,1929,33.9
Eswatini,1930,33.9
Eswatini,1931,34
Eswatini,1932,34
Eswatini,1933,34
Eswatini,1934,34
Eswatini,1935,34
Eswatini,1936,34.1
Eswatini,1937,34.1
Eswatini,1938,34.1
Eswatini,1939,34.1
Eswatini,1940,34.1
Eswatini,1941,34.2
Eswatini,1942,34.2
Eswatini,1943,34.3
Eswatini,1944,34.3
Eswatini,1945,34.4
Eswatini,1946,36.2
Eswatini,1947,38
Eswatini,1948,39.7
Eswatini,1949,41.5
Eswatini,1950,43.3
Eswatini,1951,43.6
Eswatini,1952,43.9
Eswatini,1953,44.1
Eswatini,1954,44.3
Eswatini,1955,44.5
Eswatini,1956,44.7
Eswatini,1957,44.9
Eswatini,1958,45.1
Eswatini,1959,45.3
Eswatini,1960,45.6
Eswatini,1961,46
Eswatini,1962,46.6
Eswatini,1963,47.2
Eswatini,1964,47.8
Eswatini,1965,48.5
Eswatini,1966,49.2
Eswatini,1967,49.8
Eswatini,1968,50.3
Eswatini,1969,50.8
Eswatini,1970,51.5
Eswatini,1971,52
Eswatini,1972,52.6
Eswatini,1973,53.2
Eswatini,1974,53.7
Eswatini,1975,54.5
Eswatini,1976,55.2
Eswatini,1977,55.8
Eswatini,1978,56.3
Eswatini,1979,56.8
Eswatini,1980,57.3
Eswatini,1981,57.7
Eswatini,1982,58.2
Eswatini,1983,57.6
Eswatini,1984,59
Eswatini,1985,59.6
Eswatini,1986,60
Eswatini,1987,60.5
Eswatini,1988,61
Eswatini,1989,61.4
Eswatini,1990,61.8
Eswatini,1991,61.9
Eswatini,1992,61.9
Eswatini,1993,61.8
Eswatini,1994,60.9
Eswatini,1995,59.3
Eswatini,1996,57.2
Eswatini,1997,55.4
Eswatini,1998,53
Eswatini,1999,50.7
Eswatini,2000,48.3
Eswatini,2001,46.3
Eswatini,2002,45
Eswatini,2003,43.9
Eswatini,2004,43.1
Eswatini,2005,43.3
Eswatini,2006,44.1
Eswatini,2007,44.9
Eswatini,2008,45.5
Eswatini,2009,46.4
Eswatini,2010,48
Eswatini,2011,49.8
Eswatini,2012,50.9
Eswatini,2013,52.1
Eswatini,2014,53.5
Eswatini,2015,54.9
Eswatini,2016,56.1
Eswatini,2017,57
Eswatini,2018,57.8
Eswatini,2019,58.3
Eswatini,2020,57.4
Eswatini,2021,54.9
Eswatini,2022,54.2
Eswatini,2023,55.5
Eswatini,2024,59.3
Seychelles,1800,37
Seychelles,1801,37
Seychelles,1802,37
Seychelles,1803,37
Seychelles,1804,37
Seychelles,1805,37
Seychelles,1806,37
Seychelles,1807,37
Seychelles,1808,37
Seychelles,1809,37
Seychelles,1810,37
Seychelles,1811,37
Seychelles,1812,37
Seychelles,1813,37
Seychelles,1814,37
Seychelles,1815,37
Seychelles,1816,37
Seychelles,1817,37
Seychelles,1818,37
Seychelles,1819,37
Seychelles,1820,37
Seychelles,1821,37
Seychelles,1822,37
Seychelles,1823,37
Seychelles,1824,37
Seychelles,1825,37
Seychelles,1826,37
Seychelles,1827,37
Seychelles,1828,37
Seychelles,1829,37
Seychelles,1830,37
Seychelles,1831,37
Seychelles,1832,37
Seychelles,1833,37
Seychelles,1834,37
Seychelles,1835,37
Seychelles,1836,37
Seychelles,1837,37
Seychelles,1838,37
Seychelles,1839,37
Seychelles,1840,37
Seychelles,1841,37
Seychelles,1842,37
Seychelles,1843,37
Seychelles,1844,37
Seychelles,1845,37
Seychelles,1846,37
Seychelles,1847,37
Seychelles,1848,37
Seychelles,1849,37
Seychelles,1850,37
Seychelles,1851,37
Seychelles,1852,37
Seychelles,1853,37
Seychelles,1854,37.1
Seychelles,1855,37.1
Seychelles,1856,37.1
Seychelles,1857,37.1
Seychelles,1858,37.1
Seychelles,1859,37.1
Seychelles,1860,37.1
Seychelles,1861,37.2
Seychelles,1862,37.2
Seychelles,1863,37.2
Seychelles,1864,37.2
Seychelles,1865,37.2
Seychelles,1866,37.2
Seychelles,1867,37.3
Seychelles,1868,37.3
Seychelles,1869,37.3
Seychelles,1870,37.3
Seychelles,1871,37.6
Seychelles,1872,37.9
Seychelles,1873,38.1
Seychelles,1874,38.4
Seychelles,1875,38.7
Seychelles,1876,39
Seychelles,1877,39.3
Seychelles,1878,39.5
Seychelles,1879,39.8
Seychelles,1880,40.1
Seychelles,1881,40.4
Seychelles,1882,40.7
Seychelles,1883,41
Seychelles,1884,41.2
Seychelles,1885,41.5
Seychelles,1886,41.8
Seychelles,1887,42.1
Seychelles,1888,42.4
Seychelles,1889,42.6
Seychelles,1890,42.9
Seychelles,1891,43.2
Seychelles,1892,43.5
Seychelles,1893,43.8
Seychelles,1894,44.1
Seychelles,1895,44.4
Seychelles,1896,44.6
Seychelles,1897,44.9
Seychelles,1898,45.2
Seychelles,1899,45.5
Seychelles,1900,45.8
Seychelles,1901,46.1
Seychelles,1902,46.4
Seychelles,1903,46.6
Seychelles,1904,46.9
Seychelles,1905,47.2
Seychelles,1906,47.5
Seychelles,1907,47.8
Seychelles,1908,48.1
Seychelles,1909,48.4
Seychelles,1910,48.6
Seychelles,1911,48.9
Seychelles,1912,49.2
Seychelles,1913,49.5
Seychelles,1914,49.8
Seychelles,1915,50.1
Seychelles,1916,50.4
Seychelles,1917,50.7
Seychelles,1918,51
Seychelles,1919,51.2
Seychelles,1920,51.5
Seychelles,1921,51.8
Seychelles,1922,52.1
Seychelles,1923,52.4
Seychelles,1924,52.7
Seychelles,1925,53
Seychelles,1926,53.3
Seychelles,1927,53.6
Seychelles,1928,53.9
Seychelles,1929,54.1
Seychelles,1930,54.5
Seychelles,1931,54.7
Seychelles,1932,55
Seychelles,1933,55.3
Seychelles,1934,55.6
Seychelles,1935,55.9
Seychelles,1936,56.2
Seychelles,1937,56.5
Seychelles,1938,56.8
Seychelles,1939,57.1
Seychelles,1940,57.4
Seychelles,1941,57.6
Seychelles,1942,57.9
Seychelles,1943,58.2
Seychelles,1944,58.4
Seychelles,1945,58.7
Seychelles,1946,58.9
Seychelles,1947,59.2
Seychelles,1948,59.4
Seychelles,1949,59.7
Seychelles,1950,60
Seychelles,1951,60.4
Seychelles,1952,60.8
Seychelles,1953,61.1
Seychelles,1954,61.5
Seychelles,1955,62
Seychelles,1956,62.5
Seychelles,1957,63
Seychelles,1958,63.3
Seychelles,1959,63.6
Seychelles,1960,63.6
Seychelles,1961,63.4
Seychelles,1962,63.5
Seychelles,1963,63.7
Seychelles,1964,63.8
Seychelles,1965,63.9
Seychelles,1966,64.1
Seychelles,1967,64.3
Seychelles,1968,64.7
Seychelles,1969,65.1
Seychelles,1970,65.7
Seychelles,1971,66.4
Seychelles,1972,67.2
Seychelles,1973,67.8
Seychelles,1974,68.3
Seychelles,1975,68.9
Seychelles,1976,69.4
Seychelles,1977,69.8
Seychelles,1978,70.3
Seychelles,1979,70.8
Seychelles,1980,71.1
Seychelles,1981,71.1
Seychelles,1982,70.7
Seychelles,1983,71.4
Seychelles,1984,71.5
Seychelles,1985,71.3
Seychelles,1986,71.1
Seychelles,1987,71
Seychelles,1988,70.9
Seychelles,1989,70.5
Seychelles,1990,70.6
Seychelles,1991,70.8
Seychelles,1992,70.8
Seychelles,1993,70.7
Seychelles,1994,70.6
Seychelles,1995,71
Seychelles,1996,71.1
Seychelles,1997,71.2
Seychelles,1998,71.6
Seychelles,1999,71.8
Seychelles,2000,72.2
Seychelles,2001,72.3
Seychelles,2002,72.1
Seychelles,2003,71.9
Seychelles,2004,72
Seychelles,2005,72.2
Seychelles,2006,72.4
Seychelles,2007,72.5
Seychelles,2008,72.8
Seychelles,2009,72.9
Seychelles,2010,73.2
Seychelles,2011,73.4
Seychelles,2012,73.4
Seychelles,2013,73.5
Seychelles,2014,73.5
Seychelles,2015,73.4
Seychelles,2016,73.3
Seychelles,2017,73.4
Seychelles,2018,73.5
Seychelles,2019,73.6
Seychelles,2020,72.9
Seychelles,2021,70.7
Seychelles,2022,71.2
Seychelles,2023,74.4
Seychelles,2024,74.6
Syria,1800,31.1
Syria,1801,31.1
Syria,1802,31.1
Syria,1803,31.1
Syria,1804,31.1
Syria,1805,31.1
Syria,1806,31.1
Syria,1807,31.1
Syria,1808,31.1
Syria,1809,31.1
Syria,1810,31.1
Syria,1811,31.1
Syria,1812,31.1
Syria,1813,31.1
Syria,1814,31.1
Syria,1815,31.1
Syria,1816,31.1
Syria,1817,31.1
Syria,1818,31.1
Syria,1819,31.1
Syria,1820,31.1
Syria,1821,31.1
Syria,1822,31.1
Syria,1823,31.1
Syria,1824,31.1
Syria,1825,31.1
Syria,1826,31.1
Syria,1827,31.1
Syria,1828,31.1
Syria,1829,31.1
Syria,1830,31.1
Syria,1831,31.1
Syria,1832,31.1
Syria,1833,31.1
Syria,1834,31.1
Syria,1835,31.1
Syria,1836,31.1
Syria,1837,31.1
Syria,1838,31.1
Syria,1839,31.1
Syria,1840,31.1
Syria,1841,31.1
Syria,1842,31.1
Syria,1843,31.1
Syria,1844,31.1
Syria,1845,31.1
Syria,1846,31.1
Syria,1847,31.1
Syria,1848,31.1
Syria,1849,31.1
Syria,1850,31.1
Syria,1851,31.1
Syria,1852,31.2
Syria,1853,31.3
Syria,1854,31.3
Syria,1855,31.3
Syria,1856,31.4
Syria,1857,31.4
Syria,1858,31.5
Syria,1859,31.5
Syria,1860,31.6
Syria,1861,31.6
Syria,1862,31.7
Syria,1863,31.7
Syria,1864,31.8
Syria,1865,31.8
Syria,1866,31.9
Syria,1867,31.9
Syria,1868,32
Syria,1869,32
Syria,1870,32.1
Syria,1871,32.1
Syria,1872,32.2
Syria,1873,32.2
Syria,1874,32.3
Syria,1875,32.3
Syria,1876,32.4
Syria,1877,32.4
Syria,1878,32.5
Syria,1879,32.5
Syria,1880,32.5
Syria,1881,32.6
Syria,1882,32.6
Syria,1883,32.7
Syria,1884,32.7
Syria,1885,32.8
Syria,1886,32.8
Syria,1887,32.9
Syria,1888,32.9
Syria,1889,33
Syria,1890,33
Syria,1891,33.1
Syria,1892,33.1
Syria,1893,33.2
Syria,1894,33.2
Syria,1895,33.3
Syria,1896,33.3
Syria,1897,33.4
Syria,1898,33.4
Syria,1899,33.5
Syria,1900,33.5
Syria,1901,33.6
Syria,1902,33.6
Syria,1903,33.7
Syria,1904,33.7
Syria,1905,33.8
Syria,1906,33.8
Syria,1907,33.9
Syria,1908,33.9
Syria,1909,34
Syria,1910,34
Syria,1911,34
Syria,1912,34.1
Syria,1913,34.1
Syria,1914,34.2
Syria,1915,34.2
Syria,1916,34.3
Syria,1917,34.3
Syria,1918,28.5
Syria,1919,34.4
Syria,1920,34.5
Syria,1921,34.5
Syria,1922,34.6
Syria,1923,34.6
Syria,1924,34.7
Syria,1925,34.7
Syria,1926,34.8
Syria,1927,34.8
Syria,1928,34.9
Syria,1929,34.9
Syria,1930,35
Syria,1931,35
Syria,1932,35.1
Syria,1933,35.1
Syria,1934,35.2
Syria,1935,35.2
Syria,1936,36.5
Syria,1937,37.8
Syria,1938,39.1
Syria,1939,40.4
Syria,1940,41.7
Syria,1941,43
Syria,1942,44.3
Syria,1943,45.6
Syria,1944,47
Syria,1945,48.3
Syria,1946,49.6
Syria,1947,51
Syria,1948,52.3
Syria,1949,53.6
Syria,1950,55
Syria,1951,54.9
Syria,1952,55.5
Syria,1953,55.5
Syria,1954,56.8
Syria,1955,57.4
Syria,1956,57.9
Syria,1957,59.5
Syria,1958,60
Syria,1959,60.2
Syria,1960,61
Syria,1961,61.7
Syria,1962,62.6
Syria,1963,62.8
Syria,1964,63.3
Syria,1965,64.2
Syria,1966,64.1
Syria,1967,64.8
Syria,1968,65.4
Syria,1969,65.8
Syria,1970,66.5
Syria,1971,67.2
Syria,1972,67.8
Syria,1973,67.9
Syria,1974,69.7
Syria,1975,69.8
Syria,1976,69.8
Syria,1977,70.3
Syria,1978,70.8
Syria,1979,70.3
Syria,1980,70.2
Syria,1981,70
Syria,1982,66.1
Syria,1983,69.4
Syria,1984,70.1
Syria,1985,69.4
Syria,1986,69.4
Syria,1987,69.2
Syria,1988,69.1
Syria,1989,68.9
Syria,1990,68.8
Syria,1991,68.8
Syria,1992,68.6
Syria,1993,69.3
Syria,1994,69.5
Syria,1995,69.8
Syria,1996,70.1
Syria,1997,70.4
Syria,1998,70.4
Syria,1999,70.9
Syria,2000,71.6
Syria,2001,72.4
Syria,2002,72.8
Syria,2003,73.8
Syria,2004,74.1
Syria,2005,74.4
Syria,2006,74.5
Syria,2007,74.6
Syria,2008,74.4
Syria,2009,74.7
Syria,2010,74.7
Syria,2011,72.8
Syria,2012,65.8
Syria,2013,66.4
Syria,2014,63.6
Syria,2015,65.5
Syria,2016,64.3
Syria,2017,68.3
Syria,2018,73.2
Syria,2019,73.9
Syria,2020,74.2
Syria,2021,74.1
Syria,2022,74.4
Syria,2023,74.5
Syria,2024,74.7
Chad,1800,30.9
Chad,1801,30.9
Chad,1802,30.9
Chad,1803,30.9
Chad,1804,30.9
Chad,1805,30.9
Chad,1806,30.9
Chad,1807,30.9
Chad,1808,30.9
Chad,1809,30.9
Chad,1810,30.9
Chad,1811,30.9
Chad,1812,30.9
Chad,1813,30.9
Chad,1814,30.9
Chad,1815,30.9
Chad,1816,30.9
Chad,1817,30.9
Chad,1818,30.9
Chad,1819,30.9
Chad,1820,30.9
Chad,1821,30.9
Chad,1822,30.9
Chad,1823,30.9
Chad,1824,30.9
Chad,1825,30.9
Chad,1826,30.9
Chad,1827,30.9
Chad,1828,30.9
Chad,1829,30.9
Chad,1830,30.9
Chad,1831,30.9
Chad,1832,30.9
Chad,1833,30.9
Chad,1834,30.9
Chad,1835,30.9
Chad,1836,30.9
Chad,1837,30.9
Chad,1838,30.9
Chad,1839,30.9
Chad,1840,30.9
Chad,1841,30.9
Chad,1842,30.9
Chad,1843,30.9
Chad,1844,30.9
Chad,1845,30.9
Chad,1846,30.9
Chad,1847,30.9
Chad,1848,30.9
Chad,1849,30.9
Chad,1850,30.9
Chad,1851,31
Chad,1852,31
Chad,1853,31.1
Chad,1854,31.2
Chad,1855,31.2
Chad,1856,31.3
Chad,1857,31.4
Chad,1858,31.4
Chad,1859,31.5
Chad,1860,31.6
Chad,1861,31.6
Chad,1862,31.7
Chad,1863,31.8
Chad,1864,31.8
Chad,1865,31.9
Chad,1866,32
Chad,1867,32
Chad,1868,32.1
Chad,1869,32.2
Chad,1870,32.2
Chad,1871,32.3
Chad,1872,32.4
Chad,1873,32.4
Chad,1874,32.5
Chad,1875,32.6
Chad,1876,32.6
Chad,1877,32.7
Chad,1878,32.8
Chad,1879,32.8
Chad,1880,32.9
Chad,1881,33
Chad,1882,33
Chad,1883,33.1
Chad,1884,33.2
Chad,1885,33.2
Chad,1886,33.3
Chad,1887,33.4
Chad,1888,33.4
Chad,1889,33.5
Chad,1890,33.6
Chad,1891,33.6
Chad,1892,33.7
Chad,1893,33.8
Chad,1894,33.8
Chad,1895,33.9
Chad,1896,34
Chad,1897,34
Chad,1898,34.1
Chad,1899,34.2
Chad,1900,34.2
Chad,1901,34.3
Chad,1902,34.4
Chad,1903,34.4
Chad,1904,34.5
Chad,1905,34.6
Chad,1906,34.6
Chad,1907,34.7
Chad,1908,34.8
Chad,1909,34.8
Chad,1910,34.9
Chad,1911,35
Chad,1912,35
Chad,1913,35.1
Chad,1914,35.2
Chad,1915,35.2
Chad,1916,35.3
Chad,1917,35.4
Chad,1918,20.8
Chad,1919,35.5
Chad,1920,35.6
Chad,1921,35.6
Chad,1922,35.7
Chad,1923,35.8
Chad,1924,35.8
Chad,1925,35.9
Chad,1926,36
Chad,1927,36
Chad,1928,36.1
Chad,1929,36.2
Chad,1930,36.2
Chad,1931,36.3
Chad,1932,36.4
Chad,1933,36.4
Chad,1934,36.5
Chad,1935,36.6
Chad,1936,36.6
Chad,1937,36.7
Chad,1938,36.8
Chad,1939,36.9
Chad,1940,36.9
Chad,1941,37.2
Chad,1942,37.4
Chad,1943,37.6
Chad,1944,37.9
Chad,1945,38.1
Chad,1946,39.5
Chad,1947,40.9
Chad,1948,42.3
Chad,1949,43.6
Chad,1950,45
Chad,1951,45.3
Chad,1952,45.5
Chad,1953,45.8
Chad,1954,46
Chad,1955,46.2
Chad,1956,46.5
Chad,1957,46.7
Chad,1958,46.9
Chad,1959,47.2
Chad,1960,47.4
Chad,1961,47.6
Chad,1962,47.9
Chad,1963,48.1
Chad,1964,48.3
Chad,1965,48.5
Chad,1966,47.8
Chad,1967,47.9
Chad,1968,48
Chad,1969,48.1
Chad,1970,48.4
Chad,1971,48.2
Chad,1972,49
Chad,1973,49.9
Chad,1974,50
Chad,1975,50.4
Chad,1976,50.1
Chad,1977,50.3
Chad,1978,50.6
Chad,1979,50.7
Chad,1980,50.8
Chad,1981,50.8
Chad,1982,50.7
Chad,1983,51
Chad,1984,51.4
Chad,1985,52.4
Chad,1986,52.3
Chad,1987,51
Chad,1988,53.3
Chad,1989,53.7
Chad,1990,53.5
Chad,1991,53.6
Chad,1992,53.5
Chad,1993,53.7
Chad,1994,53.5
Chad,1995,53.5
Chad,1996,53.1
Chad,1997,52.8
Chad,1998,52.5
Chad,1999,52.5
Chad,2000,52.3
Chad,2001,52.5
Chad,2002,52.6
Chad,2003,52.8
Chad,2004,53.2
Chad,2005,53.7
Chad,2006,53.9
Chad,2007,54.8
Chad,2008,55.2
Chad,2009,56
Chad,2010,56.5
Chad,2011,56.9
Chad,2012,57.3
Chad,2013,57.8
Chad,2014,58.3
Chad,2015,58.8
Chad,2016,59.3
Chad,2017,59.5
Chad,2018,59.9
Chad,2019,60.4
Chad,2020,59.8
Chad,2021,59.5
Chad,2022,60.1
Chad,2023,60.9
Chad,2024,61.4
Togo,1800,31.3
Togo,1801,31.3
Togo,1802,31.3
Togo,1803,31.3
Togo,1804,31.3
Togo,1805,31.3
Togo,1806,31.3
Togo,1807,31.3
Togo,1808,31.3
Togo,1809,31.3
Togo,1810,31.3
Togo,1811,31.3
Togo,1812,31.3
Togo,1813,31.3
Togo,1814,31.3
Togo,1815,31.3
Togo,1816,31.3
Togo,1817,31.3
Togo,1818,31.3
Togo,1819,31.3
Togo,1820,31.3
Togo,1821,31.3
Togo,1822,31.3
Togo,1823,31.3
Togo,1824,31.3
Togo,1825,31.3
Togo,1826,31.3
Togo,1827,31.3
Togo,1828,31.3
Togo,1829,31.3
Togo,1830,31.3
Togo,1831,31.3
Togo,1832,31.3
Togo,1833,31.3
Togo,1834,31.3
Togo,1835,31.3
Togo,1836,31.3
Togo,1837,31.3
Togo,1838,31.3
Togo,1839,31.3
Togo,1840,31.3
Togo,1841,31.3
Togo,1842,31.3
Togo,1843,31.3
Togo,1844,31.3
Togo,1845,31.3
Togo,1846,31.3
Togo,1847,31.3
Togo,1848,31.3
Togo,1849,31.3
Togo,1850,31.3
Togo,1851,31.4
Togo,1852,31.5
Togo,1853,31.6
Togo,1854,31.7
Togo,1855,31.8
Togo,1856,31.9
Togo,1857,32
Togo,1858,32.1
Togo,1859,32.2
Togo,1860,32.3
Togo,1861,32.4
Togo,1862,32.4
Togo,1863,32.5
Togo,1864,32.6
Togo,1865,32.7
Togo,1866,32.8
Togo,1867,32.9
Togo,1868,33
Togo,1869,33.1
Togo,1870,33.2
Togo,1871,33.3
Togo,1872,33.4
Togo,1873,33.5
Togo,1874,33.6
Togo,1875,33.7
Togo,1876,33.8
Togo,1877,33.9
Togo,1878,34
Togo,1879,34.1
Togo,1880,34.2
Togo,1881,34.3
Togo,1882,34.4
Togo,1883,34.5
Togo,1884,34.5
Togo,1885,34.6
Togo,1886,34.7
Togo,1887,34.8
Togo,1888,34.9
Togo,1889,35
Togo,1890,35.1
Togo,1891,35.2
Togo,1892,35.3
Togo,1893,35.4
Togo,1894,35.5
Togo,1895,35.6
Togo,1896,35.7
Togo,1897,35.8
Togo,1898,35.9
Togo,1899,36
Togo,1900,36.1
Togo,1901,36.2
Togo,1902,36.3
Togo,1903,36.4
Togo,1904,36.5
Togo,1905,36.5
Togo,1906,36.6
Togo,1907,36.7
Togo,1908,36.8
Togo,1909,36.9
Togo,1910,37
Togo,1911,37.1
Togo,1912,37.2
Togo,1913,37.3
Togo,1914,37.4
Togo,1915,37.5
Togo,1916,37.6
Togo,1917,37.7
Togo,1918,14.6
Togo,1919,37.9
Togo,1920,38
Togo,1921,38.1
Togo,1922,38.2
Togo,1923,38.3
Togo,1924,38.4
Togo,1925,38.5
Togo,1926,38.5
Togo,1927,38.6
Togo,1928,38.7
Togo,1929,38.8
Togo,1930,38.9
Togo,1931,39
Togo,1932,39.1
Togo,1933,39.2
Togo,1934,39.3
Togo,1935,39.4
Togo,1936,39.5
Togo,1937,39.6
Togo,1938,39.7
Togo,1939,39.8
Togo,1940,39.9
Togo,1941,40
Togo,1942,40.2
Togo,1943,40.3
Togo,1944,40.5
Togo,1945,40.6
Togo,1946,41.4
Togo,1947,42.3
Togo,1948,43.1
Togo,1949,43.9
Togo,1950,44.8
Togo,1951,45
Togo,1952,45.2
Togo,1953,45.4
Togo,1954,45.6
Togo,1955,45.9
Togo,1956,46.2
Togo,1957,46.5
Togo,1958,46.5
Togo,1959,46.7
Togo,1960,47
Togo,1961,47.3
Togo,1962,47.5
Togo,1963,47.9
Togo,1964,48.3
Togo,1965,48.6
Togo,1966,49.3
Togo,1967,49.9
Togo,1968,50.4
Togo,1969,50.9
Togo,1970,51.4
Togo,1971,51.9
Togo,1972,52.4
Togo,1973,52.8
Togo,1974,53.3
Togo,1975,53.7
Togo,1976,54.1
Togo,1977,54.4
Togo,1978,54.9
Togo,1979,55.4
Togo,1980,55.8
Togo,1981,56.1
Togo,1982,56.4
Togo,1983,56.6
Togo,1984,56.9
Togo,1985,57.1
Togo,1986,57.3
Togo,1987,57.4
Togo,1988,57.6
Togo,1989,57.8
Togo,1990,58
Togo,1991,58
Togo,1992,58.1
Togo,1993,57.9
Togo,1994,57.7
Togo,1995,57.5
Togo,1996,57.2
Togo,1997,56.7
Togo,1998,56.6
Togo,1999,56.5
Togo,2000,56.4
Togo,2001,56.3
Togo,2002,56.3
Togo,2003,56.4
Togo,2004,56.7
Togo,2005,56.9
Togo,2006,57.5
Togo,2007,57.8
Togo,2008,58.1
Togo,2009,58.7
Togo,2010,59.5
Togo,2011,60.2
Togo,2012,60.8
Togo,2013,61.3
Togo,2014,61.8
Togo,2015,62.4
Togo,2016,63
Togo,2017,63.8
Togo,2018,64.5
Togo,2019,65
Togo,2020,65.2
Togo,2021,65.8
Togo,2022,65.8
Togo,2023,66
Togo,2024,66.2
Thailand,1800,30.4
Thailand,1801,30.4
Thailand,1802,30.4
Thailand,1803,30.4
Thailand,1804,30.4
Thailand,1805,30.4
Thailand,1806,30.4
Thailand,1807,30.4
Thailand,1808,30.4
Thailand,1809,30.4
Thailand,1810,30.4
Thailand,1811,30.4
Thailand,1812,30.4
Thailand,1813,30.4
Thailand,1814,30.4
Thailand,1815,30.4
Thailand,1816,30.4
Thailand,1817,30.4
Thailand,1818,30.4
Thailand,1819,30.4
Thailand,1820,30.4
Thailand,1821,30.4
Thailand,1822,30.4
Thailand,1823,30.4
Thailand,1824,30.4
Thailand,1825,30.4
Thailand,1826,30.4
Thailand,1827,30.4
Thailand,1828,30.4
Thailand,1829,30.4
Thailand,1830,30.4
Thailand,1831,30.4
Thailand,1832,30.4
Thailand,1833,30.4
Thailand,1834,30.4
Thailand,1835,30.4
Thailand,1836,30.4
Thailand,1837,30.4
Thailand,1838,30.4
Thailand,1839,30.4
Thailand,1840,30.4
Thailand,1841,30.4
Thailand,1842,30.4
Thailand,1843,30.4
Thailand,1844,30.4
Thailand,1845,30.4
Thailand,1846,30.4
Thailand,1847,30.4
Thailand,1848,30.4
Thailand,1849,30.4
Thailand,1850,30.4
Thailand,1851,30.4
Thailand,1852,30.4
Thailand,1853,30.4
Thailand,1854,30.5
Thailand,1855,30.5
Thailand,1856,30.5
Thailand,1857,30.5
Thailand,1858,30.5
Thailand,1859,30.6
Thailand,1860,30.6
Thailand,1861,30.6
Thailand,1862,30.6
Thailand,1863,30.6
Thailand,1864,30.6
Thailand,1865,30.7
Thailand,1866,30.7
Thailand,1867,30.7
Thailand,1868,30.7
Thailand,1869,30.7
Thailand,1870,30.7
Thailand,1871,30.8
Thailand,1872,30.8
Thailand,1873,30.8
Thailand,1874,30.8
Thailand,1875,30.8
Thailand,1876,30.8
Thailand,1877,30.9
Thailand,1878,30.9
Thailand,1879,30.9
Thailand,1880,30.9
Thailand,1881,30.9
Thailand,1882,30.9
Thailand,1883,31
Thailand,1884,31
Thailand,1885,31
Thailand,1886,31
Thailand,1887,31
Thailand,1888,31.1
Thailand,1889,31.1
Thailand,1890,31.1
Thailand,1891,31.1
Thailand,1892,31.1
Thailand,1893,31.1
Thailand,1894,31.1
Thailand,1895,31.2
Thailand,1896,31.2
Thailand,1897,31.2
Thailand,1898,31.2
Thailand,1899,31.2
Thailand,1900,31.3
Thailand,1901,31.3
Thailand,1902,31.3
Thailand,1903,31.3
Thailand,1904,31.3
Thailand,1905,31.3
Thailand,1906,31.4
Thailand,1907,31.4
Thailand,1908,31.4
Thailand,1909,31.4
Thailand,1910,31.4
Thailand,1911,31.4
Thailand,1912,31.4
Thailand,1913,31.5
Thailand,1914,31.5
Thailand,1915,31.5
Thailand,1916,31.5
Thailand,1917,31.5
Thailand,1918,20.2
Thailand,1919,31.6
Thailand,1920,31.6
Thailand,1921,31.6
Thailand,1922,31.6
Thailand,1923,31.6
Thailand,1924,31.7
Thailand,1925,31.7
Thailand,1926,31.7
Thailand,1927,31.7
Thailand,1928,31.7
Thailand,1929,31.7
Thailand,1930,31.8
Thailand,1931,33.3
Thailand,1932,34.8
Thailand,1933,36.3
Thailand,1934,37.8
Thailand,1935,39.3
Thailand,1936,40.8
Thailand,1937,42.3
Thailand,1938,42.3
Thailand,1939,42.3
Thailand,1940,41.3
Thailand,1941,40.3
Thailand,1942,40.3
Thailand,1943,40.3
Thailand,1944,40.1
Thailand,1945,41.5
Thailand,1946,42.8
Thailand,1947,44.1
Thailand,1948,52.7
Thailand,1949,53.3
Thailand,1950,53.8
Thailand,1951,54.5
Thailand,1952,55.6
Thailand,1953,56.9
Thailand,1954,57.7
Thailand,1955,58.3
Thailand,1956,58.6
Thailand,1957,59.1
Thailand,1958,59.7
Thailand,1959,60.2
Thailand,1960,60.9
Thailand,1961,61.8
Thailand,1962,61.9
Thailand,1963,61.9
Thailand,1964,62.4
Thailand,1965,62.9
Thailand,1966,63
Thailand,1967,63.1
Thailand,1968,63.4
Thailand,1969,63.5
Thailand,1970,64.2
Thailand,1971,64.4
Thailand,1972,64.2
Thailand,1973,64.4
Thailand,1974,64.8
Thailand,1975,65.5
Thailand,1976,66.6
Thailand,1977,66.5
Thailand,1978,66.8
Thailand,1979,66.4
Thailand,1980,66.5
Thailand,1981,66.9
Thailand,1982,67.3
Thailand,1983,67.9
Thailand,1984,69.3
Thailand,1985,70
Thailand,1986,70.7
Thailand,1987,70.8
Thailand,1988,71.2
Thailand,1989,71.1
Thailand,1990,71.3
Thailand,1991,71.2
Thailand,1992,71.3
Thailand,1993,71.2
Thailand,1994,70.9
Thailand,1995,70.7
Thailand,1996,70.6
Thailand,1997,71.7
Thailand,1998,71.8
Thailand,1999,71.4
Thailand,2000,71.8
Thailand,2001,72.8
Thailand,2002,73.1
Thailand,2003,73.6
Thailand,2004,73.7
Thailand,2005,74.8
Thailand,2006,75.4
Thailand,2007,76
Thailand,2008,76.5
Thailand,2009,76.9
Thailand,2010,77
Thailand,2011,77.4
Thailand,2012,77.7
Thailand,2013,78
Thailand,2014,78.1
Thailand,2015,78.2
Thailand,2016,78
Thailand,2017,78.2
Thailand,2018,78.3
Thailand,2019,78.4
Thailand,2020,78.7
Thailand,2021,78.2
Thailand,2022,79.1
Thailand,2023,79.3
Thailand,2024,79.6
Tajikistan,1800,24.2
Tajikistan,1801,24.2
Tajikistan,1802,24.2
Tajikistan,1803,24.2
Tajikistan,1804,24.2
Tajikistan,1805,24.2
Tajikistan,1806,24.2
Tajikistan,1807,24.2
Tajikistan,1808,24.2
Tajikistan,1809,24.2
Tajikistan,1810,24.2
Tajikistan,1811,24.2
Tajikistan,1812,24.2
Tajikistan,1813,24.2
Tajikistan,1814,24.2
Tajikistan,1815,24.2
Tajikistan,1816,24.2
Tajikistan,1817,24.2
Tajikistan,1818,24.2
Tajikistan,1819,24.2
Tajikistan,1820,24.2
Tajikistan,1821,24.2
Tajikistan,1822,24.2
Tajikistan,1823,24.2
Tajikistan,1824,24.2
Tajikistan,1825,24.2
Tajikistan,1826,24.2
Tajikistan,1827,24.2
Tajikistan,1828,24.2
Tajikistan,1829,24.2
Tajikistan,1830,24.2
Tajikistan,1831,24.2
Tajikistan,1832,24.2
Tajikistan,1833,24.2
Tajikistan,1834,24.2
Tajikistan,1835,24.2
Tajikistan,1836,24.2
Tajikistan,1837,24.2
Tajikistan,1838,24.2
Tajikistan,1839,24.2
Tajikistan,1840,24.2
Tajikistan,1841,24.2
Tajikistan,1842,24.2
Tajikistan,1843,24.2
Tajikistan,1844,24.2
Tajikistan,1845,24.2
Tajikistan,1846,24.2
Tajikistan,1847,24.2
Tajikistan,1848,24.2
Tajikistan,1849,24.2
Tajikistan,1850,24.2
Tajikistan,1851,24.2
Tajikistan,1852,24.2
Tajikistan,1853,24.1
Tajikistan,1854,24.1
Tajikistan,1855,24.1
Tajikistan,1856,24.1
Tajikistan,1857,24
Tajikistan,1858,24
Tajikistan,1859,24
Tajikistan,1860,23.9
Tajikistan,1861,23.9
Tajikistan,1862,23.9
Tajikistan,1863,23.9
Tajikistan,1864,23.3
Tajikistan,1865,22.8
Tajikistan,1866,22.2
Tajikistan,1867,21.7
Tajikistan,1868,21.1
Tajikistan,1869,21.1
Tajikistan,1870,21.2
Tajikistan,1871,21.2
Tajikistan,1872,21.2
Tajikistan,1873,21.2
Tajikistan,1874,21.4
Tajikistan,1875,21.6
Tajikistan,1876,21.7
Tajikistan,1877,21.9
Tajikistan,1878,22.1
Tajikistan,1879,22.2
Tajikistan,1880,22.4
Tajikistan,1881,22.5
Tajikistan,1882,22.7
Tajikistan,1883,22.9
Tajikistan,1884,23
Tajikistan,1885,23.2
Tajikistan,1886,23.4
Tajikistan,1887,23.5
Tajikistan,1888,23.7
Tajikistan,1889,23.8
Tajikistan,1890,24
Tajikistan,1891,24.1
Tajikistan,1892,24.3
Tajikistan,1893,24.5
Tajikistan,1894,24.6
Tajikistan,1895,24.8
Tajikistan,1896,24.9
Tajikistan,1897,25.1
Tajikistan,1898,24.9
Tajikistan,1899,24.7
Tajikistan,1900,24.5
Tajikistan,1901,24.7
Tajikistan,1902,24.9
Tajikistan,1903,25.1
Tajikistan,1904,25.3
Tajikistan,1905,25.5
Tajikistan,1906,25.7
Tajikistan,1907,25.9
Tajikistan,1908,26.1
Tajikistan,1909,26.3
Tajikistan,1910,26.5
Tajikistan,1911,29.2
Tajikistan,1912,29.6
Tajikistan,1913,27.5
Tajikistan,1914,27.1
Tajikistan,1915,26.7
Tajikistan,1916,26.7
Tajikistan,1917,23.9
Tajikistan,1918,14.7
Tajikistan,1919,19.7
Tajikistan,1920,15.5
Tajikistan,1921,18.5
Tajikistan,1922,19.3
Tajikistan,1923,27.4
Tajikistan,1924,29.6
Tajikistan,1925,28.8
Tajikistan,1926,31.6
Tajikistan,1927,31
Tajikistan,1928,32.3
Tajikistan,1929,31.1
Tajikistan,1930,30.5
Tajikistan,1931,25.2
Tajikistan,1932,18
Tajikistan,1933,14.4
Tajikistan,1934,32.4
Tajikistan,1935,33.8
Tajikistan,1936,35.2
Tajikistan,1937,34.3
Tajikistan,1938,35.8
Tajikistan,1939,37.8
Tajikistan,1940,35.6
Tajikistan,1941,26.4
Tajikistan,1942,22.9
Tajikistan,1943,22
Tajikistan,1944,29.1
Tajikistan,1945,35.7
Tajikistan,1946,41.7
Tajikistan,1947,34.6
Tajikistan,1948,41.7
Tajikistan,1949,44.2
Tajikistan,1950,46.2
Tajikistan,1951,46.5
Tajikistan,1952,47
Tajikistan,1953,47.5
Tajikistan,1954,48.1
Tajikistan,1955,48.8
Tajikistan,1956,49.5
Tajikistan,1957,50.2
Tajikistan,1958,50.9
Tajikistan,1959,51.7
Tajikistan,1960,52.5
Tajikistan,1961,53.4
Tajikistan,1962,54.3
Tajikistan,1963,55
Tajikistan,1964,55.9
Tajikistan,1965,56.8
Tajikistan,1966,57.6
Tajikistan,1967,58.4
Tajikistan,1968,59.2
Tajikistan,1969,60.1
Tajikistan,1970,60.4
Tajikistan,1971,61.1
Tajikistan,1972,61.2
Tajikistan,1973,61.6
Tajikistan,1974,62.1
Tajikistan,1975,62.6
Tajikistan,1976,63.2
Tajikistan,1977,63.9
Tajikistan,1978,64.5
Tajikistan,1979,64.9
Tajikistan,1980,65.3
Tajikistan,1981,65.6
Tajikistan,1982,65.9
Tajikistan,1983,65.9
Tajikistan,1984,66.1
Tajikistan,1985,66.7
Tajikistan,1986,67.2
Tajikistan,1987,67
Tajikistan,1988,66.9
Tajikistan,1989,66.9
Tajikistan,1990,66.9
Tajikistan,1991,66.7
Tajikistan,1992,63.4
Tajikistan,1993,58.8
Tajikistan,1994,64.2
Tajikistan,1995,64.6
Tajikistan,1996,64.1
Tajikistan,1997,65.6
Tajikistan,1998,65.7
Tajikistan,1999,66.3
Tajikistan,2000,66.6
Tajikistan,2001,66.8
Tajikistan,2002,67
Tajikistan,2003,67.3
Tajikistan,2004,67.5
Tajikistan,2005,67.5
Tajikistan,2006,67.6
Tajikistan,2007,67.7
Tajikistan,2008,67.9
Tajikistan,2009,68
Tajikistan,2010,68
Tajikistan,2011,68.1
Tajikistan,2012,68.3
Tajikistan,2013,68.6
Tajikistan,2014,68.6
Tajikistan,2015,68.6
Tajikistan,2016,68.6
Tajikistan,2017,68.8
Tajikistan,2018,69.2
Tajikistan,2019,69.6
Tajikistan,2020,66.7
Tajikistan,2021,70.3
Tajikistan,2022,70
Tajikistan,2023,70.1
Tajikistan,2024,70.3
Turkmenistan,1800,24
Turkmenistan,1801,24
Turkmenistan,1802,24
Turkmenistan,1803,24
Turkmenistan,1804,24
Turkmenistan,1805,24
Turkmenistan,1806,24
Turkmenistan,1807,24
Turkmenistan,1808,24
Turkmenistan,1809,24
Turkmenistan,1810,24
Turkmenistan,1811,24
Turkmenistan,1812,24
Turkmenistan,1813,24
Turkmenistan,1814,24
Turkmenistan,1815,24
Turkmenistan,1816,24
Turkmenistan,1817,24
Turkmenistan,1818,24
Turkmenistan,1819,24
Turkmenistan,1820,24
Turkmenistan,1821,24
Turkmenistan,1822,24
Turkmenistan,1823,24
Turkmenistan,1824,24
Turkmenistan,1825,24
Turkmenistan,1826,24
Turkmenistan,1827,24
Turkmenistan,1828,24
Turkmenistan,1829,24
Turkmenistan,1830,24
Turkmenistan,1831,24
Turkmenistan,1832,24
Turkmenistan,1833,24
Turkmenistan,1834,24
Turkmenistan,1835,24
Turkmenistan,1836,24
Turkmenistan,1837,24
Turkmenistan,1838,24
Turkmenistan,1839,24
Turkmenistan,1840,24
Turkmenistan,1841,24
Turkmenistan,1842,24
Turkmenistan,1843,24
Turkmenistan,1844,24
Turkmenistan,1845,24
Turkmenistan,1846,24
Turkmenistan,1847,24
Turkmenistan,1848,24
Turkmenistan,1849,24
Turkmenistan,1850,24
Turkmenistan,1851,24
Turkmenistan,1852,24
Turkmenistan,1853,24
Turkmenistan,1854,24
Turkmenistan,1855,23.9
Turkmenistan,1856,23.9
Turkmenistan,1857,23.9
Turkmenistan,1858,23.9
Turkmenistan,1859,23.9
Turkmenistan,1860,23.9
Turkmenistan,1861,23.9
Turkmenistan,1862,23.9
Turkmenistan,1863,23.9
Turkmenistan,1864,23
Turkmenistan,1865,22.2
Turkmenistan,1866,21.3
Turkmenistan,1867,20.5
Turkmenistan,1868,19.7
Turkmenistan,1869,19.7
Turkmenistan,1870,19.7
Turkmenistan,1871,19.8
Turkmenistan,1872,19.8
Turkmenistan,1873,19.9
Turkmenistan,1874,20
Turkmenistan,1875,20.2
Turkmenistan,1876,20.4
Turkmenistan,1877,20.6
Turkmenistan,1878,20.8
Turkmenistan,1879,21
Turkmenistan,1880,21.2
Turkmenistan,1881,21.4
Turkmenistan,1882,21.5
Turkmenistan,1883,21.7
Turkmenistan,1884,21.9
Turkmenistan,1885,22.1
Turkmenistan,1886,22.3
Turkmenistan,1887,22.5
Turkmenistan,1888,22.7
Turkmenistan,1889,22.9
Turkmenistan,1890,23
Turkmenistan,1891,23.2
Turkmenistan,1892,23.4
Turkmenistan,1893,23.6
Turkmenistan,1894,23.8
Turkmenistan,1895,24
Turkmenistan,1896,24.1
Turkmenistan,1897,24.3
Turkmenistan,1898,24.1
Turkmenistan,1899,24
Turkmenistan,1900,23.8
Turkmenistan,1901,24
Turkmenistan,1902,24.3
Turkmenistan,1903,24.5
Turkmenistan,1904,24.7
Turkmenistan,1905,25
Turkmenistan,1906,25.2
Turkmenistan,1907,25.4
Turkmenistan,1908,25.7
Turkmenistan,1909,25.9
Turkmenistan,1910,26.1
Turkmenistan,1911,29
Turkmenistan,1912,29.4
Turkmenistan,1913,27.3
Turkmenistan,1914,26.9
Turkmenistan,1915,26.4
Turkmenistan,1916,26.4
Turkmenistan,1917,23.5
Turkmenistan,1918,13.8
Turkmenistan,1919,19.1
Turkmenistan,1920,14.7
Turkmenistan,1921,17.9
Turkmenistan,1922,18.8
Turkmenistan,1923,27.4
Turkmenistan,1924,29.8
Turkmenistan,1925,28.9
Turkmenistan,1926,32
Turkmenistan,1927,31.3
Turkmenistan,1928,32.8
Turkmenistan,1929,31.6
Turkmenistan,1930,30.9
Turkmenistan,1931,25.3
Turkmenistan,1932,17.6
Turkmenistan,1933,13.7
Turkmenistan,1934,33.1
Turkmenistan,1935,34.6
Turkmenistan,1936,36.2
Turkmenistan,1937,35.2
Turkmenistan,1938,36.8
Turkmenistan,1939,39.1
Turkmenistan,1940,36.7
Turkmenistan,1941,26.4
Turkmenistan,1942,22.6
Turkmenistan,1943,21.6
Turkmenistan,1944,29.3
Turkmenistan,1945,36.5
Turkmenistan,1946,43.4
Turkmenistan,1947,35.8
Turkmenistan,1948,43.5
Turkmenistan,1949,46.1
Turkmenistan,1950,48.4
Turkmenistan,1951,48.8
Turkmenistan,1952,49.4
Turkmenistan,1953,50
Turkmenistan,1954,50.7
Turkmenistan,1955,51.5
Turkmenistan,1956,52.3
Turkmenistan,1957,53.1
Turkmenistan,1958,53.9
Turkmenistan,1959,54.4
Turkmenistan,1960,55.1
Turkmenistan,1961,55.9
Turkmenistan,1962,56.5
Turkmenistan,1963,57
Turkmenistan,1964,57.6
Turkmenistan,1965,58.1
Turkmenistan,1966,58.7
Turkmenistan,1967,59.1
Turkmenistan,1968,59.6
Turkmenistan,1969,60.2
Turkmenistan,1970,60.4
Turkmenistan,1971,60.8
Turkmenistan,1972,61
Turkmenistan,1973,61.2
Turkmenistan,1974,61.5
Turkmenistan,1975,61.6
Turkmenistan,1976,61.9
Turkmenistan,1977,62.2
Turkmenistan,1978,62.4
Turkmenistan,1979,62.9
Turkmenistan,1980,63.6
Turkmenistan,1981,63.9
Turkmenistan,1982,64.4
Turkmenistan,1983,64.5
Turkmenistan,1984,64.7
Turkmenistan,1985,65
Turkmenistan,1986,65.4
Turkmenistan,1987,65.6
Turkmenistan,1988,65.6
Turkmenistan,1989,65.6
Turkmenistan,1990,66
Turkmenistan,1991,65.5
Turkmenistan,1992,65.6
Turkmenistan,1993,64.4
Turkmenistan,1994,64.3
Turkmenistan,1995,64.6
Turkmenistan,1996,64.2
Turkmenistan,1997,64.3
Turkmenistan,1998,64.7
Turkmenistan,1999,65.5
Turkmenistan,2000,66.3
Turkmenistan,2001,66.7
Turkmenistan,2002,66.6
Turkmenistan,2003,66.5
Turkmenistan,2004,66.2
Turkmenistan,2005,65.8
Turkmenistan,2006,66.2
Turkmenistan,2007,66.6
Turkmenistan,2008,67.3
Turkmenistan,2009,68.8
Turkmenistan,2010,69.5
Turkmenistan,2011,69.6
Turkmenistan,2012,69.8
Turkmenistan,2013,69.8
Turkmenistan,2014,69.9
Turkmenistan,2015,70
Turkmenistan,2016,70.3
Turkmenistan,2017,70.5
Turkmenistan,2018,70.6
Turkmenistan,2019,70.8
Turkmenistan,2020,70.5
Turkmenistan,2021,71.1
Turkmenistan,2022,71.2
Turkmenistan,2023,71.4
Turkmenistan,2024,71.5
Timor-Leste,1800,28.9
Timor-Leste,1801,28.9
Timor-Leste,1802,28.9
Timor-Leste,1803,28.9
Timor-Leste,1804,28.9
Timor-Leste,1805,28.9
Timor-Leste,1806,28.9
Timor-Leste,1807,28.9
Timor-Leste,1808,28.9
Timor-Leste,1809,28.9
Timor-Leste,1810,28.9
Timor-Leste,1811,28.9
Timor-Leste,1812,28.9
Timor-Leste,1813,28.9
Timor-Leste,1814,28.9
Timor-Leste,1815,28.9
Timor-Leste,1816,28.9
Timor-Leste,1817,28.9
Timor-Leste,1818,28.9
Timor-Leste,1819,28.9
Timor-Leste,1820,28.9
Timor-Leste,1821,28.9
Timor-Leste,1822,28.9
Timor-Leste,1823,28.9
Timor-Leste,1824,28.9
Timor-Leste,1825,28.9
Timor-Leste,1826,28.9
Timor-Leste,1827,28.9
Timor-Leste,1828,28.9
Timor-Leste,1829,28.9
Timor-Leste,1830,28.9
Timor-Leste,1831,28.9
Timor-Leste,1832,28.9
Timor-Leste,1833,28.9
Timor-Leste,1834,28.9
Timor-Leste,1835,28.9
Timor-Leste,1836,28.9
Timor-Leste,1837,28.9
Timor-Leste,1838,28.9
Timor-Leste,1839,28.9
Timor-Leste,1840,28.9
Timor-Leste,1841,28.9
Timor-Leste,1842,28.9
Timor-Leste,1843,28.9
Timor-Leste,1844,28.9
Timor-Leste,1845,28.9
Timor-Leste,1846,28.9
Timor-Leste,1847,28.9
Timor-Leste,1848,28.9
Timor-Leste,1849,28.9
Timor-Leste,1850,28.9
Timor-Leste,1851,29.1
Timor-Leste,1852,29.2
Timor-Leste,1853,29.3
Timor-Leste,1854,29.4
Timor-Leste,1855,29.5
Timor-Leste,1856,29.6
Timor-Leste,1857,29.7
Timor-Leste,1858,29.8
Timor-Leste,1859,29.9
Timor-Leste,1860,30
Timor-Leste,1861,30.1
Timor-Leste,1862,30.2
Timor-Leste,1863,30.4
Timor-Leste,1864,30.5
Timor-Leste,1865,30.6
Timor-Leste,1866,30.7
Timor-Leste,1867,30.8
Timor-Leste,1868,30.9
Timor-Leste,1869,31
Timor-Leste,1870,31.1
Timor-Leste,1871,31.2
Timor-Leste,1872,31.3
Timor-Leste,1873,31.4
Timor-Leste,1874,31.5
Timor-Leste,1875,31.6
Timor-Leste,1876,31.8
Timor-Leste,1877,31.9
Timor-Leste,1878,32
Timor-Leste,1879,32.1
Timor-Leste,1880,32.2
Timor-Leste,1881,32.3
Timor-Leste,1882,32.4
Timor-Leste,1883,32.5
Timor-Leste,1884,32.6
Timor-Leste,1885,32.7
Timor-Leste,1886,32.8
Timor-Leste,1887,32.9
Timor-Leste,1888,33
Timor-Leste,1889,33.1
Timor-Leste,1890,33.3
Timor-Leste,1891,33.4
Timor-Leste,1892,33.5
Timor-Leste,1893,33.6
Timor-Leste,1894,33.7
Timor-Leste,1895,33.8
Timor-Leste,1896,33.9
Timor-Leste,1897,34
Timor-Leste,1898,34.1
Timor-Leste,1899,34.2
Timor-Leste,1900,34.3
Timor-Leste,1901,34.4
Timor-Leste,1902,34.5
Timor-Leste,1903,34.6
Timor-Leste,1904,34.8
Timor-Leste,1905,34.9
Timor-Leste,1906,35
Timor-Leste,1907,35.1
Timor-Leste,1908,35.2
Timor-Leste,1909,35.3
Timor-Leste,1910,35.4
Timor-Leste,1911,35.5
Timor-Leste,1912,35.6
Timor-Leste,1913,35.7
Timor-Leste,1914,35.8
Timor-Leste,1915,35.9
Timor-Leste,1916,36
Timor-Leste,1917,36.2
Timor-Leste,1918,11.8
Timor-Leste,1919,36.4
Timor-Leste,1920,36.5
Timor-Leste,1921,36.6
Timor-Leste,1922,36.7
Timor-Leste,1923,36.8
Timor-Leste,1924,36.9
Timor-Leste,1925,37
Timor-Leste,1926,37.1
Timor-Leste,1927,37.2
Timor-Leste,1928,37.3
Timor-Leste,1929,37.5
Timor-Leste,1930,37.6
Timor-Leste,1931,37.7
Timor-Leste,1932,37.8
Timor-Leste,1933,37.9
Timor-Leste,1934,38
Timor-Leste,1935,38.1
Timor-Leste,1936,38.2
Timor-Leste,1937,38.3
Timor-Leste,1938,38.4
Timor-Leste,1939,38.5
Timor-Leste,1940,38.6
Timor-Leste,1941,39
Timor-Leste,1942,28.7
Timor-Leste,1943,26.4
Timor-Leste,1944,22.7
Timor-Leste,1945,21.7
Timor-Leste,1946,28.8
Timor-Leste,1947,37.3
Timor-Leste,1948,41.7
Timor-Leste,1949,42.1
Timor-Leste,1950,42.5
Timor-Leste,1951,42.7
Timor-Leste,1952,43.1
Timor-Leste,1953,43.4
Timor-Leste,1954,43.7
Timor-Leste,1955,44
Timor-Leste,1956,44.3
Timor-Leste,1957,44.6
Timor-Leste,1958,44.9
Timor-Leste,1959,45.2
Timor-Leste,1960,45.7
Timor-Leste,1961,46.1
Timor-Leste,1962,46.5
Timor-Leste,1963,46.8
Timor-Leste,1964,47.1
Timor-Leste,1965,47.8
Timor-Leste,1966,48.4
Timor-Leste,1967,49.1
Timor-Leste,1968,49.6
Timor-Leste,1969,50
Timor-Leste,1970,50.5
Timor-Leste,1971,51
Timor-Leste,1972,51.5
Timor-Leste,1973,52.1
Timor-Leste,1974,52.8
Timor-Leste,1975,47.2
Timor-Leste,1976,49.3
Timor-Leste,1977,49.7
Timor-Leste,1978,49.3
Timor-Leste,1979,48.8
Timor-Leste,1980,52
Timor-Leste,1981,53.9
Timor-Leste,1982,54.9
Timor-Leste,1983,55.6
Timor-Leste,1984,56.9
Timor-Leste,1985,57.8
Timor-Leste,1986,58.5
Timor-Leste,1987,59.4
Timor-Leste,1988,59.9
Timor-Leste,1989,60.2
Timor-Leste,1990,60.9
Timor-Leste,1991,61
Timor-Leste,1992,61.5
Timor-Leste,1993,61.7
Timor-Leste,1994,62.4
Timor-Leste,1995,62.6
Timor-Leste,1996,64.2
Timor-Leste,1997,63.4
Timor-Leste,1998,63.8
Timor-Leste,1999,58.5
Timor-Leste,2000,65.5
Timor-Leste,2001,65.8
Timor-Leste,2002,66.1
Timor-Leste,2003,66.5
Timor-Leste,2004,67.1
Timor-Leste,2005,67.7
Timor-Leste,2006,68.4
Timor-Leste,2007,69
Timor-Leste,2008,69.5
Timor-Leste,2009,69.8
Timor-Leste,2010,70
Timor-Leste,2011,70.2
Timor-Leste,2012,70.3
Timor-Leste,2013,70.4
Timor-Leste,2014,70.3
Timor-Leste,2015,70.3
Timor-Leste,2016,70.4
Timor-Leste,2017,70.5
Timor-Leste,2018,70.5
Timor-Leste,2019,70.6
Timor-Leste,2020,70.8
Timor-Leste,2021,70.1
Timor-Leste,2022,71.4
Timor-Leste,2023,71.7
Timor-Leste,2024,71.9
Tonga,1800,28.2
Tonga,1801,28.2
Tonga,1802,28.2
Tonga,1803,28.2
Tonga,1804,28.2
Tonga,1805,28.2
Tonga,1806,28.2
Tonga,1807,28.2
Tonga,1808,28.2
Tonga,1809,28.2
Tonga,1810,28.2
Tonga,1811,28.2
Tonga,1812,28.2
Tonga,1813,28.2
Tonga,1814,28.2
Tonga,1815,28.2
Tonga,1816,28.2
Tonga,1817,28.2
Tonga,1818,28.2
Tonga,1819,28.2
Tonga,1820,28.2
Tonga,1821,28.2
Tonga,1822,28.2
Tonga,1823,28.2
Tonga,1824,28.2
Tonga,1825,28.2
Tonga,1826,28.2
Tonga,1827,28.2
Tonga,1828,28.2
Tonga,1829,28.2
Tonga,1830,28.2
Tonga,1831,28.2
Tonga,1832,28.2
Tonga,1833,28.2
Tonga,1834,28.2
Tonga,1835,28.2
Tonga,1836,28.2
Tonga,1837,28.2
Tonga,1838,28.2
Tonga,1839,28.2
Tonga,1840,28.2
Tonga,1841,28.2
Tonga,1842,28.2
Tonga,1843,28.2
Tonga,1844,28.2
Tonga,1845,28.2
Tonga,1846,28.2
Tonga,1847,28.2
Tonga,1848,28.2
Tonga,1849,28.2
Tonga,1850,28.2
Tonga,1851,28.2
Tonga,1852,28.2
Tonga,1853,28.3
Tonga,1854,28.3
Tonga,1855,28.3
Tonga,1856,28.3
Tonga,1857,28.3
Tonga,1858,28.3
Tonga,1859,28.4
Tonga,1860,28.4
Tonga,1861,28.4
Tonga,1862,28.4
Tonga,1863,28.4
Tonga,1864,28.4
Tonga,1865,28.5
Tonga,1866,28.5
Tonga,1867,28.5
Tonga,1868,28.5
Tonga,1869,28.5
Tonga,1870,28.6
Tonga,1871,28.6
Tonga,1872,28.6
Tonga,1873,28.6
Tonga,1874,28.6
Tonga,1875,28.6
Tonga,1876,28.7
Tonga,1877,28.7
Tonga,1878,28.7
Tonga,1879,28.7
Tonga,1880,28.7
Tonga,1881,28.8
Tonga,1882,28.8
Tonga,1883,28.8
Tonga,1884,28.8
Tonga,1885,28.8
Tonga,1886,28.8
Tonga,1887,28.9
Tonga,1888,28.9
Tonga,1889,28.9
Tonga,1890,28.9
Tonga,1891,28.9
Tonga,1892,28.9
Tonga,1893,8.22
Tonga,1894,29
Tonga,1895,29
Tonga,1896,29
Tonga,1897,29
Tonga,1898,29.1
Tonga,1899,29.1
Tonga,1900,29.1
Tonga,1901,29.1
Tonga,1902,29.1
Tonga,1903,29.1
Tonga,1904,29.2
Tonga,1905,29.2
Tonga,1906,29.2
Tonga,1907,29.2
Tonga,1908,29.2
Tonga,1909,29.3
Tonga,1910,29.3
Tonga,1911,29.3
Tonga,1912,29.3
Tonga,1913,29.3
Tonga,1914,29.3
Tonga,1915,29.4
Tonga,1916,29.4
Tonga,1917,29.4
Tonga,1918,6.09
Tonga,1919,29.4
Tonga,1920,29.4
Tonga,1921,29.5
Tonga,1922,29.5
Tonga,1923,29.5
Tonga,1924,29.5
Tonga,1925,29.5
Tonga,1926,30.8
Tonga,1927,32.1
Tonga,1928,33.3
Tonga,1929,34.6
Tonga,1930,35.9
Tonga,1931,37.1
Tonga,1932,38.4
Tonga,1933,39.7
Tonga,1934,41
Tonga,1935,42.2
Tonga,1936,43.5
Tonga,1937,44.8
Tonga,1938,46.1
Tonga,1939,47.4
Tonga,1940,48.6
Tonga,1941,49.9
Tonga,1942,51.2
Tonga,1943,52.5
Tonga,1944,53.8
Tonga,1945,55
Tonga,1946,56.3
Tonga,1947,57.6
Tonga,1948,58.9
Tonga,1949,60.2
Tonga,1950,61.5
Tonga,1951,61.8
Tonga,1952,62
Tonga,1953,62.3
Tonga,1954,62.6
Tonga,1955,63
Tonga,1956,63.3
Tonga,1957,63.6
Tonga,1958,63.9
Tonga,1959,64.2
Tonga,1960,64.6
Tonga,1961,64.8
Tonga,1962,65.2
Tonga,1963,65.4
Tonga,1964,65.5
Tonga,1965,65.7
Tonga,1966,65.9
Tonga,1967,66
Tonga,1968,66.2
Tonga,1969,66.4
Tonga,1970,66.5
Tonga,1971,66.7
Tonga,1972,66.9
Tonga,1973,66.9
Tonga,1974,67.2
Tonga,1975,67.4
Tonga,1976,67.6
Tonga,1977,67.7
Tonga,1978,67.9
Tonga,1979,68.1
Tonga,1980,68.4
Tonga,1981,68.6
Tonga,1982,68.7
Tonga,1983,69.3
Tonga,1984,69.6
Tonga,1985,69.9
Tonga,1986,70.2
Tonga,1987,70.5
Tonga,1988,70.7
Tonga,1989,70.8
Tonga,1990,71
Tonga,1991,71.1
Tonga,1992,71.4
Tonga,1993,71.3
Tonga,1994,71.3
Tonga,1995,71.6
Tonga,1996,71.6
Tonga,1997,71.4
Tonga,1998,71
Tonga,1999,70.6
Tonga,2000,70.7
Tonga,2001,71
Tonga,2002,71
Tonga,2003,71.1
Tonga,2004,71.4
Tonga,2005,72
Tonga,2006,72.1
Tonga,2007,72.1
Tonga,2008,72.1
Tonga,2009,70
Tonga,2010,72.2
Tonga,2011,72.3
Tonga,2012,72.4
Tonga,2013,72.5
Tonga,2014,72.5
Tonga,2015,72.6
Tonga,2016,72.7
Tonga,2017,72.8
Tonga,2018,72.9
Tonga,2019,73
Tonga,2020,73
Tonga,2021,73.1
Tonga,2022,73.4
Tonga,2023,73.5
Tonga,2024,73.7
Trinidad and Tobago,1800,32.9
Trinidad and Tobago,1801,32.9
Trinidad and Tobago,1802,32.9
Trinidad and Tobago,1803,32.9
Trinidad and Tobago,1804,32.9
Trinidad and Tobago,1805,32.9
Trinidad and Tobago,1806,32.9
Trinidad and Tobago,1807,32.9
Trinidad and Tobago,1808,32.9
Trinidad and Tobago,1809,32.9
Trinidad and Tobago,1810,32.9
Trinidad and Tobago,1811,32.9
Trinidad and Tobago,1812,32.9
Trinidad and Tobago,1813,32.9
Trinidad and Tobago,1814,32.9
Trinidad and Tobago,1815,32.9
Trinidad and Tobago,1816,32.9
Trinidad and Tobago,1817,32.9
Trinidad and Tobago,1818,32.9
Trinidad and Tobago,1819,32.9
Trinidad and Tobago,1820,32.9
Trinidad and Tobago,1821,32.9
Trinidad and Tobago,1822,32.9
Trinidad and Tobago,1823,32.9
Trinidad and Tobago,1824,32.9
Trinidad and Tobago,1825,32.9
Trinidad and Tobago,1826,32.9
Trinidad and Tobago,1827,32.9
Trinidad and Tobago,1828,32.9
Trinidad and Tobago,1829,32.9
Trinidad and Tobago,1830,32.9
Trinidad and Tobago,1831,32.9
Trinidad and Tobago,1832,32.9
Trinidad and Tobago,1833,32.9
Trinidad and Tobago,1834,32.9
Trinidad and Tobago,1835,32.9
Trinidad and Tobago,1836,32.9
Trinidad and Tobago,1837,32.9
Trinidad and Tobago,1838,32.9
Trinidad and Tobago,1839,33.9
Trinidad and Tobago,1840,34.9
Trinidad and Tobago,1841,35.9
Trinidad and Tobago,1842,36.8
Trinidad and Tobago,1843,37.8
Trinidad and Tobago,1844,38.8
Trinidad and Tobago,1845,38.8
Trinidad and Tobago,1846,38.8
Trinidad and Tobago,1847,38.8
Trinidad and Tobago,1848,38.8
Trinidad and Tobago,1849,38.8
Trinidad and Tobago,1850,38.8
Trinidad and Tobago,1851,38.8
Trinidad and Tobago,1852,38.8
Trinidad and Tobago,1853,38.8
Trinidad and Tobago,1854,38.8
Trinidad and Tobago,1855,38.8
Trinidad and Tobago,1856,38.8
Trinidad and Tobago,1857,38.8
Trinidad and Tobago,1858,38.8
Trinidad and Tobago,1859,38.8
Trinidad and Tobago,1860,38.8
Trinidad and Tobago,1861,38.8
Trinidad and Tobago,1862,38.8
Trinidad and Tobago,1863,38.8
Trinidad and Tobago,1864,38.8
Trinidad and Tobago,1865,38.8
Trinidad and Tobago,1866,38.8
Trinidad and Tobago,1867,38.8
Trinidad and Tobago,1868,38.8
Trinidad and Tobago,1869,38.8
Trinidad and Tobago,1870,38.8
Trinidad and Tobago,1871,38.8
Trinidad and Tobago,1872,38.8
Trinidad and Tobago,1873,38.8
Trinidad and Tobago,1874,38.8
Trinidad and Tobago,1875,38.8
Trinidad and Tobago,1876,38.8
Trinidad and Tobago,1877,38.9
Trinidad and Tobago,1878,38.9
Trinidad and Tobago,1879,38.9
Trinidad and Tobago,1880,38.9
Trinidad and Tobago,1881,38.9
Trinidad and Tobago,1882,38.9
Trinidad and Tobago,1883,38.9
Trinidad and Tobago,1884,38.9
Trinidad and Tobago,1885,38.9
Trinidad and Tobago,1886,38.9
Trinidad and Tobago,1887,38.9
Trinidad and Tobago,1888,38.9
Trinidad and Tobago,1889,38.9
Trinidad and Tobago,1890,38.9
Trinidad and Tobago,1891,38.9
Trinidad and Tobago,1892,38.9
Trinidad and Tobago,1893,38.9
Trinidad and Tobago,1894,38.9
Trinidad and Tobago,1895,38.9
Trinidad and Tobago,1896,38.9
Trinidad and Tobago,1897,38.9
Trinidad and Tobago,1898,38.9
Trinidad and Tobago,1899,38.9
Trinidad and Tobago,1900,38.9
Trinidad and Tobago,1901,38.9
Trinidad and Tobago,1902,38.9
Trinidad and Tobago,1903,38.9
Trinidad and Tobago,1904,38.9
Trinidad and Tobago,1905,38.9
Trinidad and Tobago,1906,38.9
Trinidad and Tobago,1907,38.9
Trinidad and Tobago,1908,38.9
Trinidad and Tobago,1909,38.9
Trinidad and Tobago,1910,38.9
Trinidad and Tobago,1911,38.9
Trinidad and Tobago,1912,38.9
Trinidad and Tobago,1913,38.9
Trinidad and Tobago,1914,38.9
Trinidad and Tobago,1915,38.9
Trinidad and Tobago,1916,38.9
Trinidad and Tobago,1917,38.9
Trinidad and Tobago,1918,25.2
Trinidad and Tobago,1919,38.9
Trinidad and Tobago,1920,38.9
Trinidad and Tobago,1921,38.9
Trinidad and Tobago,1922,39.6
Trinidad and Tobago,1923,40.3
Trinidad and Tobago,1924,41
Trinidad and Tobago,1925,41.7
Trinidad and Tobago,1926,42.4
Trinidad and Tobago,1927,43.1
Trinidad and Tobago,1928,43.8
Trinidad and Tobago,1929,44.5
Trinidad and Tobago,1930,45.2
Trinidad and Tobago,1931,45.9
Trinidad and Tobago,1932,46.5
Trinidad and Tobago,1933,47
Trinidad and Tobago,1934,47.6
Trinidad and Tobago,1935,48.2
Trinidad and Tobago,1936,48.8
Trinidad and Tobago,1937,49.4
Trinidad and Tobago,1938,50
Trinidad and Tobago,1939,50.6
Trinidad and Tobago,1940,51.2
Trinidad and Tobago,1941,51.8
Trinidad and Tobago,1942,52.4
Trinidad and Tobago,1943,53
Trinidad and Tobago,1944,53.6
Trinidad and Tobago,1945,54.2
Trinidad and Tobago,1946,54.9
Trinidad and Tobago,1947,55.5
Trinidad and Tobago,1948,56.1
Trinidad and Tobago,1949,56.7
Trinidad and Tobago,1950,57.4
Trinidad and Tobago,1951,57.6
Trinidad and Tobago,1952,58.6
Trinidad and Tobago,1953,59.9
Trinidad and Tobago,1954,60.9
Trinidad and Tobago,1955,60.9
Trinidad and Tobago,1956,62
Trinidad and Tobago,1957,62
Trinidad and Tobago,1958,62.7
Trinidad and Tobago,1959,62.8
Trinidad and Tobago,1960,64.3
Trinidad and Tobago,1961,64.3
Trinidad and Tobago,1962,64.8
Trinidad and Tobago,1963,65
Trinidad and Tobago,1964,64.9
Trinidad and Tobago,1965,65.1
Trinidad and Tobago,1966,65.8
Trinidad and Tobago,1967,65.6
Trinidad and Tobago,1968,65.5
Trinidad and Tobago,1969,65.3
Trinidad and Tobago,1970,65.3
Trinidad and Tobago,1971,65.5
Trinidad and Tobago,1972,65.5
Trinidad and Tobago,1973,65.3
Trinidad and Tobago,1974,66.6
Trinidad and Tobago,1975,66.8
Trinidad and Tobago,1976,66.2
Trinidad and Tobago,1977,66.5
Trinidad and Tobago,1978,67.8
Trinidad and Tobago,1979,67.8
Trinidad and Tobago,1980,67.6
Trinidad and Tobago,1981,68.3
Trinidad and Tobago,1982,67.7
Trinidad and Tobago,1983,68.5
Trinidad and Tobago,1984,68.2
Trinidad and Tobago,1985,68.3
Trinidad and Tobago,1986,69
Trinidad and Tobago,1987,68.9
Trinidad and Tobago,1988,69
Trinidad and Tobago,1989,69.1
Trinidad and Tobago,1990,69.6
Trinidad and Tobago,1991,69.9
Trinidad and Tobago,1992,69.7
Trinidad and Tobago,1993,69.4
Trinidad and Tobago,1994,69.2
Trinidad and Tobago,1995,69.8
Trinidad and Tobago,1996,69.5
Trinidad and Tobago,1997,70.2
Trinidad and Tobago,1998,69.9
Trinidad and Tobago,1999,69.8
Trinidad and Tobago,2000,70.5
Trinidad and Tobago,2001,70.6
Trinidad and Tobago,2002,71.2
Trinidad and Tobago,2003,71.1
Trinidad and Tobago,2004,71.6
Trinidad and Tobago,2005,71.9
Trinidad and Tobago,2006,72.5
Trinidad and Tobago,2007,72.8
Trinidad and Tobago,2008,72.4
Trinidad and Tobago,2009,73.2
Trinidad and Tobago,2010,73.7
Trinidad and Tobago,2011,74.5
Trinidad and Tobago,2012,75.1
Trinidad and Tobago,2013,74.9
Trinidad and Tobago,2014,74.9
Trinidad and Tobago,2015,74.9
Trinidad and Tobago,2016,74.8
Trinidad and Tobago,2017,74.8
Trinidad and Tobago,2018,74.8
Trinidad and Tobago,2019,74.9
Trinidad and Tobago,2020,75.1
Trinidad and Tobago,2021,73.6
Trinidad and Tobago,2022,75.4
Trinidad and Tobago,2023,75.5
Trinidad and Tobago,2024,75.7
Tunisia,1800,28.8
Tunisia,1801,28.8
Tunisia,1802,28.8
Tunisia,1803,28.8
Tunisia,1804,28.8
Tunisia,1805,28.8
Tunisia,1806,28.8
Tunisia,1807,28.8
Tunisia,1808,28.8
Tunisia,1809,28.8
Tunisia,1810,28.8
Tunisia,1811,28.8
Tunisia,1812,28.8
Tunisia,1813,28.8
Tunisia,1814,28.8
Tunisia,1815,28.8
Tunisia,1816,28.8
Tunisia,1817,28.8
Tunisia,1818,5.5
Tunisia,1819,1.5
Tunisia,1820,6.5
Tunisia,1821,28.8
Tunisia,1822,28.8
Tunisia,1823,28.8
Tunisia,1824,28.8
Tunisia,1825,28.8
Tunisia,1826,28.8
Tunisia,1827,28.8
Tunisia,1828,28.8
Tunisia,1829,28.8
Tunisia,1830,28.8
Tunisia,1831,28.8
Tunisia,1832,28.8
Tunisia,1833,28.8
Tunisia,1834,28.8
Tunisia,1835,28.8
Tunisia,1836,28.8
Tunisia,1837,28.8
Tunisia,1838,28.8
Tunisia,1839,28.8
Tunisia,1840,28.8
Tunisia,1841,28.8
Tunisia,1842,28.8
Tunisia,1843,28.8
Tunisia,1844,28.8
Tunisia,1845,28.8
Tunisia,1846,28.8
Tunisia,1847,28.8
Tunisia,1848,28.8
Tunisia,1849,15
Tunisia,1850,14
Tunisia,1851,28.8
Tunisia,1852,28.9
Tunisia,1853,28.9
Tunisia,1854,28.9
Tunisia,1855,29
Tunisia,1856,29
Tunisia,1857,29.1
Tunisia,1858,29.1
Tunisia,1859,29.1
Tunisia,1860,29.2
Tunisia,1861,29.2
Tunisia,1862,29.2
Tunisia,1863,29.3
Tunisia,1864,29.3
Tunisia,1865,29.4
Tunisia,1866,29.4
Tunisia,1867,29.4
Tunisia,1868,10
Tunisia,1869,29.5
Tunisia,1870,29.5
Tunisia,1871,29.6
Tunisia,1872,29.6
Tunisia,1873,29.6
Tunisia,1874,29.7
Tunisia,1875,29.7
Tunisia,1876,29.8
Tunisia,1877,29.8
Tunisia,1878,29.8
Tunisia,1879,29.9
Tunisia,1880,29.9
Tunisia,1881,29.9
Tunisia,1882,30
Tunisia,1883,30
Tunisia,1884,30.1
Tunisia,1885,30.1
Tunisia,1886,30.1
Tunisia,1887,30.2
Tunisia,1888,30.2
Tunisia,1889,30.2
Tunisia,1890,30.3
Tunisia,1891,30.3
Tunisia,1892,30.3
Tunisia,1893,30.4
Tunisia,1894,30.4
Tunisia,1895,30.4
Tunisia,1896,30.5
Tunisia,1897,30.5
Tunisia,1898,30.6
Tunisia,1899,30.6
Tunisia,1900,30.6
Tunisia,1901,30.7
Tunisia,1902,30.7
Tunisia,1903,30.8
Tunisia,1904,30.8
Tunisia,1905,30.8
Tunisia,1906,30.9
Tunisia,1907,30.9
Tunisia,1908,30.9
Tunisia,1909,31
Tunisia,1910,31
Tunisia,1911,31
Tunisia,1912,31.1
Tunisia,1913,31.1
Tunisia,1914,31.1
Tunisia,1915,31.2
Tunisia,1916,31.2
Tunisia,1917,31.3
Tunisia,1918,23.9
Tunisia,1919,31.3
Tunisia,1920,31.4
Tunisia,1921,31.4
Tunisia,1922,31.4
Tunisia,1923,31.5
Tunisia,1924,31.8
Tunisia,1925,32.1
Tunisia,1926,32.4
Tunisia,1927,32.7
Tunisia,1928,33
Tunisia,1929,33.3
Tunisia,1930,33.6
Tunisia,1931,33.9
Tunisia,1932,34.2
Tunisia,1933,34.5
Tunisia,1934,35
Tunisia,1935,35.5
Tunisia,1936,36
Tunisia,1937,36.5
Tunisia,1938,37
Tunisia,1939,37.5
Tunisia,1940,38
Tunisia,1941,36.9
Tunisia,1942,30.3
Tunisia,1943,28.2
Tunisia,1944,29.4
Tunisia,1945,31.2
Tunisia,1946,39.7
Tunisia,1947,42
Tunisia,1948,42.6
Tunisia,1949,43.2
Tunisia,1950,43.8
Tunisia,1951,44
Tunisia,1952,44.6
Tunisia,1953,44.8
Tunisia,1954,45
Tunisia,1955,45.8
Tunisia,1956,46.4
Tunisia,1957,47
Tunisia,1958,47.7
Tunisia,1959,48.5
Tunisia,1960,49.4
Tunisia,1961,50
Tunisia,1962,50.7
Tunisia,1963,51.4
Tunisia,1964,52.1
Tunisia,1965,52.9
Tunisia,1966,53.6
Tunisia,1967,54.3
Tunisia,1968,54.8
Tunisia,1969,55.3
Tunisia,1970,56.5
Tunisia,1971,57.5
Tunisia,1972,58.7
Tunisia,1973,59.6
Tunisia,1974,60.9
Tunisia,1975,62
Tunisia,1976,63.2
Tunisia,1977,64.3
Tunisia,1978,65.3
Tunisia,1979,65.7
Tunisia,1980,66.3
Tunisia,1981,67
Tunisia,1982,67.8
Tunisia,1983,68.6
Tunisia,1984,69.4
Tunisia,1985,70.2
Tunisia,1986,70.5
Tunisia,1987,71.2
Tunisia,1988,71.7
Tunisia,1989,72.1
Tunisia,1990,72.3
Tunisia,1991,72.3
Tunisia,1992,72.5
Tunisia,1993,72.7
Tunisia,1994,73
Tunisia,1995,73
Tunisia,1996,73.3
Tunisia,1997,73.5
Tunisia,1998,73.8
Tunisia,1999,74
Tunisia,2000,74.3
Tunisia,2001,74.5
Tunisia,2002,74.7
Tunisia,2003,74.9
Tunisia,2004,75.1
Tunisia,2005,75.4
Tunisia,2006,75.5
Tunisia,2007,75.7
Tunisia,2008,75.9
Tunisia,2009,76
Tunisia,2010,76.2
Tunisia,2011,76.2
Tunisia,2012,76.5
Tunisia,2013,76.7
Tunisia,2014,76.8
Tunisia,2015,77
Tunisia,2016,77.2
Tunisia,2017,77.3
Tunisia,2018,77.5
Tunisia,2019,77.7
Tunisia,2020,77
Tunisia,2021,75.4
Tunisia,2022,75.9
Tunisia,2023,78.7
Tunisia,2024,78.9
Turkey,1800,35
Turkey,1801,35
Turkey,1802,35
Turkey,1803,35
Turkey,1804,35
Turkey,1805,35
Turkey,1806,35
Turkey,1807,35
Turkey,1808,35
Turkey,1809,35
Turkey,1810,35
Turkey,1811,35
Turkey,1812,35
Turkey,1813,35
Turkey,1814,35
Turkey,1815,35
Turkey,1816,35
Turkey,1817,35
Turkey,1818,35
Turkey,1819,35
Turkey,1820,35
Turkey,1821,35
Turkey,1822,35
Turkey,1823,35
Turkey,1824,35
Turkey,1825,35
Turkey,1826,35
Turkey,1827,35
Turkey,1828,35
Turkey,1829,35
Turkey,1830,35
Turkey,1831,35
Turkey,1832,35
Turkey,1833,35
Turkey,1834,35
Turkey,1835,35
Turkey,1836,35
Turkey,1837,35
Turkey,1838,35
Turkey,1839,35
Turkey,1840,35
Turkey,1841,35
Turkey,1842,35
Turkey,1843,35
Turkey,1844,35
Turkey,1845,35
Turkey,1846,35
Turkey,1847,35
Turkey,1848,35
Turkey,1849,35
Turkey,1850,35
Turkey,1851,35
Turkey,1852,35.1
Turkey,1853,35.1
Turkey,1854,35.1
Turkey,1855,35.2
Turkey,1856,35.2
Turkey,1857,35.2
Turkey,1858,35.3
Turkey,1859,35.3
Turkey,1860,35.3
Turkey,1861,35.4
Turkey,1862,35.4
Turkey,1863,35.5
Turkey,1864,35.5
Turkey,1865,35.5
Turkey,1866,35.5
Turkey,1867,35.6
Turkey,1868,35.6
Turkey,1869,35.6
Turkey,1870,35.7
Turkey,1871,35.7
Turkey,1872,35.8
Turkey,1873,35.8
Turkey,1874,35.8
Turkey,1875,35.9
Turkey,1876,35.9
Turkey,1877,35.9
Turkey,1878,36
Turkey,1879,36
Turkey,1880,36
Turkey,1881,36.1
Turkey,1882,36.1
Turkey,1883,36.1
Turkey,1884,36.2
Turkey,1885,36.2
Turkey,1886,36.2
Turkey,1887,36.3
Turkey,1888,36.3
Turkey,1889,36.3
Turkey,1890,36.4
Turkey,1891,36.4
Turkey,1892,36.4
Turkey,1893,36.5
Turkey,1894,36.5
Turkey,1895,36.5
Turkey,1896,36.6
Turkey,1897,36.6
Turkey,1898,36.6
Turkey,1899,36.7
Turkey,1900,36.7
Turkey,1901,36.8
Turkey,1902,36.8
Turkey,1903,36.8
Turkey,1904,36.9
Turkey,1905,36.9
Turkey,1906,36.9
Turkey,1907,37
Turkey,1908,37
Turkey,1909,37
Turkey,1910,37.1
Turkey,1911,37.1
Turkey,1912,37.1
Turkey,1913,37.2
Turkey,1914,28.7
Turkey,1915,7.45
Turkey,1916,20.2
Turkey,1917,23.4
Turkey,1918,20.3
Turkey,1919,32
Turkey,1920,31
Turkey,1921,31
Turkey,1922,35.3
Turkey,1923,37.5
Turkey,1924,37.5
Turkey,1925,37.6
Turkey,1926,37.6
Turkey,1927,37.6
Turkey,1928,37.7
Turkey,1929,37.7
Turkey,1930,37.8
Turkey,1931,37.8
Turkey,1932,37.9
Turkey,1933,38
Turkey,1934,38.1
Turkey,1935,38.3
Turkey,1936,38.4
Turkey,1937,38.5
Turkey,1938,37.6
Turkey,1939,36.7
Turkey,1940,35.9
Turkey,1941,35.1
Turkey,1942,34.3
Turkey,1943,35.9
Turkey,1944,37.5
Turkey,1945,39.1
Turkey,1946,40.7
Turkey,1947,42.3
Turkey,1948,43.2
Turkey,1949,44.1
Turkey,1950,45
Turkey,1951,45.6
Turkey,1952,46.2
Turkey,1953,47.3
Turkey,1954,47
Turkey,1955,47.3
Turkey,1956,47.7
Turkey,1957,47.9
Turkey,1958,48.4
Turkey,1959,48.9
Turkey,1960,49.5
Turkey,1961,50.3
Turkey,1962,51
Turkey,1963,51.9
Turkey,1964,52.6
Turkey,1965,53.4
Turkey,1966,54.1
Turkey,1967,55
Turkey,1968,55.7
Turkey,1969,56.4
Turkey,1970,57.1
Turkey,1971,57.9
Turkey,1972,58.7
Turkey,1973,59.4
Turkey,1974,60.1
Turkey,1975,60.7
Turkey,1976,61.4
Turkey,1977,62.3
Turkey,1978,63
Turkey,1979,63.4
Turkey,1980,64.1
Turkey,1981,64.6
Turkey,1982,65.2
Turkey,1983,65.7
Turkey,1984,66.1
Turkey,1985,66.7
Turkey,1986,67.2
Turkey,1987,67.6
Turkey,1988,68
Turkey,1989,68.3
Turkey,1990,68.8
Turkey,1991,69.3
Turkey,1992,69.6
Turkey,1993,70.1
Turkey,1994,70.4
Turkey,1995,70.8
Turkey,1996,71.5
Turkey,1997,72
Turkey,1998,72.7
Turkey,1999,72.8
Turkey,2000,74.7
Turkey,2001,75
Turkey,2002,75.2
Turkey,2003,75.7
Turkey,2004,76.3
Turkey,2005,76.8
Turkey,2006,77
Turkey,2007,77.1
Turkey,2008,77
Turkey,2009,76.8
Turkey,2010,76.7
Turkey,2011,76.8
Turkey,2012,77
Turkey,2013,77
Turkey,2014,77.1
Turkey,2015,77.4
Turkey,2016,77.5
Turkey,2017,77.8
Turkey,2018,78.1
Turkey,2019,78.4
Turkey,2020,76.4
Turkey,2021,76.6
Turkey,2022,79
Turkey,2023,79.3
Turkey,2024,79.5
Tuvalu,1950,47
Tuvalu,1951,47.3
Tuvalu,1952,47.8
Tuvalu,1953,48.2
Tuvalu,1954,48.7
Tuvalu,1955,49.1
Tuvalu,1956,49.6
Tuvalu,1957,50
Tuvalu,1958,50.5
Tuvalu,1959,51
Tuvalu,1960,51.4
Tuvalu,1961,51.9
Tuvalu,1962,52.3
Tuvalu,1963,52.8
Tuvalu,1964,53.2
Tuvalu,1965,53.6
Tuvalu,1966,54
Tuvalu,1967,54.4
Tuvalu,1968,54.7
Tuvalu,1969,55.1
Tuvalu,1970,55.5
Tuvalu,1971,55.8
Tuvalu,1972,54.3
Tuvalu,1973,56.4
Tuvalu,1974,56.6
Tuvalu,1975,56.8
Tuvalu,1976,57
Tuvalu,1977,57.2
Tuvalu,1978,57.4
Tuvalu,1979,57.6
Tuvalu,1980,57.8
Tuvalu,1981,58
Tuvalu,1982,58.1
Tuvalu,1983,58.3
Tuvalu,1984,58.5
Tuvalu,1985,58.7
Tuvalu,1986,59.1
Tuvalu,1987,59.5
Tuvalu,1988,59.9
Tuvalu,1989,60.3
Tuvalu,1990,60.8
Tuvalu,1991,61.3
Tuvalu,1992,61.7
Tuvalu,1993,62.1
Tuvalu,1994,62.6
Tuvalu,1995,62.9
Tuvalu,1996,63.1
Tuvalu,1997,63.3
Tuvalu,1998,63.7
Tuvalu,1999,64
Tuvalu,2000,61.5
Tuvalu,2001,64.7
Tuvalu,2002,65.1
Tuvalu,2003,65.3
Tuvalu,2004,65.5
Tuvalu,2005,65.7
Tuvalu,2006,66
Tuvalu,2007,66.1
Tuvalu,2008,66.3
Tuvalu,2009,66.5
Tuvalu,2010,66.6
Tuvalu,2011,66.8
Tuvalu,2012,66.9
Tuvalu,2013,67
Tuvalu,2014,67.2
Tuvalu,2015,67.4
Tuvalu,2016,67.5
Tuvalu,2017,67.7
Tuvalu,2018,67.8
Tuvalu,2019,67.9
Tuvalu,2020,68
Tuvalu,2021,68.2
Tuvalu,2022,68.5
Tuvalu,2023,68.8
Tuvalu,2024,69
Taiwan,1800,28.3
Taiwan,1801,28.3
Taiwan,1802,28.3
Taiwan,1803,28.3
Taiwan,1804,28.3
Taiwan,1805,28.3
Taiwan,1806,28.3
Taiwan,1807,28.3
Taiwan,1808,28.3
Taiwan,1809,28.3
Taiwan,1810,28.3
Taiwan,1811,28.3
Taiwan,1812,28.3
Taiwan,1813,28.3
Taiwan,1814,28.3
Taiwan,1815,28.3
Taiwan,1816,28.3
Taiwan,1817,28.3
Taiwan,1818,28.3
Taiwan,1819,28.3
Taiwan,1820,28.3
Taiwan,1821,28.3
Taiwan,1822,28.3
Taiwan,1823,28.3
Taiwan,1824,28.3
Taiwan,1825,28.3
Taiwan,1826,28.3
Taiwan,1827,28.3
Taiwan,1828,28.3
Taiwan,1829,28.3
Taiwan,1830,28.3
Taiwan,1831,28.3
Taiwan,1832,28.3
Taiwan,1833,28.3
Taiwan,1834,28.3
Taiwan,1835,28.3
Taiwan,1836,28.3
Taiwan,1837,28.3
Taiwan,1838,28.3
Taiwan,1839,28.3
Taiwan,1840,28.3
Taiwan,1841,28.3
Taiwan,1842,28.3
Taiwan,1843,28.3
Taiwan,1844,28.3
Taiwan,1845,28.3
Taiwan,1846,28.3
Taiwan,1847,28.3
Taiwan,1848,28.3
Taiwan,1849,28.3
Taiwan,1850,28.3
Taiwan,1851,28.3
Taiwan,1852,28.4
Taiwan,1853,28.4
Taiwan,1854,28.4
Taiwan,1855,28.4
Taiwan,1856,28.5
Taiwan,1857,28.5
Taiwan,1858,28.6
Taiwan,1859,28.6
Taiwan,1860,28.6
Taiwan,1861,28.6
Taiwan,1862,28.7
Taiwan,1863,28.7
Taiwan,1864,28.7
Taiwan,1865,28.8
Taiwan,1866,28.8
Taiwan,1867,28.8
Taiwan,1868,28.9
Taiwan,1869,28.9
Taiwan,1870,28.9
Taiwan,1871,28.9
Taiwan,1872,29
Taiwan,1873,29
Taiwan,1874,29
Taiwan,1875,29.1
Taiwan,1876,29.1
Taiwan,1877,29.1
Taiwan,1878,29.2
Taiwan,1879,29.2
Taiwan,1880,29.2
Taiwan,1881,29.3
Taiwan,1882,29.3
Taiwan,1883,29.3
Taiwan,1884,29.4
Taiwan,1885,29.4
Taiwan,1886,29.4
Taiwan,1887,29.4
Taiwan,1888,29.5
Taiwan,1889,29.5
Taiwan,1890,29.5
Taiwan,1891,29.6
Taiwan,1892,29.6
Taiwan,1893,29.6
Taiwan,1894,29.7
Taiwan,1895,29.7
Taiwan,1896,29.7
Taiwan,1897,29.8
Taiwan,1898,29.8
Taiwan,1899,29.8
Taiwan,1900,29.9
Taiwan,1901,29.9
Taiwan,1902,29.9
Taiwan,1903,29.9
Taiwan,1904,30
Taiwan,1905,30
Taiwan,1906,30
Taiwan,1907,31.3
Taiwan,1908,32.9
Taiwan,1909,33.9
Taiwan,1910,36.1
Taiwan,1911,36.2
Taiwan,1912,36.3
Taiwan,1913,35.6
Taiwan,1914,34.1
Taiwan,1915,30.5
Taiwan,1916,32.2
Taiwan,1917,33.7
Taiwan,1918,28
Taiwan,1919,33.6
Taiwan,1920,29.7
Taiwan,1921,32.3
Taiwan,1922,39.5
Taiwan,1923,38.1
Taiwan,1924,40.1
Taiwan,1925,37
Taiwan,1926,40.1
Taiwan,1927,42.9
Taiwan,1928,43.7
Taiwan,1929,44.4
Taiwan,1930,45.1
Taiwan,1931,44.9
Taiwan,1932,45
Taiwan,1933,45.8
Taiwan,1934,46.5
Taiwan,1935,46.8
Taiwan,1936,46
Taiwan,1937,46.5
Taiwan,1938,47.9
Taiwan,1939,47.9
Taiwan,1940,48.1
Taiwan,1941,49.5
Taiwan,1942,49
Taiwan,1943,48.7
Taiwan,1944,48
Taiwan,1945,46
Taiwan,1946,48.1
Taiwan,1947,50.9
Taiwan,1948,55.4
Taiwan,1949,58.2
Taiwan,1950,60.6
Taiwan,1951,60.9
Taiwan,1952,61.1
Taiwan,1953,61.3
Taiwan,1954,61.6
Taiwan,1955,61.7
Taiwan,1956,62.9
Taiwan,1957,62.1
Taiwan,1958,63.5
Taiwan,1959,63.7
Taiwan,1960,64.7
Taiwan,1961,65.1
Taiwan,1962,65.9
Taiwan,1963,66.6
Taiwan,1964,67.2
Taiwan,1965,68.1
Taiwan,1966,68.2
Taiwan,1967,68.2
Taiwan,1968,68.4
Taiwan,1969,69.2
Taiwan,1970,69.8
Taiwan,1971,69.9
Taiwan,1972,70.2
Taiwan,1973,70.3
Taiwan,1974,70.8
Taiwan,1975,71.1
Taiwan,1976,71.6
Taiwan,1977,71.6
Taiwan,1978,72
Taiwan,1979,72.2
Taiwan,1980,72.4
Taiwan,1981,72.7
Taiwan,1982,72.9
Taiwan,1983,73.2
Taiwan,1984,73.6
Taiwan,1985,73.9
Taiwan,1986,74
Taiwan,1987,74.3
Taiwan,1988,74.1
Taiwan,1989,74.4
Taiwan,1990,74.7
Taiwan,1991,75
Taiwan,1992,75.2
Taiwan,1993,75.4
Taiwan,1994,75.5
Taiwan,1995,75.5
Taiwan,1996,75.5
Taiwan,1997,76
Taiwan,1998,76.3
Taiwan,1999,76.5
Taiwan,2000,76.9
Taiwan,2001,77.2
Taiwan,2002,77.7
Taiwan,2003,77.9
Taiwan,2004,77.9
Taiwan,2005,77.9
Taiwan,2006,78.5
Taiwan,2007,78.8
Taiwan,2008,79
Taiwan,2009,79.4
Taiwan,2010,79.7
Taiwan,2011,79.5
Taiwan,2012,79.7
Taiwan,2013,80.1
Taiwan,2014,80
Taiwan,2015,80.3
Taiwan,2016,80.2
Taiwan,2017,80.2
Taiwan,2018,80.2
Taiwan,2019,80.3
Taiwan,2020,80.5
Taiwan,2021,80.7
Taiwan,2022,80.9
Taiwan,2023,81.1
Taiwan,2024,81.3
Tanzania,1800,32.2
Tanzania,1801,32.2
Tanzania,1802,32.2
Tanzania,1803,32.2
Tanzania,1804,32.2
Tanzania,1805,32.2
Tanzania,1806,32.2
Tanzania,1807,32.2
Tanzania,1808,32.2
Tanzania,1809,32.2
Tanzania,1810,32.2
Tanzania,1811,32.2
Tanzania,1812,32.2
Tanzania,1813,32.2
Tanzania,1814,32.2
Tanzania,1815,32.2
Tanzania,1816,32.2
Tanzania,1817,32.2
Tanzania,1818,32.2
Tanzania,1819,32.2
Tanzania,1820,32.2
Tanzania,1821,32.2
Tanzania,1822,32.2
Tanzania,1823,32.2
Tanzania,1824,32.2
Tanzania,1825,32.2
Tanzania,1826,32.2
Tanzania,1827,32.2
Tanzania,1828,32.2
Tanzania,1829,32.2
Tanzania,1830,32.2
Tanzania,1831,32.2
Tanzania,1832,32.2
Tanzania,1833,32.2
Tanzania,1834,32.2
Tanzania,1835,32.2
Tanzania,1836,32.2
Tanzania,1837,32.2
Tanzania,1838,32.2
Tanzania,1839,32.2
Tanzania,1840,32.2
Tanzania,1841,32.2
Tanzania,1842,32.2
Tanzania,1843,32.2
Tanzania,1844,32.2
Tanzania,1845,32.2
Tanzania,1846,32.2
Tanzania,1847,32.2
Tanzania,1848,32.2
Tanzania,1849,32.2
Tanzania,1850,32.2
Tanzania,1851,32.2
Tanzania,1852,32.2
Tanzania,1853,32.3
Tanzania,1854,32.3
Tanzania,1855,32.3
Tanzania,1856,32.3
Tanzania,1857,32.3
Tanzania,1858,32.4
Tanzania,1859,32.4
Tanzania,1860,32.4
Tanzania,1861,32.4
Tanzania,1862,32.4
Tanzania,1863,32.5
Tanzania,1864,32.5
Tanzania,1865,32.5
Tanzania,1866,32.5
Tanzania,1867,32.5
Tanzania,1868,32.5
Tanzania,1869,32.6
Tanzania,1870,32.6
Tanzania,1871,32.6
Tanzania,1872,32.6
Tanzania,1873,32.6
Tanzania,1874,32.7
Tanzania,1875,32.7
Tanzania,1876,32.7
Tanzania,1877,32.7
Tanzania,1878,32.7
Tanzania,1879,32.8
Tanzania,1880,32.8
Tanzania,1881,32.8
Tanzania,1882,32.8
Tanzania,1883,32.8
Tanzania,1884,32.9
Tanzania,1885,32.9
Tanzania,1886,32.9
Tanzania,1887,32.9
Tanzania,1888,32.9
Tanzania,1889,33
Tanzania,1890,33
Tanzania,1891,33
Tanzania,1892,33
Tanzania,1893,33
Tanzania,1894,33.1
Tanzania,1895,33.1
Tanzania,1896,33.1
Tanzania,1897,33.1
Tanzania,1898,33.1
Tanzania,1899,33.1
Tanzania,1900,33.2
Tanzania,1901,33.2
Tanzania,1902,33.2
Tanzania,1903,33.2
Tanzania,1904,33.3
Tanzania,1905,33.3
Tanzania,1906,33.3
Tanzania,1907,33.3
Tanzania,1908,33.3
Tanzania,1909,33.4
Tanzania,1910,33.4
Tanzania,1911,33.4
Tanzania,1912,33.4
Tanzania,1913,33.4
Tanzania,1914,33.4
Tanzania,1915,33.5
Tanzania,1916,33.5
Tanzania,1917,33.5
Tanzania,1918,13
Tanzania,1919,33.5
Tanzania,1920,33.6
Tanzania,1921,33.6
Tanzania,1922,33.6
Tanzania,1923,33.6
Tanzania,1924,33.6
Tanzania,1925,33.7
Tanzania,1926,33.7
Tanzania,1927,33.7
Tanzania,1928,33.7
Tanzania,1929,33.7
Tanzania,1930,33.8
Tanzania,1931,33.8
Tanzania,1932,33.8
Tanzania,1933,33.8
Tanzania,1934,33.8
Tanzania,1935,33.9
Tanzania,1936,33.9
Tanzania,1937,33.9
Tanzania,1938,33.9
Tanzania,1939,33.9
Tanzania,1940,34
Tanzania,1941,34.1
Tanzania,1942,34.2
Tanzania,1943,34.3
Tanzania,1944,34.4
Tanzania,1945,34.5
Tanzania,1946,36.4
Tanzania,1947,38.3
Tanzania,1948,40.1
Tanzania,1949,42
Tanzania,1950,43.8
Tanzania,1951,44.2
Tanzania,1952,44.3
Tanzania,1953,44.4
Tanzania,1954,44.5
Tanzania,1955,44.7
Tanzania,1956,44.8
Tanzania,1957,44.9
Tanzania,1958,45
Tanzania,1959,45.1
Tanzania,1960,45.3
Tanzania,1961,45.5
Tanzania,1962,45.7
Tanzania,1963,45.9
Tanzania,1964,46.1
Tanzania,1965,46.4
Tanzania,1966,46.9
Tanzania,1967,47.3
Tanzania,1968,48.1
Tanzania,1969,48.8
Tanzania,1970,49.4
Tanzania,1971,50.1
Tanzania,1972,50.8
Tanzania,1973,51.5
Tanzania,1974,52.1
Tanzania,1975,52.8
Tanzania,1976,53.4
Tanzania,1977,53.9
Tanzania,1978,54.4
Tanzania,1979,55
Tanzania,1980,55.4
Tanzania,1981,55.7
Tanzania,1982,56
Tanzania,1983,56.3
Tanzania,1984,56.5
Tanzania,1985,56.6
Tanzania,1986,56.6
Tanzania,1987,56.4
Tanzania,1988,56.2
Tanzania,1989,55.8
Tanzania,1990,55.3
Tanzania,1991,54.8
Tanzania,1992,54.1
Tanzania,1993,53.7
Tanzania,1994,53.2
Tanzania,1995,52.9
Tanzania,1996,52.7
Tanzania,1997,52.6
Tanzania,1998,52.6
Tanzania,1999,53
Tanzania,2000,53.4
Tanzania,2001,54
Tanzania,2002,54.6
Tanzania,2003,55.3
Tanzania,2004,55.9
Tanzania,2005,56.5
Tanzania,2006,57.3
Tanzania,2007,58.5
Tanzania,2008,59.6
Tanzania,2009,60.3
Tanzania,2010,61.1
Tanzania,2011,61.7
Tanzania,2012,62.7
Tanzania,2013,63.7
Tanzania,2014,64.5
Tanzania,2015,65.1
Tanzania,2016,65.5
Tanzania,2017,66
Tanzania,2018,66.7
Tanzania,2019,67.2
Tanzania,2020,66.6
Tanzania,2021,66.4
Tanzania,2022,67
Tanzania,2023,67.8
Tanzania,2024,68.3
Uganda,1800,25.3
Uganda,1801,25.3
Uganda,1802,25.3
Uganda,1803,25.3
Uganda,1804,25.3
Uganda,1805,25.3
Uganda,1806,25.3
Uganda,1807,25.3
Uganda,1808,25.3
Uganda,1809,25.3
Uganda,1810,25.3
Uganda,1811,25.3
Uganda,1812,25.3
Uganda,1813,25.3
Uganda,1814,25.3
Uganda,1815,25.3
Uganda,1816,25.3
Uganda,1817,25.3
Uganda,1818,25.3
Uganda,1819,25.3
Uganda,1820,25.3
Uganda,1821,25.3
Uganda,1822,25.3
Uganda,1823,25.3
Uganda,1824,25.3
Uganda,1825,25.3
Uganda,1826,25.3
Uganda,1827,25.3
Uganda,1828,25.3
Uganda,1829,25.3
Uganda,1830,25.3
Uganda,1831,25.3
Uganda,1832,25.3
Uganda,1833,25.3
Uganda,1834,25.3
Uganda,1835,25.3
Uganda,1836,25.3
Uganda,1837,25.3
Uganda,1838,25.3
Uganda,1839,25.3
Uganda,1840,25.3
Uganda,1841,25.3
Uganda,1842,25.3
Uganda,1843,25.3
Uganda,1844,25.3
Uganda,1845,25.3
Uganda,1846,25.3
Uganda,1847,25.3
Uganda,1848,25.3
Uganda,1849,25.3
Uganda,1850,25.3
Uganda,1851,25.4
Uganda,1852,25.4
Uganda,1853,25.4
Uganda,1854,25.5
Uganda,1855,25.5
Uganda,1856,25.6
Uganda,1857,25.6
Uganda,1858,25.7
Uganda,1859,25.7
Uganda,1860,25.8
Uganda,1861,25.8
Uganda,1862,25.9
Uganda,1863,25.9
Uganda,1864,26
Uganda,1865,26
Uganda,1866,26.1
Uganda,1867,26.1
Uganda,1868,26.2
Uganda,1869,26.2
Uganda,1870,26.3
Uganda,1871,26.3
Uganda,1872,26.4
Uganda,1873,26.4
Uganda,1874,26.4
Uganda,1875,26.5
Uganda,1876,26.5
Uganda,1877,26.6
Uganda,1878,26.6
Uganda,1879,26.7
Uganda,1880,26.7
Uganda,1881,26.8
Uganda,1882,26.8
Uganda,1883,26.9
Uganda,1884,26.9
Uganda,1885,27
Uganda,1886,27
Uganda,1887,27.1
Uganda,1888,27.1
Uganda,1889,27.1
Uganda,1890,27.2
Uganda,1891,27.3
Uganda,1892,27.3
Uganda,1893,27.3
Uganda,1894,27.4
Uganda,1895,27.4
Uganda,1896,27.5
Uganda,1897,27.5
Uganda,1898,27.6
Uganda,1899,27.6
Uganda,1900,27.7
Uganda,1901,27.7
Uganda,1902,27.8
Uganda,1903,27.8
Uganda,1904,27.9
Uganda,1905,27.9
Uganda,1906,28
Uganda,1907,28
Uganda,1908,28.1
Uganda,1909,28.1
Uganda,1910,28.1
Uganda,1911,28.2
Uganda,1912,28.3
Uganda,1913,28.3
Uganda,1914,28.3
Uganda,1915,28.4
Uganda,1916,28.4
Uganda,1917,28.5
Uganda,1918,11
Uganda,1919,28.6
Uganda,1920,28.6
Uganda,1921,28.7
Uganda,1922,28.7
Uganda,1923,28.4
Uganda,1924,28.2
Uganda,1925,27.9
Uganda,1926,27.6
Uganda,1927,27.4
Uganda,1928,27.7
Uganda,1929,28
Uganda,1930,28.4
Uganda,1931,28.7
Uganda,1932,29
Uganda,1933,29.4
Uganda,1934,29.7
Uganda,1935,30
Uganda,1936,30.4
Uganda,1937,30.7
Uganda,1938,31.1
Uganda,1939,31.5
Uganda,1940,31.9
Uganda,1941,32.4
Uganda,1942,32.9
Uganda,1943,33.4
Uganda,1944,33.8
Uganda,1945,34.3
Uganda,1946,36.9
Uganda,1947,39.4
Uganda,1948,41.9
Uganda,1949,44.5
Uganda,1950,47.1
Uganda,1951,47.3
Uganda,1952,47.2
Uganda,1953,47.5
Uganda,1954,47.9
Uganda,1955,48
Uganda,1956,48
Uganda,1957,48.2
Uganda,1958,48.5
Uganda,1959,48.8
Uganda,1960,49
Uganda,1961,49.2
Uganda,1962,49.3
Uganda,1963,49.3
Uganda,1964,49.7
Uganda,1965,50.6
Uganda,1966,50.6
Uganda,1967,50.6
Uganda,1968,51.1
Uganda,1969,51.6
Uganda,1970,52
Uganda,1971,52.1
Uganda,1972,52.2
Uganda,1973,52.5
Uganda,1974,52.8
Uganda,1975,52.8
Uganda,1976,53
Uganda,1977,53.1
Uganda,1978,52.8
Uganda,1979,52.6
Uganda,1980,50.8
Uganda,1981,50.9
Uganda,1982,51
Uganda,1983,51
Uganda,1984,50.7
Uganda,1985,50.3
Uganda,1986,49.6
Uganda,1987,50.3
Uganda,1988,49.8
Uganda,1989,49.1
Uganda,1990,48.5
Uganda,1991,48.1
Uganda,1992,47.9
Uganda,1993,47.8
Uganda,1994,47.9
Uganda,1995,48
Uganda,1996,48.1
Uganda,1997,48.4
Uganda,1998,48.7
Uganda,1999,49.1
Uganda,2000,49.6
Uganda,2001,50.3
Uganda,2002,51
Uganda,2003,51.8
Uganda,2004,52.6
Uganda,2005,53.9
Uganda,2006,55.5
Uganda,2007,56.5
Uganda,2008,57.6
Uganda,2009,58.5
Uganda,2010,59.3
Uganda,2011,60.4
Uganda,2012,61.4
Uganda,2013,62.4
Uganda,2014,63.2
Uganda,2015,63.9
Uganda,2016,64
Uganda,2017,65
Uganda,2018,65.7
Uganda,2019,66.2
Uganda,2020,66.1
Uganda,2021,65.9
Uganda,2022,66.9
Uganda,2023,67.1
Uganda,2024,67.3
Ukraine,1800,36.6
Ukraine,1801,36.6
Ukraine,1802,36.6
Ukraine,1803,36.6
Ukraine,1804,36.6
Ukraine,1805,36.6
Ukraine,1806,36.6
Ukraine,1807,36.6
Ukraine,1808,36.6
Ukraine,1809,36.6
Ukraine,1810,36.6
Ukraine,1811,36.6
Ukraine,1812,36.6
Ukraine,1813,36.6
Ukraine,1814,36.6
Ukraine,1815,36.6
Ukraine,1816,36.6
Ukraine,1817,36.6
Ukraine,1818,36.6
Ukraine,1819,36.6
Ukraine,1820,36.6
Ukraine,1821,36.6
Ukraine,1822,36.6
Ukraine,1823,36.6
Ukraine,1824,36.6
Ukraine,1825,36.6
Ukraine,1826,36.6
Ukraine,1827,36.6
Ukraine,1828,36.6
Ukraine,1829,36.6
Ukraine,1830,36.6
Ukraine,1831,36.6
Ukraine,1832,36.6
Ukraine,1833,36.6
Ukraine,1834,36.6
Ukraine,1835,36.6
Ukraine,1836,36.6
Ukraine,1837,36.6
Ukraine,1838,36.6
Ukraine,1839,36.6
Ukraine,1840,36.6
Ukraine,1841,36.6
Ukraine,1842,36.6
Ukraine,1843,36.6
Ukraine,1844,36.6
Ukraine,1845,36.6
Ukraine,1846,36.6
Ukraine,1847,36.6
Ukraine,1848,36.6
Ukraine,1849,36.6
Ukraine,1850,36.6
Ukraine,1851,36.6
Ukraine,1852,36.7
Ukraine,1853,36.7
Ukraine,1854,36.7
Ukraine,1855,36.8
Ukraine,1856,36.8
Ukraine,1857,36.8
Ukraine,1858,36.9
Ukraine,1859,36.9
Ukraine,1860,36.9
Ukraine,1861,37
Ukraine,1862,37
Ukraine,1863,37
Ukraine,1864,37.1
Ukraine,1865,37.1
Ukraine,1866,37.1
Ukraine,1867,37.2
Ukraine,1868,37.2
Ukraine,1869,37.2
Ukraine,1870,37.3
Ukraine,1871,37.3
Ukraine,1872,37.3
Ukraine,1873,37.4
Ukraine,1874,37.4
Ukraine,1875,37.4
Ukraine,1876,37.5
Ukraine,1877,37.5
Ukraine,1878,37.5
Ukraine,1879,37.5
Ukraine,1880,37.6
Ukraine,1881,37.6
Ukraine,1882,37.6
Ukraine,1883,37.7
Ukraine,1884,37.7
Ukraine,1885,37.8
Ukraine,1886,37.8
Ukraine,1887,37.8
Ukraine,1888,37.8
Ukraine,1889,37.9
Ukraine,1890,37.9
Ukraine,1891,37.9
Ukraine,1892,38
Ukraine,1893,38
Ukraine,1894,38
Ukraine,1895,38.1
Ukraine,1896,38.1
Ukraine,1897,38.1
Ukraine,1898,38.2
Ukraine,1899,38.2
Ukraine,1900,38.2
Ukraine,1901,38.7
Ukraine,1902,39.1
Ukraine,1903,39.6
Ukraine,1904,40
Ukraine,1905,40.5
Ukraine,1906,40.9
Ukraine,1907,41.4
Ukraine,1908,41.8
Ukraine,1909,42.3
Ukraine,1910,42.8
Ukraine,1911,43.2
Ukraine,1912,43.7
Ukraine,1913,44.1
Ukraine,1914,42.9
Ukraine,1915,37
Ukraine,1916,37.1
Ukraine,1917,35
Ukraine,1918,30.8
Ukraine,1919,32.9
Ukraine,1920,29.8
Ukraine,1921,33.3
Ukraine,1922,34.3
Ukraine,1923,43.8
Ukraine,1924,46.5
Ukraine,1925,45.6
Ukraine,1926,49.1
Ukraine,1927,48.1
Ukraine,1928,49.9
Ukraine,1929,47.9
Ukraine,1930,47.9
Ukraine,1931,49
Ukraine,1932,39.7
Ukraine,1933,9.72
Ukraine,1934,42.7
Ukraine,1935,53.4
Ukraine,1936,54.2
Ukraine,1937,52.9
Ukraine,1938,54.3
Ukraine,1939,54.1
Ukraine,1940,53.9
Ukraine,1941,27
Ukraine,1942,21.1
Ukraine,1943,19.7
Ukraine,1944,31.3
Ukraine,1945,38.5
Ukraine,1946,60
Ukraine,1947,49.1
Ukraine,1948,62.9
Ukraine,1949,66
Ukraine,1950,68.2
Ukraine,1951,68.3
Ukraine,1952,68.5
Ukraine,1953,68.7
Ukraine,1954,68.9
Ukraine,1955,69.2
Ukraine,1956,69.3
Ukraine,1957,69.5
Ukraine,1958,69.7
Ukraine,1959,69.9
Ukraine,1960,71.1
Ukraine,1961,71.1
Ukraine,1962,71
Ukraine,1963,71.5
Ukraine,1964,72.1
Ukraine,1965,71.7
Ukraine,1966,71.8
Ukraine,1967,71.5
Ukraine,1968,71.5
Ukraine,1969,71.2
Ukraine,1970,70.9
Ukraine,1971,71
Ukraine,1972,71
Ukraine,1973,71.1
Ukraine,1974,71
Ukraine,1975,70.6
Ukraine,1976,70.6
Ukraine,1977,70.3
Ukraine,1978,70
Ukraine,1979,69.8
Ukraine,1980,69.8
Ukraine,1981,69.8
Ukraine,1982,70
Ukraine,1983,70.1
Ukraine,1984,69.8
Ukraine,1985,70.3
Ukraine,1986,71.7
Ukraine,1987,71.4
Ukraine,1988,71.3
Ukraine,1989,71
Ukraine,1990,70.6
Ukraine,1991,69.9
Ukraine,1992,69.2
Ukraine,1993,68.6
Ukraine,1994,67.9
Ukraine,1995,67
Ukraine,1996,67.3
Ukraine,1997,67.9
Ukraine,1998,68.7
Ukraine,1999,68.3
Ukraine,2000,68
Ukraine,2001,68.2
Ukraine,2002,68.1
Ukraine,2003,68.3
Ukraine,2004,68
Ukraine,2005,67.8
Ukraine,2006,68.4
Ukraine,2007,68.1
Ukraine,2008,68.3
Ukraine,2009,70
Ukraine,2010,70.8
Ukraine,2011,71.5
Ukraine,2012,71.6
Ukraine,2013,71.8
Ukraine,2014,71.7
Ukraine,2015,72.5
Ukraine,2016,72.9
Ukraine,2017,73.8
Ukraine,2018,73.9
Ukraine,2019,73.8
Ukraine,2020,71.9
Ukraine,2021,71
Ukraine,2022,67.9
Ukraine,2023,72.3
Ukraine,2024,74.7
Uruguay,1800,32.9
Uruguay,1801,32.9
Uruguay,1802,32.9
Uruguay,1803,32.9
Uruguay,1804,32.9
Uruguay,1805,32.9
Uruguay,1806,32.9
Uruguay,1807,32.9
Uruguay,1808,32.9
Uruguay,1809,32.9
Uruguay,1810,32.9
Uruguay,1811,32.9
Uruguay,1812,32.9
Uruguay,1813,32.9
Uruguay,1814,32.9
Uruguay,1815,32.9
Uruguay,1816,32.9
Uruguay,1817,32.9
Uruguay,1818,32.9
Uruguay,1819,32.9
Uruguay,1820,32.9
Uruguay,1821,32.9
Uruguay,1822,32.9
Uruguay,1823,32.9
Uruguay,1824,32.9
Uruguay,1825,32.9
Uruguay,1826,32.9
Uruguay,1827,32.9
Uruguay,1828,32.9
Uruguay,1829,32.9
Uruguay,1830,32.9
Uruguay,1831,32.9
Uruguay,1832,32.9
Uruguay,1833,32.9
Uruguay,1834,32.9
Uruguay,1835,32.9
Uruguay,1836,32.9
Uruguay,1837,32.9
Uruguay,1838,32.9
Uruguay,1839,32.9
Uruguay,1840,32.9
Uruguay,1841,32.9
Uruguay,1842,32.9
Uruguay,1843,32.9
Uruguay,1844,32.9
Uruguay,1845,32.9
Uruguay,1846,32.9
Uruguay,1847,32.9
Uruguay,1848,32.9
Uruguay,1849,32.9
Uruguay,1850,32.9
Uruguay,1851,32.9
Uruguay,1852,32.9
Uruguay,1853,32.9
Uruguay,1854,32.9
Uruguay,1855,32.9
Uruguay,1856,32.9
Uruguay,1857,32.9
Uruguay,1858,32.9
Uruguay,1859,32.9
Uruguay,1860,32.9
Uruguay,1861,32.9
Uruguay,1862,32.9
Uruguay,1863,32.9
Uruguay,1864,32.9
Uruguay,1865,32.8
Uruguay,1866,32.8
Uruguay,1867,32.8
Uruguay,1868,32.8
Uruguay,1869,32.8
Uruguay,1870,32.8
Uruguay,1871,32.8
Uruguay,1872,32.8
Uruguay,1873,32.8
Uruguay,1874,32.8
Uruguay,1875,32.8
Uruguay,1876,32.8
Uruguay,1877,32.8
Uruguay,1878,32.8
Uruguay,1879,32.8
Uruguay,1880,32.8
Uruguay,1881,32.8
Uruguay,1882,32.8
Uruguay,1883,32.8
Uruguay,1884,32.8
Uruguay,1885,32.8
Uruguay,1886,32.8
Uruguay,1887,32.8
Uruguay,1888,32.8
Uruguay,1889,32.8
Uruguay,1890,32.8
Uruguay,1891,32.7
Uruguay,1892,32.7
Uruguay,1893,32.7
Uruguay,1894,32.7
Uruguay,1895,32.7
Uruguay,1896,32.7
Uruguay,1897,32.7
Uruguay,1898,32.7
Uruguay,1899,32.7
Uruguay,1900,32.7
Uruguay,1901,32.7
Uruguay,1902,32.7
Uruguay,1903,32.7
Uruguay,1904,32.7
Uruguay,1905,32.7
Uruguay,1906,32.7
Uruguay,1907,32.7
Uruguay,1908,32.7
Uruguay,1909,32.7
Uruguay,1910,32.7
Uruguay,1911,32.7
Uruguay,1912,32.7
Uruguay,1913,32.7
Uruguay,1914,32.6
Uruguay,1915,32.6
Uruguay,1916,32.6
Uruguay,1917,32.6
Uruguay,1918,30.4
Uruguay,1919,32.6
Uruguay,1920,32.6
Uruguay,1921,32.6
Uruguay,1922,32.6
Uruguay,1923,32.6
Uruguay,1924,32.6
Uruguay,1925,32.6
Uruguay,1926,33.9
Uruguay,1927,35.2
Uruguay,1928,36.5
Uruguay,1929,37.8
Uruguay,1930,39.1
Uruguay,1931,40.4
Uruguay,1932,41.7
Uruguay,1933,43
Uruguay,1934,44.3
Uruguay,1935,45.6
Uruguay,1936,46.9
Uruguay,1937,48.2
Uruguay,1938,49.5
Uruguay,1939,50.8
Uruguay,1940,52.1
Uruguay,1941,53.4
Uruguay,1942,54.7
Uruguay,1943,56
Uruguay,1944,57.3
Uruguay,1945,58.6
Uruguay,1946,59.9
Uruguay,1947,61.2
Uruguay,1948,62.5
Uruguay,1949,63.8
Uruguay,1950,65.1
Uruguay,1951,65.9
Uruguay,1952,66.6
Uruguay,1953,67.2
Uruguay,1954,67.4
Uruguay,1955,67.5
Uruguay,1956,68.2
Uruguay,1957,67.8
Uruguay,1958,68.1
Uruguay,1959,67.5
Uruguay,1960,68.3
Uruguay,1961,69
Uruguay,1962,69
Uruguay,1963,68.8
Uruguay,1964,68.7
Uruguay,1965,68.4
Uruguay,1966,68.7
Uruguay,1967,68
Uruguay,1968,67.8
Uruguay,1969,67.9
Uruguay,1970,68.5
Uruguay,1971,68.5
Uruguay,1972,68.3
Uruguay,1973,68.7
Uruguay,1974,68.9
Uruguay,1975,69.3
Uruguay,1976,69.4
Uruguay,1977,69.5
Uruguay,1978,70.1
Uruguay,1979,70.5
Uruguay,1980,70.6
Uruguay,1981,71.3
Uruguay,1982,72
Uruguay,1983,72
Uruguay,1984,71.8
Uruguay,1985,72.3
Uruguay,1986,72.4
Uruguay,1987,72.5
Uruguay,1988,72.7
Uruguay,1989,73
Uruguay,1990,73.2
Uruguay,1991,73.4
Uruguay,1992,73.5
Uruguay,1993,73.3
Uruguay,1994,73.6
Uruguay,1995,73.7
Uruguay,1996,73.9
Uruguay,1997,74.1
Uruguay,1998,74.1
Uruguay,1999,74.4
Uruguay,2000,74.8
Uruguay,2001,75
Uruguay,2002,75
Uruguay,2003,75
Uruguay,2004,75.2
Uruguay,2005,75.5
Uruguay,2006,75.9
Uruguay,2007,75.7
Uruguay,2008,76.2
Uruguay,2009,76.5
Uruguay,2010,76.5
Uruguay,2011,76.4
Uruguay,2012,76.5
Uruguay,2013,76.8
Uruguay,2014,77.1
Uruguay,2015,77.1
Uruguay,2016,77.3
Uruguay,2017,77.3
Uruguay,2018,77.5
Uruguay,2019,77.5
Uruguay,2020,78.5
Uruguay,2021,75.5
Uruguay,2022,78
Uruguay,2023,78.2
Uruguay,2024,78.3
USA,1800,39.4
USA,1801,39.4
USA,1802,39.4
USA,1803,39.4
USA,1804,39.4
USA,1805,39.4
USA,1806,39.4
USA,1807,39.4
USA,1808,39.4
USA,1809,39.4
USA,1810,39.4
USA,1811,39.4
USA,1812,39.4
USA,1813,39.4
USA,1814,39.4
USA,1815,39.4
USA,1816,39.4
USA,1817,39.4
USA,1818,39.4
USA,1819,39.4
USA,1820,39.4
USA,1821,39.4
USA,1822,39.4
USA,1823,39.4
USA,1824,39.4
USA,1825,39.4
USA,1826,39.4
USA,1827,39.4
USA,1828,39.4
USA,1829,39.4
USA,1830,39.4
USA,1831,39.4
USA,1832,39.4
USA,1833,39.4
USA,1834,39.4
USA,1835,39.4
USA,1836,39.4
USA,1837,39.4
USA,1838,39.4
USA,1839,39.4
USA,1840,39.4
USA,1841,39.4
USA,1842,39.4
USA,1843,39.4
USA,1844,39.4
USA,1845,39.4
USA,1846,39.4
USA,1847,39.4
USA,1848,39.4
USA,1849,39.4
USA,1850,39.4
USA,1851,39.4
USA,1852,39.4
USA,1853,39.4
USA,1854,39.4
USA,1855,39.4
USA,1856,39.4
USA,1857,39.4
USA,1858,39.4
USA,1859,39.4
USA,1860,39.4
USA,1861,38
USA,1862,34.5
USA,1863,34
USA,1864,31
USA,1865,38
USA,1866,39.4
USA,1867,39.4
USA,1868,39.4
USA,1869,39.4
USA,1870,39.4
USA,1871,39.4
USA,1872,39.4
USA,1873,39.4
USA,1874,39.4
USA,1875,39.4
USA,1876,39.4
USA,1877,39.4
USA,1878,39.4
USA,1879,39.4
USA,1880,39.4
USA,1881,40
USA,1882,40.6
USA,1883,41.2
USA,1884,41.8
USA,1885,42.4
USA,1886,42.9
USA,1887,43.5
USA,1888,44.1
USA,1889,44.7
USA,1890,45.3
USA,1891,45.6
USA,1892,46
USA,1893,46.4
USA,1894,46.8
USA,1895,47.1
USA,1896,47.5
USA,1897,47.9
USA,1898,48.2
USA,1899,48.6
USA,1900,49
USA,1901,49.4
USA,1902,50.6
USA,1903,50.7
USA,1904,49.7
USA,1905,50.4
USA,1906,50.2
USA,1907,50.3
USA,1908,52
USA,1909,52.9
USA,1910,51.9
USA,1911,53.5
USA,1912,54.2
USA,1913,53.6
USA,1914,54.7
USA,1915,55.2
USA,1916,54.3
USA,1917,54.1
USA,1918,47.3
USA,1919,55.4
USA,1920,55.5
USA,1921,58.3
USA,1922,58.2
USA,1923,57.6
USA,1924,58.6
USA,1925,58.6
USA,1926,58
USA,1927,59.5
USA,1928,58.4
USA,1929,58.6
USA,1930,59.7
USA,1931,60.4
USA,1932,61.1
USA,1933,61.1
USA,1934,60.4
USA,1935,61.1
USA,1936,60.5
USA,1937,61.2
USA,1938,62.6
USA,1939,63.3
USA,1940,63.4
USA,1941,64
USA,1942,64.8
USA,1943,64.5
USA,1944,65.3
USA,1945,65.8
USA,1946,66.5
USA,1947,66.9
USA,1948,67.5
USA,1949,67.8
USA,1950,68.3
USA,1951,68.4
USA,1952,68.6
USA,1953,69
USA,1954,69.7
USA,1955,69.9
USA,1956,69.9
USA,1957,69.7
USA,1958,69.9
USA,1959,70
USA,1960,70.1
USA,1961,70.3
USA,1962,70.3
USA,1963,70.2
USA,1964,70.3
USA,1965,70.4
USA,1966,70.4
USA,1967,70.5
USA,1968,70.3
USA,1969,70.6
USA,1970,70.9
USA,1971,71.3
USA,1972,71.4
USA,1973,71.7
USA,1974,72.2
USA,1975,72.7
USA,1976,73.1
USA,1977,73.4
USA,1978,73.6
USA,1979,73.9
USA,1980,74
USA,1981,74.3
USA,1982,74.6
USA,1983,74.8
USA,1984,74.9
USA,1985,74.9
USA,1986,75
USA,1987,75.1
USA,1988,75.2
USA,1989,75.4
USA,1990,75.7
USA,1991,75.9
USA,1992,76
USA,1993,75.9
USA,1994,76
USA,1995,76.1
USA,1996,76.4
USA,1997,76.8
USA,1998,76.9
USA,1999,76.9
USA,2000,77
USA,2001,77.1
USA,2002,77.2
USA,2003,77.3
USA,2004,77.7
USA,2005,77.7
USA,2006,78
USA,2007,78.2
USA,2008,78.4
USA,2009,78.6
USA,2010,78.9
USA,2011,78.9
USA,2012,79
USA,2013,79.1
USA,2014,79.1
USA,2015,79
USA,2016,78.9
USA,2017,79
USA,2018,79
USA,2019,78.9
USA,2020,77.2
USA,2021,77
USA,2022,78
USA,2023,79.5
USA,2024,79.7
Uzbekistan,1800,26.9
Uzbekistan,1801,26.9
Uzbekistan,1802,26.9
Uzbekistan,1803,26.9
Uzbekistan,1804,26.9
Uzbekistan,1805,26.9
Uzbekistan,1806,26.9
Uzbekistan,1807,26.9
Uzbekistan,1808,26.9
Uzbekistan,1809,26.9
Uzbekistan,1810,26.9
Uzbekistan,1811,26.9
Uzbekistan,1812,26.9
Uzbekistan,1813,26.9
Uzbekistan,1814,26.9
Uzbekistan,1815,26.9
Uzbekistan,1816,26.9
Uzbekistan,1817,26.9
Uzbekistan,1818,26.9
Uzbekistan,1819,26.9
Uzbekistan,1820,26.9
Uzbekistan,1821,26.9
Uzbekistan,1822,26.9
Uzbekistan,1823,26.9
Uzbekistan,1824,26.9
Uzbekistan,1825,26.9
Uzbekistan,1826,26.9
Uzbekistan,1827,26.9
Uzbekistan,1828,26.9
Uzbekistan,1829,26.9
Uzbekistan,1830,26.9
Uzbekistan,1831,26.9
Uzbekistan,1832,26.9
Uzbekistan,1833,26.9
Uzbekistan,1834,26.9
Uzbekistan,1835,26.9
Uzbekistan,1836,26.9
Uzbekistan,1837,26.9
Uzbekistan,1838,26.9
Uzbekistan,1839,26.9
Uzbekistan,1840,26.9
Uzbekistan,1841,26.9
Uzbekistan,1842,26.9
Uzbekistan,1843,26.9
Uzbekistan,1844,26.9
Uzbekistan,1845,26.9
Uzbekistan,1846,26.9
Uzbekistan,1847,26.9
Uzbekistan,1848,26.9
Uzbekistan,1849,26.9
Uzbekistan,1850,26.9
Uzbekistan,1851,26.9
Uzbekistan,1852,26.9
Uzbekistan,1853,26.9
Uzbekistan,1854,26.9
Uzbekistan,1855,27
Uzbekistan,1856,27
Uzbekistan,1857,27
Uzbekistan,1858,27
Uzbekistan,1859,27
Uzbekistan,1860,27
Uzbekistan,1861,27
Uzbekistan,1862,27
Uzbekistan,1863,27
Uzbekistan,1864,26.5
Uzbekistan,1865,26
Uzbekistan,1866,25.4
Uzbekistan,1867,24.9
Uzbekistan,1868,24.4
Uzbekistan,1869,24.4
Uzbekistan,1870,24.5
Uzbekistan,1871,24.6
Uzbekistan,1872,24.6
Uzbekistan,1873,24.6
Uzbekistan,1874,24.9
Uzbekistan,1875,25.1
Uzbekistan,1876,25.3
Uzbekistan,1877,25.5
Uzbekistan,1878,25.7
Uzbekistan,1879,25.9
Uzbekistan,1880,26.1
Uzbekistan,1881,26.3
Uzbekistan,1882,26.5
Uzbekistan,1883,26.7
Uzbekistan,1884,26.9
Uzbekistan,1885,27.1
Uzbekistan,1886,27.3
Uzbekistan,1887,27.6
Uzbekistan,1888,27.8
Uzbekistan,1889,28
Uzbekistan,1890,28.2
Uzbekistan,1891,28.4
Uzbekistan,1892,28.6
Uzbekistan,1893,28.8
Uzbekistan,1894,29
Uzbekistan,1895,29.2
Uzbekistan,1896,29.4
Uzbekistan,1897,29.6
Uzbekistan,1898,29.5
Uzbekistan,1899,29.3
Uzbekistan,1900,29.1
Uzbekistan,1901,29.4
Uzbekistan,1902,29.7
Uzbekistan,1903,29.9
Uzbekistan,1904,30.2
Uzbekistan,1905,30.4
Uzbekistan,1906,30.7
Uzbekistan,1907,30.9
Uzbekistan,1908,31.2
Uzbekistan,1909,31.5
Uzbekistan,1910,31.7
Uzbekistan,1911,34.7
Uzbekistan,1912,35.2
Uzbekistan,1913,33
Uzbekistan,1914,32.6
Uzbekistan,1915,32.2
Uzbekistan,1916,32.2
Uzbekistan,1917,29.1
Uzbekistan,1918,19
Uzbekistan,1919,24.6
Uzbekistan,1920,20
Uzbekistan,1921,23.4
Uzbekistan,1922,24.3
Uzbekistan,1923,33.3
Uzbekistan,1924,35.9
Uzbekistan,1925,35
Uzbekistan,1926,38.2
Uzbekistan,1927,37.5
Uzbekistan,1928,39.1
Uzbekistan,1929,37.8
Uzbekistan,1930,37.1
Uzbekistan,1931,31.3
Uzbekistan,1932,23.1
Uzbekistan,1933,19.1
Uzbekistan,1934,39.6
Uzbekistan,1935,41.2
Uzbekistan,1936,42.9
Uzbekistan,1937,41.9
Uzbekistan,1938,43.6
Uzbekistan,1939,46.1
Uzbekistan,1940,43.5
Uzbekistan,1941,30.8
Uzbekistan,1942,26.6
Uzbekistan,1943,24.5
Uzbekistan,1944,34.1
Uzbekistan,1945,41.8
Uzbekistan,1946,50.9
Uzbekistan,1947,42.7
Uzbekistan,1948,51
Uzbekistan,1949,53.9
Uzbekistan,1950,56.3
Uzbekistan,1951,56.6
Uzbekistan,1952,57.1
Uzbekistan,1953,57.6
Uzbekistan,1954,58.1
Uzbekistan,1955,58.6
Uzbekistan,1956,59.2
Uzbekistan,1957,59.8
Uzbekistan,1958,60.6
Uzbekistan,1959,60.7
Uzbekistan,1960,61.1
Uzbekistan,1961,61.5
Uzbekistan,1962,61.9
Uzbekistan,1963,62.2
Uzbekistan,1964,62.6
Uzbekistan,1965,63
Uzbekistan,1966,63.4
Uzbekistan,1967,63.8
Uzbekistan,1968,64.2
Uzbekistan,1969,64.6
Uzbekistan,1970,64.8
Uzbekistan,1971,65.1
Uzbekistan,1972,65.3
Uzbekistan,1973,65.7
Uzbekistan,1974,65.9
Uzbekistan,1975,65.9
Uzbekistan,1976,66.2
Uzbekistan,1977,66.5
Uzbekistan,1978,66.6
Uzbekistan,1979,66.9
Uzbekistan,1980,67.5
Uzbekistan,1981,67.6
Uzbekistan,1982,67.7
Uzbekistan,1983,67.8
Uzbekistan,1984,68
Uzbekistan,1985,68.4
Uzbekistan,1986,69.1
Uzbekistan,1987,69.4
Uzbekistan,1988,69.3
Uzbekistan,1989,69.3
Uzbekistan,1990,69.3
Uzbekistan,1991,68.9
Uzbekistan,1992,68.2
Uzbekistan,1993,67.1
Uzbekistan,1994,66.2
Uzbekistan,1995,65.7
Uzbekistan,1996,65.2
Uzbekistan,1997,65.4
Uzbekistan,1998,65.4
Uzbekistan,1999,65.5
Uzbekistan,2000,65.1
Uzbekistan,2001,65.1
Uzbekistan,2002,65
Uzbekistan,2003,64.9
Uzbekistan,2004,64.8
Uzbekistan,2005,64.5
Uzbekistan,2006,65
Uzbekistan,2007,65.3
Uzbekistan,2008,65.7
Uzbekistan,2009,66.2
Uzbekistan,2010,66.5
Uzbekistan,2011,66.6
Uzbekistan,2012,66.7
Uzbekistan,2013,67
Uzbekistan,2014,67.2
Uzbekistan,2015,67.3
Uzbekistan,2016,67.6
Uzbekistan,2017,67.8
Uzbekistan,2018,68.1
Uzbekistan,2019,68.4
Uzbekistan,2020,67.5
Uzbekistan,2021,68
Uzbekistan,2022,68.8
Uzbekistan,2023,68.9
Uzbekistan,2024,69
St. Vincent and the Grenadines,1800,26
St. Vincent and the Grenadines,1801,26
St. Vincent and the Grenadines,1802,26
St. Vincent and the Grenadines,1803,26
St. Vincent and the Grenadines,1804,26
St. Vincent and the Grenadines,1805,26
St. Vincent and the Grenadines,1806,26
St. Vincent and the Grenadines,1807,26
St. Vincent and the Grenadines,1808,26
St. Vincent and the Grenadines,1809,26
St. Vincent and the Grenadines,1810,26
St. Vincent and the Grenadines,1811,26
St. Vincent and the Grenadines,1812,26
St. Vincent and the Grenadines,1813,26
St. Vincent and the Grenadines,1814,26
St. Vincent and the Grenadines,1815,26
St. Vincent and the Grenadines,1816,26
St. Vincent and the Grenadines,1817,26
St. Vincent and the Grenadines,1818,26
St. Vincent and the Grenadines,1819,26
St. Vincent and the Grenadines,1820,26
St. Vincent and the Grenadines,1821,26
St. Vincent and the Grenadines,1822,26
St. Vincent and the Grenadines,1823,26
St. Vincent and the Grenadines,1824,26
St. Vincent and the Grenadines,1825,26
St. Vincent and the Grenadines,1826,26
St. Vincent and the Grenadines,1827,26
St. Vincent and the Grenadines,1828,26
St. Vincent and the Grenadines,1829,26
St. Vincent and the Grenadines,1830,26
St. Vincent and the Grenadines,1831,26
St. Vincent and the Grenadines,1832,26
St. Vincent and the Grenadines,1833,26
St. Vincent and the Grenadines,1834,26
St. Vincent and the Grenadines,1835,26
St. Vincent and the Grenadines,1836,26
St. Vincent and the Grenadines,1837,26
St. Vincent and the Grenadines,1838,26
St. Vincent and the Grenadines,1839,26
St. Vincent and the Grenadines,1840,26
St. Vincent and the Grenadines,1841,26
St. Vincent and the Grenadines,1842,26
St. Vincent and the Grenadines,1843,26
St. Vincent and the Grenadines,1844,26
St. Vincent and the Grenadines,1845,26
St. Vincent and the Grenadines,1846,26
St. Vincent and the Grenadines,1847,26
St. Vincent and the Grenadines,1848,26
St. Vincent and the Grenadines,1849,26
St. Vincent and the Grenadines,1850,26
St. Vincent and the Grenadines,1851,26
St. Vincent and the Grenadines,1852,26
St. Vincent and the Grenadines,1853,26.1
St. Vincent and the Grenadines,1854,26.1
St. Vincent and the Grenadines,1855,26.1
St. Vincent and the Grenadines,1856,26.1
St. Vincent and the Grenadines,1857,26.1
St. Vincent and the Grenadines,1858,26.1
St. Vincent and the Grenadines,1859,26.2
St. Vincent and the Grenadines,1860,26.2
St. Vincent and the Grenadines,1861,26.2
St. Vincent and the Grenadines,1862,26.2
St. Vincent and the Grenadines,1863,26.2
St. Vincent and the Grenadines,1864,26.3
St. Vincent and the Grenadines,1865,26.3
St. Vincent and the Grenadines,1866,26.3
St. Vincent and the Grenadines,1867,26.3
St. Vincent and the Grenadines,1868,26.3
St. Vincent and the Grenadines,1869,26.4
St. Vincent and the Grenadines,1870,26.4
St. Vincent and the Grenadines,1871,26.4
St. Vincent and the Grenadines,1872,26.4
St. Vincent and the Grenadines,1873,26.4
St. Vincent and the Grenadines,1874,26.5
St. Vincent and the Grenadines,1875,26.5
St. Vincent and the Grenadines,1876,26.5
St. Vincent and the Grenadines,1877,26.5
St. Vincent and the Grenadines,1878,26.5
St. Vincent and the Grenadines,1879,26.6
St. Vincent and the Grenadines,1880,26.6
St. Vincent and the Grenadines,1881,26.6
St. Vincent and the Grenadines,1882,26.6
St. Vincent and the Grenadines,1883,26.6
St. Vincent and the Grenadines,1884,26.6
St. Vincent and the Grenadines,1885,26.7
St. Vincent and the Grenadines,1886,26.7
St. Vincent and the Grenadines,1887,26.7
St. Vincent and the Grenadines,1888,26.7
St. Vincent and the Grenadines,1889,26.8
St. Vincent and the Grenadines,1890,26.8
St. Vincent and the Grenadines,1891,26.8
St. Vincent and the Grenadines,1892,26.8
St. Vincent and the Grenadines,1893,26.8
St. Vincent and the Grenadines,1894,26.9
St. Vincent and the Grenadines,1895,26.9
St. Vincent and the Grenadines,1896,26.9
St. Vincent and the Grenadines,1897,26.9
St. Vincent and the Grenadines,1898,26.9
St. Vincent and the Grenadines,1899,26.9
St. Vincent and the Grenadines,1900,27
St. Vincent and the Grenadines,1901,27
St. Vincent and the Grenadines,1902,27
St. Vincent and the Grenadines,1903,27
St. Vincent and the Grenadines,1904,27
St. Vincent and the Grenadines,1905,27.1
St. Vincent and the Grenadines,1906,27.1
St. Vincent and the Grenadines,1907,27.1
St. Vincent and the Grenadines,1908,27.1
St. Vincent and the Grenadines,1909,27.1
St. Vincent and the Grenadines,1910,27.2
St. Vincent and the Grenadines,1911,27.2
St. Vincent and the Grenadines,1912,27.2
St. Vincent and the Grenadines,1913,27.2
St. Vincent and the Grenadines,1914,27.2
St. Vincent and the Grenadines,1915,27.3
St. Vincent and the Grenadines,1916,27.3
St. Vincent and the Grenadines,1917,27.3
St. Vincent and the Grenadines,1918,17.7
St. Vincent and the Grenadines,1919,27.3
St. Vincent and the Grenadines,1920,27.4
St. Vincent and the Grenadines,1921,27.4
St. Vincent and the Grenadines,1922,28.3
St. Vincent and the Grenadines,1923,29.1
St. Vincent and the Grenadines,1924,30.1
St. Vincent and the Grenadines,1925,30.9
St. Vincent and the Grenadines,1926,31.8
St. Vincent and the Grenadines,1927,32.7
St. Vincent and the Grenadines,1928,33.6
St. Vincent and the Grenadines,1929,34.5
St. Vincent and the Grenadines,1930,35.4
St. Vincent and the Grenadines,1931,36.3
St. Vincent and the Grenadines,1932,37.3
St. Vincent and the Grenadines,1933,38.1
St. Vincent and the Grenadines,1934,39
St. Vincent and the Grenadines,1935,40
St. Vincent and the Grenadines,1936,40.9
St. Vincent and the Grenadines,1937,41.8
St. Vincent and the Grenadines,1938,42.7
St. Vincent and the Grenadines,1939,43.6
St. Vincent and the Grenadines,1940,44.5
St. Vincent and the Grenadines,1941,45.4
St. Vincent and the Grenadines,1942,46.3
St. Vincent and the Grenadines,1943,47.2
St. Vincent and the Grenadines,1944,48.1
St. Vincent and the Grenadines,1945,49.1
St. Vincent and the Grenadines,1946,50
St. Vincent and the Grenadines,1947,50.9
St. Vincent and the Grenadines,1948,51.8
St. Vincent and the Grenadines,1949,52.7
St. Vincent and the Grenadines,1950,53.6
St. Vincent and the Grenadines,1951,54.5
St. Vincent and the Grenadines,1952,55.3
St. Vincent and the Grenadines,1953,56.3
St. Vincent and the Grenadines,1954,57.3
St. Vincent and the Grenadines,1955,55
St. Vincent and the Grenadines,1956,59.2
St. Vincent and the Grenadines,1957,59.9
St. Vincent and the Grenadines,1958,60.5
St. Vincent and the Grenadines,1959,60.4
St. Vincent and the Grenadines,1960,61
St. Vincent and the Grenadines,1961,61.6
St. Vincent and the Grenadines,1962,62.2
St. Vincent and the Grenadines,1963,62.6
St. Vincent and the Grenadines,1964,63.1
St. Vincent and the Grenadines,1965,63.4
St. Vincent and the Grenadines,1966,63.7
St. Vincent and the Grenadines,1967,63.9
St. Vincent and the Grenadines,1968,64.2
St. Vincent and the Grenadines,1969,64.5
St. Vincent and the Grenadines,1970,64.8
St. Vincent and the Grenadines,1971,65
St. Vincent and the Grenadines,1972,65.4
St. Vincent and the Grenadines,1973,65.8
St. Vincent and the Grenadines,1974,66.3
St. Vincent and the Grenadines,1975,66.6
St. Vincent and the Grenadines,1976,67
St. Vincent and the Grenadines,1977,67.4
St. Vincent and the Grenadines,1978,67.9
St. Vincent and the Grenadines,1979,68.3
St. Vincent and the Grenadines,1980,68.6
St. Vincent and the Grenadines,1981,68.9
St. Vincent and the Grenadines,1982,69.3
St. Vincent and the Grenadines,1983,69.4
St. Vincent and the Grenadines,1984,69.6
St. Vincent and the Grenadines,1985,70
St. Vincent and the Grenadines,1986,70.2
St. Vincent and the Grenadines,1987,70
St. Vincent and the Grenadines,1988,70.2
St. Vincent and the Grenadines,1989,70.3
St. Vincent and the Grenadines,1990,70.1
St. Vincent and the Grenadines,1991,70.3
St. Vincent and the Grenadines,1992,70.2
St. Vincent and the Grenadines,1993,70.3
St. Vincent and the Grenadines,1994,70.3
St. Vincent and the Grenadines,1995,70.5
St. Vincent and the Grenadines,1996,70.5
St. Vincent and the Grenadines,1997,70.9
St. Vincent and the Grenadines,1998,71
St. Vincent and the Grenadines,1999,71.1
St. Vincent and the Grenadines,2000,71.1
St. Vincent and the Grenadines,2001,71.7
St. Vincent and the Grenadines,2002,71.7
St. Vincent and the Grenadines,2003,72.2
St. Vincent and the Grenadines,2004,72.3
St. Vincent and the Grenadines,2005,72.6
St. Vincent and the Grenadines,2006,72.9
St. Vincent and the Grenadines,2007,73.1
St. Vincent and the Grenadines,2008,73.1
St. Vincent and the Grenadines,2009,73
St. Vincent and the Grenadines,2010,73.1
St. Vincent and the Grenadines,2011,73.2
St. Vincent and the Grenadines,2012,73
St. Vincent and the Grenadines,2013,72.5
St. Vincent and the Grenadines,2014,72.6
St. Vincent and the Grenadines,2015,72.6
St. Vincent and the Grenadines,2016,72.6
St. Vincent and the Grenadines,2017,72.7
St. Vincent and the Grenadines,2018,72.8
St. Vincent and the Grenadines,2019,73
St. Vincent and the Grenadines,2020,72.2
St. Vincent and the Grenadines,2021,69.7
St. Vincent and the Grenadines,2022,69.1
St. Vincent and the Grenadines,2023,70.4
St. Vincent and the Grenadines,2024,73.8
Venezuela,1800,32.2
Venezuela,1801,32.2
Venezuela,1802,32.2
Venezuela,1803,32.2
Venezuela,1804,32.2
Venezuela,1805,32.2
Venezuela,1806,32.2
Venezuela,1807,32.2
Venezuela,1808,32.2
Venezuela,1809,32.2
Venezuela,1810,32.2
Venezuela,1811,32.2
Venezuela,1812,32.2
Venezuela,1813,32.2
Venezuela,1814,32.2
Venezuela,1815,32.2
Venezuela,1816,32.2
Venezuela,1817,32.2
Venezuela,1818,32.2
Venezuela,1819,32.2
Venezuela,1820,32.2
Venezuela,1821,32.2
Venezuela,1822,32.2
Venezuela,1823,32.2
Venezuela,1824,32.2
Venezuela,1825,32.2
Venezuela,1826,32.2
Venezuela,1827,32.2
Venezuela,1828,32.2
Venezuela,1829,32.2
Venezuela,1830,32.2
Venezuela,1831,32.2
Venezuela,1832,32.2
Venezuela,1833,32.2
Venezuela,1834,32.2
Venezuela,1835,32.2
Venezuela,1836,32.2
Venezuela,1837,32.2
Venezuela,1838,32.2
Venezuela,1839,32.2
Venezuela,1840,32.2
Venezuela,1841,32.2
Venezuela,1842,32.2
Venezuela,1843,32.2
Venezuela,1844,32.2
Venezuela,1845,32.2
Venezuela,1846,32.2
Venezuela,1847,32.2
Venezuela,1848,32.2
Venezuela,1849,32.2
Venezuela,1850,32.2
Venezuela,1851,32.2
Venezuela,1852,32.3
Venezuela,1853,32.3
Venezuela,1854,32.3
Venezuela,1855,32.3
Venezuela,1856,32.4
Venezuela,1857,32.4
Venezuela,1858,32.4
Venezuela,1859,32.4
Venezuela,1860,32.5
Venezuela,1861,32.5
Venezuela,1862,32.5
Venezuela,1863,32.5
Venezuela,1864,32.6
Venezuela,1865,32.6
Venezuela,1866,32.6
Venezuela,1867,32.6
Venezuela,1868,32.7
Venezuela,1869,32.7
Venezuela,1870,32.7
Venezuela,1871,32.7
Venezuela,1872,32.8
Venezuela,1873,32.8
Venezuela,1874,32.8
Venezuela,1875,32.9
Venezuela,1876,32.9
Venezuela,1877,32.9
Venezuela,1878,32.9
Venezuela,1879,33
Venezuela,1880,33
Venezuela,1881,33
Venezuela,1882,33
Venezuela,1883,33
Venezuela,1884,33.1
Venezuela,1885,33.1
Venezuela,1886,33.1
Venezuela,1887,33.2
Venezuela,1888,33.2
Venezuela,1889,33.2
Venezuela,1890,33.2
Venezuela,1891,33.3
Venezuela,1892,33.3
Venezuela,1893,33.3
Venezuela,1894,33.3
Venezuela,1895,33.4
Venezuela,1896,33.4
Venezuela,1897,33.4
Venezuela,1898,33.4
Venezuela,1899,33.5
Venezuela,1900,33.5
Venezuela,1901,33.5
Venezuela,1902,33.5
Venezuela,1903,33.6
Venezuela,1904,33.6
Venezuela,1905,33.6
Venezuela,1906,33.6
Venezuela,1907,33.7
Venezuela,1908,33.7
Venezuela,1909,33.7
Venezuela,1910,33.8
Venezuela,1911,33.8
Venezuela,1912,33.8
Venezuela,1913,33.8
Venezuela,1914,33.9
Venezuela,1915,33.9
Venezuela,1916,33.9
Venezuela,1917,33.9
Venezuela,1918,30.7
Venezuela,1919,34
Venezuela,1920,34
Venezuela,1921,34
Venezuela,1922,34.1
Venezuela,1923,34.1
Venezuela,1924,34.1
Venezuela,1925,34.1
Venezuela,1926,34.2
Venezuela,1927,34.4
Venezuela,1928,34.6
Venezuela,1929,34.8
Venezuela,1930,35
Venezuela,1931,35.2
Venezuela,1932,35.4
Venezuela,1933,35.6
Venezuela,1934,35.8
Venezuela,1935,36
Venezuela,1936,36.3
Venezuela,1937,37.6
Venezuela,1938,38.9
Venezuela,1939,40.2
Venezuela,1940,41.5
Venezuela,1941,42.9
Venezuela,1942,44.6
Venezuela,1943,46.4
Venezuela,1944,48.1
Venezuela,1945,49.9
Venezuela,1946,51.6
Venezuela,1947,53.4
Venezuela,1948,55.2
Venezuela,1949,56.9
Venezuela,1950,58.7
Venezuela,1951,59
Venezuela,1952,59.5
Venezuela,1953,61.3
Venezuela,1954,61
Venezuela,1955,61.2
Venezuela,1956,61.6
Venezuela,1957,61.4
Venezuela,1958,62.5
Venezuela,1959,63.9
Venezuela,1960,65.2
Venezuela,1961,65.8
Venezuela,1962,66.1
Venezuela,1963,65.7
Venezuela,1964,65.5
Venezuela,1965,66
Venezuela,1966,66.3
Venezuela,1967,66.5
Venezuela,1968,66.5
Venezuela,1969,66
Venezuela,1970,66.5
Venezuela,1971,66.6
Venezuela,1972,66.4
Venezuela,1973,66.3
Venezuela,1974,67.3
Venezuela,1975,67.6
Venezuela,1976,67.8
Venezuela,1977,68.7
Venezuela,1978,69.4
Venezuela,1979,69.7
Venezuela,1980,69.7
Venezuela,1981,69.7
Venezuela,1982,70.3
Venezuela,1983,71.1
Venezuela,1984,71.3
Venezuela,1985,71.6
Venezuela,1986,72.2
Venezuela,1987,72.1
Venezuela,1988,72.5
Venezuela,1989,72.4
Venezuela,1990,72.4
Venezuela,1991,72.9
Venezuela,1992,72.9
Venezuela,1993,72.8
Venezuela,1994,72.3
Venezuela,1995,72.6
Venezuela,1996,73.3
Venezuela,1997,74.1
Venezuela,1998,74
Venezuela,1999,70.3
Venezuela,2000,74.2
Venezuela,2001,74.1
Venezuela,2002,74
Venezuela,2003,73.5
Venezuela,2004,74.6
Venezuela,2005,75
Venezuela,2006,74.8
Venezuela,2007,74.6
Venezuela,2008,74.4
Venezuela,2009,74.6
Venezuela,2010,75.3
Venezuela,2011,75.4
Venezuela,2012,75.2
Venezuela,2013,75.5
Venezuela,2014,75.6
Venezuela,2015,75.7
Venezuela,2016,75.6
Venezuela,2017,75.5
Venezuela,2018,75.4
Venezuela,2019,75
Venezuela,2020,73.9
Venezuela,2021,73.4
Venezuela,2022,74
Venezuela,2023,75.8
Venezuela,2024,76
Vietnam,1800,32
Vietnam,1801,32
Vietnam,1802,32
Vietnam,1803,32
Vietnam,1804,32
Vietnam,1805,32
Vietnam,1806,32
Vietnam,1807,32
Vietnam,1808,32
Vietnam,1809,32
Vietnam,1810,32
Vietnam,1811,32
Vietnam,1812,32
Vietnam,1813,32
Vietnam,1814,32
Vietnam,1815,32
Vietnam,1816,32
Vietnam,1817,32
Vietnam,1818,32
Vietnam,1819,32
Vietnam,1820,32
Vietnam,1821,32
Vietnam,1822,32
Vietnam,1823,32
Vietnam,1824,32
Vietnam,1825,32
Vietnam,1826,32
Vietnam,1827,32
Vietnam,1828,32
Vietnam,1829,32
Vietnam,1830,32
Vietnam,1831,32
Vietnam,1832,32
Vietnam,1833,32
Vietnam,1834,32
Vietnam,1835,32
Vietnam,1836,32
Vietnam,1837,32
Vietnam,1838,32
Vietnam,1839,32
Vietnam,1840,32
Vietnam,1841,32
Vietnam,1842,32
Vietnam,1843,32
Vietnam,1844,32
Vietnam,1845,32
Vietnam,1846,32
Vietnam,1847,32
Vietnam,1848,32
Vietnam,1849,32
Vietnam,1850,32
Vietnam,1851,32
Vietnam,1852,32
Vietnam,1853,32
Vietnam,1854,32
Vietnam,1855,32
Vietnam,1856,32
Vietnam,1857,32
Vietnam,1858,32
Vietnam,1859,32
Vietnam,1860,32
Vietnam,1861,32
Vietnam,1862,32
Vietnam,1863,32
Vietnam,1864,32.1
Vietnam,1865,32.1
Vietnam,1866,32.1
Vietnam,1867,32.1
Vietnam,1868,32.1
Vietnam,1869,32.1
Vietnam,1870,32.1
Vietnam,1871,32.1
Vietnam,1872,32.1
Vietnam,1873,32.1
Vietnam,1874,32.1
Vietnam,1875,32.1
Vietnam,1876,32.1
Vietnam,1877,32.1
Vietnam,1878,32.1
Vietnam,1879,32.1
Vietnam,1880,32.1
Vietnam,1881,32.1
Vietnam,1882,32.1
Vietnam,1883,32.1
Vietnam,1884,32.1
Vietnam,1885,32.1
Vietnam,1886,32.1
Vietnam,1887,32.2
Vietnam,1888,32.2
Vietnam,1889,32.2
Vietnam,1890,32.2
Vietnam,1891,32.2
Vietnam,1892,32.2
Vietnam,1893,32.2
Vietnam,1894,32.2
Vietnam,1895,32.2
Vietnam,1896,32.2
Vietnam,1897,32.2
Vietnam,1898,32.2
Vietnam,1899,32.2
Vietnam,1900,32.2
Vietnam,1901,32.2
Vietnam,1902,32.2
Vietnam,1903,32.2
Vietnam,1904,32.2
Vietnam,1905,32.2
Vietnam,1906,32.2
Vietnam,1907,32.2
Vietnam,1908,32.2
Vietnam,1909,32.3
Vietnam,1910,32.3
Vietnam,1911,32.3
Vietnam,1912,32.3
Vietnam,1913,32.3
Vietnam,1914,32.3
Vietnam,1915,32.3
Vietnam,1916,32.3
Vietnam,1917,32.3
Vietnam,1918,20.7
Vietnam,1919,32.3
Vietnam,1920,32.3
Vietnam,1921,32.3
Vietnam,1922,32.3
Vietnam,1923,32.3
Vietnam,1924,32.3
Vietnam,1925,32.3
Vietnam,1926,32.3
Vietnam,1927,32.3
Vietnam,1928,32.3
Vietnam,1929,32.3
Vietnam,1930,32.3
Vietnam,1931,32.5
Vietnam,1932,32.7
Vietnam,1933,32.9
Vietnam,1934,33
Vietnam,1935,33.2
Vietnam,1936,33.4
Vietnam,1937,34.7
Vietnam,1938,36.1
Vietnam,1939,37.5
Vietnam,1940,36.4
Vietnam,1941,35.5
Vietnam,1942,34.9
Vietnam,1943,33.3
Vietnam,1944,27.2
Vietnam,1945,17.1
Vietnam,1946,36.3
Vietnam,1947,42.4
Vietnam,1948,47.4
Vietnam,1949,50.4
Vietnam,1950,52.3
Vietnam,1951,52.6
Vietnam,1952,53
Vietnam,1953,53.3
Vietnam,1954,53.8
Vietnam,1955,56.4
Vietnam,1956,56.8
Vietnam,1957,57.2
Vietnam,1958,57.6
Vietnam,1959,58
Vietnam,1960,58.4
Vietnam,1961,58.7
Vietnam,1962,58.4
Vietnam,1963,58
Vietnam,1964,58.6
Vietnam,1965,57.4
Vietnam,1966,57.7
Vietnam,1967,57.9
Vietnam,1968,53.9
Vietnam,1969,56
Vietnam,1970,56
Vietnam,1971,56.6
Vietnam,1972,52.8
Vietnam,1973,56.1
Vietnam,1974,55.8
Vietnam,1975,62.3
Vietnam,1976,64.9
Vietnam,1977,65.3
Vietnam,1978,65.7
Vietnam,1979,65.9
Vietnam,1980,66.3
Vietnam,1981,66.6
Vietnam,1982,66.9
Vietnam,1983,67.1
Vietnam,1984,67.5
Vietnam,1985,67.8
Vietnam,1986,68.1
Vietnam,1987,68.4
Vietnam,1988,68.6
Vietnam,1989,68.9
Vietnam,1990,69.2
Vietnam,1991,69.5
Vietnam,1992,69.8
Vietnam,1993,70.2
Vietnam,1994,70.5
Vietnam,1995,70.8
Vietnam,1996,71.1
Vietnam,1997,71.3
Vietnam,1998,71.7
Vietnam,1999,72
Vietnam,2000,72.2
Vietnam,2001,72.4
Vietnam,2002,72.5
Vietnam,2003,72.6
Vietnam,2004,72.7
Vietnam,2005,72.8
Vietnam,2006,72.9
Vietnam,2007,72.9
Vietnam,2008,73
Vietnam,2009,73.1
Vietnam,2010,73.2
Vietnam,2011,73.3
Vietnam,2012,73.5
Vietnam,2013,73.6
Vietnam,2014,73.7
Vietnam,2015,73.9
Vietnam,2016,74
Vietnam,2017,74.2
Vietnam,2018,74.3
Vietnam,2019,74.5
Vietnam,2020,75.8
Vietnam,2021,74
Vietnam,2022,75
Vietnam,2023,75.1
Vietnam,2024,75.3
Vanuatu,1800,24.3
Vanuatu,1801,24.3
Vanuatu,1802,24.3
Vanuatu,1803,24.3
Vanuatu,1804,24.3
Vanuatu,1805,24.3
Vanuatu,1806,24.3
Vanuatu,1807,24.3
Vanuatu,1808,24.3
Vanuatu,1809,24.3
Vanuatu,1810,24.3
Vanuatu,1811,24.3
Vanuatu,1812,24.3
Vanuatu,1813,24.3
Vanuatu,1814,24.3
Vanuatu,1815,24.3
Vanuatu,1816,24.3
Vanuatu,1817,24.3
Vanuatu,1818,24.3
Vanuatu,1819,24.3
Vanuatu,1820,24.3
Vanuatu,1821,24.3
Vanuatu,1822,24.3
Vanuatu,1823,24.3
Vanuatu,1824,24.3
Vanuatu,1825,24.3
Vanuatu,1826,24.3
Vanuatu,1827,24.3
Vanuatu,1828,24.3
Vanuatu,1829,24.3
Vanuatu,1830,24.3
Vanuatu,1831,24.3
Vanuatu,1832,24.3
Vanuatu,1833,24.3
Vanuatu,1834,24.3
Vanuatu,1835,24.3
Vanuatu,1836,24.3
Vanuatu,1837,24.3
Vanuatu,1838,24.3
Vanuatu,1839,24.3
Vanuatu,1840,24.3
Vanuatu,1841,24.3
Vanuatu,1842,24.3
Vanuatu,1843,24.3
Vanuatu,1844,24.3
Vanuatu,1845,24.3
Vanuatu,1846,24.3
Vanuatu,1847,24.3
Vanuatu,1848,24.3
Vanuatu,1849,24.3
Vanuatu,1850,24.3
Vanuatu,1851,24.3
Vanuatu,1852,24.4
Vanuatu,1853,24.4
Vanuatu,1854,24.5
Vanuatu,1855,24.5
Vanuatu,1856,24.6
Vanuatu,1857,24.6
Vanuatu,1858,24.6
Vanuatu,1859,24.7
Vanuatu,1860,24.7
Vanuatu,1861,24.8
Vanuatu,1862,24.8
Vanuatu,1863,24.8
Vanuatu,1864,24.9
Vanuatu,1865,24.9
Vanuatu,1866,25
Vanuatu,1867,25
Vanuatu,1868,25
Vanuatu,1869,25.1
Vanuatu,1870,25.1
Vanuatu,1871,25.2
Vanuatu,1872,25.2
Vanuatu,1873,25.3
Vanuatu,1874,25.3
Vanuatu,1875,25.3
Vanuatu,1876,25.4
Vanuatu,1877,25.4
Vanuatu,1878,25.4
Vanuatu,1879,25.5
Vanuatu,1880,25.5
Vanuatu,1881,25.6
Vanuatu,1882,25.6
Vanuatu,1883,25.7
Vanuatu,1884,25.7
Vanuatu,1885,25.7
Vanuatu,1886,25.8
Vanuatu,1887,25.8
Vanuatu,1888,25.9
Vanuatu,1889,25.9
Vanuatu,1890,25.9
Vanuatu,1891,26
Vanuatu,1892,26
Vanuatu,1893,26.1
Vanuatu,1894,26.1
Vanuatu,1895,26.2
Vanuatu,1896,26.2
Vanuatu,1897,26.2
Vanuatu,1898,26.3
Vanuatu,1899,26.3
Vanuatu,1900,26.4
Vanuatu,1901,26.4
Vanuatu,1902,26.4
Vanuatu,1903,26.5
Vanuatu,1904,26.5
Vanuatu,1905,26.6
Vanuatu,1906,26.6
Vanuatu,1907,26.6
Vanuatu,1908,26.7
Vanuatu,1909,26.7
Vanuatu,1910,26.8
Vanuatu,1911,26.8
Vanuatu,1912,26.9
Vanuatu,1913,26.9
Vanuatu,1914,26.9
Vanuatu,1915,27
Vanuatu,1916,27
Vanuatu,1917,27.1
Vanuatu,1918,27.1
Vanuatu,1919,27.1
Vanuatu,1920,27.2
Vanuatu,1921,27.2
Vanuatu,1922,27.3
Vanuatu,1923,27.3
Vanuatu,1924,27.4
Vanuatu,1925,27.4
Vanuatu,1926,27.4
Vanuatu,1927,27.5
Vanuatu,1928,27.5
Vanuatu,1929,27.6
Vanuatu,1930,27.6
Vanuatu,1931,27.6
Vanuatu,1932,27.7
Vanuatu,1933,27.7
Vanuatu,1934,27.8
Vanuatu,1935,29
Vanuatu,1936,30.2
Vanuatu,1937,31.4
Vanuatu,1938,32.6
Vanuatu,1939,33.9
Vanuatu,1940,35.1
Vanuatu,1941,36.3
Vanuatu,1942,37.5
Vanuatu,1943,38.8
Vanuatu,1944,40
Vanuatu,1945,41.2
Vanuatu,1946,42.5
Vanuatu,1947,43.7
Vanuatu,1948,44.9
Vanuatu,1949,46.1
Vanuatu,1950,47.4
Vanuatu,1951,45
Vanuatu,1952,48.1
Vanuatu,1953,48.4
Vanuatu,1954,48.8
Vanuatu,1955,49.2
Vanuatu,1956,49.5
Vanuatu,1957,50
Vanuatu,1958,50.4
Vanuatu,1959,50.8
Vanuatu,1960,51.4
Vanuatu,1961,51.9
Vanuatu,1962,52.4
Vanuatu,1963,52.9
Vanuatu,1964,53.4
Vanuatu,1965,53.9
Vanuatu,1966,54.5
Vanuatu,1967,55
Vanuatu,1968,55.6
Vanuatu,1969,56.1
Vanuatu,1970,56.7
Vanuatu,1971,57.3
Vanuatu,1972,57.7
Vanuatu,1973,58.4
Vanuatu,1974,59.1
Vanuatu,1975,59.7
Vanuatu,1976,60.2
Vanuatu,1977,60.7
Vanuatu,1978,61.2
Vanuatu,1979,61.7
Vanuatu,1980,62.1
Vanuatu,1981,62.4
Vanuatu,1982,62.6
Vanuatu,1983,62.8
Vanuatu,1984,63
Vanuatu,1985,62.9
Vanuatu,1986,63.1
Vanuatu,1987,62.4
Vanuatu,1988,63.1
Vanuatu,1989,63
Vanuatu,1990,63.1
Vanuatu,1991,63.2
Vanuatu,1992,63.1
Vanuatu,1993,63.1
Vanuatu,1994,63.2
Vanuatu,1995,63.3
Vanuatu,1996,63.3
Vanuatu,1997,62.1
Vanuatu,1998,63.5
Vanuatu,1999,63
Vanuatu,2000,63.6
Vanuatu,2001,63.6
Vanuatu,2002,63.6
Vanuatu,2003,63.7
Vanuatu,2004,63.7
Vanuatu,2005,63.8
Vanuatu,2006,63.9
Vanuatu,2007,64
Vanuatu,2008,64.1
Vanuatu,2009,64.2
Vanuatu,2010,64.4
Vanuatu,2011,64.5
Vanuatu,2012,64.7
Vanuatu,2013,64.8
Vanuatu,2014,64.8
Vanuatu,2015,65
Vanuatu,2016,65.1
Vanuatu,2017,65.3
Vanuatu,2018,65.3
Vanuatu,2019,65.5
Vanuatu,2020,65.8
Vanuatu,2021,66
Vanuatu,2022,66
Vanuatu,2023,66.2
Vanuatu,2024,66.4
Samoa,1800,25.4
Samoa,1801,25.4
Samoa,1802,25.4
Samoa,1803,25.4
Samoa,1804,25.4
Samoa,1805,25.4
Samoa,1806,25.4
Samoa,1807,25.4
Samoa,1808,25.4
Samoa,1809,25.4
Samoa,1810,25.4
Samoa,1811,25.4
Samoa,1812,25.4
Samoa,1813,25.4
Samoa,1814,25.4
Samoa,1815,25.4
Samoa,1816,25.4
Samoa,1817,25.4
Samoa,1818,25.4
Samoa,1819,25.4
Samoa,1820,25.4
Samoa,1821,25.4
Samoa,1822,25.4
Samoa,1823,25.4
Samoa,1824,25.4
Samoa,1825,25.4
Samoa,1826,25.4
Samoa,1827,25.4
Samoa,1828,25.4
Samoa,1829,25.4
Samoa,1830,25.4
Samoa,1831,25.4
Samoa,1832,25.4
Samoa,1833,25.4
Samoa,1834,25.4
Samoa,1835,25.4
Samoa,1836,25.4
Samoa,1837,25.4
Samoa,1838,25.4
Samoa,1839,25.4
Samoa,1840,25.4
Samoa,1841,25.4
Samoa,1842,25.4
Samoa,1843,25.4
Samoa,1844,25.4
Samoa,1845,25.4
Samoa,1846,25.4
Samoa,1847,25.4
Samoa,1848,25.4
Samoa,1849,25.4
Samoa,1850,25.4
Samoa,1851,25.4
Samoa,1852,25.5
Samoa,1853,25.5
Samoa,1854,25.6
Samoa,1855,25.6
Samoa,1856,25.7
Samoa,1857,25.7
Samoa,1858,25.8
Samoa,1859,25.8
Samoa,1860,25.9
Samoa,1861,25.9
Samoa,1862,26
Samoa,1863,26
Samoa,1864,26.1
Samoa,1865,26.1
Samoa,1866,26.2
Samoa,1867,26.2
Samoa,1868,26.3
Samoa,1869,26.3
Samoa,1870,26.4
Samoa,1871,26.4
Samoa,1872,26.5
Samoa,1873,26.5
Samoa,1874,26.6
Samoa,1875,26.6
Samoa,1876,26.7
Samoa,1877,26.7
Samoa,1878,26.8
Samoa,1879,26.8
Samoa,1880,26.9
Samoa,1881,26.9
Samoa,1882,26.9
Samoa,1883,27
Samoa,1884,27
Samoa,1885,27.1
Samoa,1886,27.1
Samoa,1887,27.2
Samoa,1888,27.2
Samoa,1889,27.3
Samoa,1890,27.3
Samoa,1891,27.4
Samoa,1892,27.4
Samoa,1893,27.5
Samoa,1894,27.5
Samoa,1895,27.6
Samoa,1896,27.6
Samoa,1897,27.7
Samoa,1898,27.7
Samoa,1899,27.8
Samoa,1900,27.8
Samoa,1901,27.9
Samoa,1902,27.9
Samoa,1903,28
Samoa,1904,28
Samoa,1905,28.1
Samoa,1906,28.1
Samoa,1907,28.1
Samoa,1908,28.2
Samoa,1909,28.3
Samoa,1910,28.3
Samoa,1911,28.4
Samoa,1912,28.4
Samoa,1913,28.4
Samoa,1914,28.5
Samoa,1915,28.5
Samoa,1916,28.6
Samoa,1917,28.6
Samoa,1918,1.13
Samoa,1919,28.7
Samoa,1920,28.8
Samoa,1921,28.8
Samoa,1922,28.9
Samoa,1923,28.9
Samoa,1924,29
Samoa,1925,29
Samoa,1926,29.1
Samoa,1927,29.1
Samoa,1928,29.2
Samoa,1929,29.2
Samoa,1930,29.3
Samoa,1931,29.3
Samoa,1932,29.4
Samoa,1933,29.4
Samoa,1934,29.5
Samoa,1935,30.9
Samoa,1936,32.4
Samoa,1937,33.9
Samoa,1938,35.3
Samoa,1939,36.8
Samoa,1940,38.3
Samoa,1941,39.9
Samoa,1942,41.5
Samoa,1943,43.1
Samoa,1944,44.7
Samoa,1945,46.3
Samoa,1946,47.9
Samoa,1947,49.5
Samoa,1948,51.2
Samoa,1949,52.8
Samoa,1950,54.4
Samoa,1951,55
Samoa,1952,55.5
Samoa,1953,56.1
Samoa,1954,56.6
Samoa,1955,57.2
Samoa,1956,58.3
Samoa,1957,59
Samoa,1958,59.6
Samoa,1959,60.2
Samoa,1960,60.7
Samoa,1961,61.1
Samoa,1962,61.3
Samoa,1963,61.4
Samoa,1964,57.2
Samoa,1965,61.3
Samoa,1966,61.3
Samoa,1967,61.8
Samoa,1968,62
Samoa,1969,62.2
Samoa,1970,62.4
Samoa,1971,62.6
Samoa,1972,63
Samoa,1973,63.2
Samoa,1974,63.3
Samoa,1975,63.6
Samoa,1976,64.1
Samoa,1977,64.4
Samoa,1978,64.7
Samoa,1979,65
Samoa,1980,65.2
Samoa,1981,65.4
Samoa,1982,65.5
Samoa,1983,65.7
Samoa,1984,65.8
Samoa,1985,66
Samoa,1986,66.2
Samoa,1987,66.4
Samoa,1988,66.6
Samoa,1989,66.8
Samoa,1990,66.9
Samoa,1991,66.9
Samoa,1992,67.2
Samoa,1993,67.4
Samoa,1994,67.5
Samoa,1995,67.7
Samoa,1996,67.8
Samoa,1997,68
Samoa,1998,68.2
Samoa,1999,68.3
Samoa,2000,68.5
Samoa,2001,68.6
Samoa,2002,68.8
Samoa,2003,68.9
Samoa,2004,69
Samoa,2005,69
Samoa,2006,69.2
Samoa,2007,69.3
Samoa,2008,69.5
Samoa,2009,67.5
Samoa,2010,69.6
Samoa,2011,69.7
Samoa,2012,69.6
Samoa,2013,69.9
Samoa,2014,70
Samoa,2015,70.1
Samoa,2016,70.2
Samoa,2017,70.3
Samoa,2018,70.4
Samoa,2019,70.5
Samoa,2020,71.1
Samoa,2021,71.1
Samoa,2022,70.9
Samoa,2023,71.1
Samoa,2024,71.2
Yemen,1800,23.4
Yemen,1801,23.4
Yemen,1802,23.4
Yemen,1803,23.4
Yemen,1804,23.4
Yemen,1805,23.4
Yemen,1806,23.4
Yemen,1807,23.4
Yemen,1808,23.4
Yemen,1809,23.4
Yemen,1810,23.4
Yemen,1811,23.4
Yemen,1812,23.4
Yemen,1813,23.4
Yemen,1814,23.4
Yemen,1815,23.4
Yemen,1816,23.4
Yemen,1817,23.4
Yemen,1818,23.4
Yemen,1819,23.4
Yemen,1820,23.4
Yemen,1821,23.4
Yemen,1822,23.4
Yemen,1823,23.4
Yemen,1824,23.4
Yemen,1825,23.4
Yemen,1826,23.4
Yemen,1827,23.4
Yemen,1828,23.4
Yemen,1829,23.4
Yemen,1830,23.4
Yemen,1831,23.4
Yemen,1832,23.4
Yemen,1833,23.4
Yemen,1834,23.4
Yemen,1835,23.4
Yemen,1836,23.4
Yemen,1837,23.4
Yemen,1838,23.4
Yemen,1839,23.4
Yemen,1840,23.4
Yemen,1841,23.4
Yemen,1842,23.4
Yemen,1843,23.4
Yemen,1844,23.4
Yemen,1845,23.4
Yemen,1846,23.4
Yemen,1847,23.4
Yemen,1848,23.4
Yemen,1849,23.4
Yemen,1850,23.4
Yemen,1851,23.5
Yemen,1852,23.6
Yemen,1853,23.6
Yemen,1854,23.7
Yemen,1855,23.8
Yemen,1856,23.9
Yemen,1857,24
Yemen,1858,24.1
Yemen,1859,24.1
Yemen,1860,24.2
Yemen,1861,24.3
Yemen,1862,24.4
Yemen,1863,24.5
Yemen,1864,24.6
Yemen,1865,24.6
Yemen,1866,24.7
Yemen,1867,24.8
Yemen,1868,24.9
Yemen,1869,25
Yemen,1870,25.1
Yemen,1871,25.1
Yemen,1872,25.2
Yemen,1873,25.3
Yemen,1874,25.4
Yemen,1875,25.5
Yemen,1876,25.6
Yemen,1877,25.6
Yemen,1878,25.7
Yemen,1879,25.8
Yemen,1880,25.9
Yemen,1881,26
Yemen,1882,26.1
Yemen,1883,26.1
Yemen,1884,26.2
Yemen,1885,26.3
Yemen,1886,26.4
Yemen,1887,26.5
Yemen,1888,26.5
Yemen,1889,26.6
Yemen,1890,26.7
Yemen,1891,26.8
Yemen,1892,26.9
Yemen,1893,27
Yemen,1894,27
Yemen,1895,27.1
Yemen,1896,27.2
Yemen,1897,27.3
Yemen,1898,27.4
Yemen,1899,27.5
Yemen,1900,27.5
Yemen,1901,27.6
Yemen,1902,27.7
Yemen,1903,27.8
Yemen,1904,27.9
Yemen,1905,28
Yemen,1906,28
Yemen,1907,28.1
Yemen,1908,28.2
Yemen,1909,28.3
Yemen,1910,28.4
Yemen,1911,28.4
Yemen,1912,28.5
Yemen,1913,28.6
Yemen,1914,28.7
Yemen,1915,28.8
Yemen,1916,28.9
Yemen,1917,28.9
Yemen,1918,24.1
Yemen,1919,29.1
Yemen,1920,29.2
Yemen,1921,29.3
Yemen,1922,29.4
Yemen,1923,29.4
Yemen,1924,29.5
Yemen,1925,29.6
Yemen,1926,29.7
Yemen,1927,29.8
Yemen,1928,29.9
Yemen,1929,29.9
Yemen,1930,30
Yemen,1931,30.1
Yemen,1932,30.2
Yemen,1933,30.3
Yemen,1934,30.4
Yemen,1935,30.4
Yemen,1936,30.5
Yemen,1937,30.6
Yemen,1938,30.7
Yemen,1939,30.8
Yemen,1940,30.9
Yemen,1941,31
Yemen,1942,31.1
Yemen,1943,31.2
Yemen,1944,31.3
Yemen,1945,31.4
Yemen,1946,31.4
Yemen,1947,31.6
Yemen,1948,31.7
Yemen,1949,31.8
Yemen,1950,31.9
Yemen,1951,32.3
Yemen,1952,32.6
Yemen,1953,33
Yemen,1954,33.2
Yemen,1955,33.4
Yemen,1956,33.8
Yemen,1957,34.4
Yemen,1958,35
Yemen,1959,35.7
Yemen,1960,36.5
Yemen,1961,37.1
Yemen,1962,36.3
Yemen,1963,36.9
Yemen,1964,37.6
Yemen,1965,38.2
Yemen,1966,38.8
Yemen,1967,39.4
Yemen,1968,40.2
Yemen,1969,41
Yemen,1970,41.9
Yemen,1971,44.3
Yemen,1972,45.4
Yemen,1973,46.6
Yemen,1974,47.6
Yemen,1975,48.7
Yemen,1976,49.8
Yemen,1977,50.9
Yemen,1978,51.8
Yemen,1979,52.6
Yemen,1980,53.3
Yemen,1981,54
Yemen,1982,54.3
Yemen,1983,55.5
Yemen,1984,56.1
Yemen,1985,56.7
Yemen,1986,55.2
Yemen,1987,57.7
Yemen,1988,58.2
Yemen,1989,58.6
Yemen,1990,59.1
Yemen,1991,59.5
Yemen,1992,59.9
Yemen,1993,60.3
Yemen,1994,60.5
Yemen,1995,61.1
Yemen,1996,61.5
Yemen,1997,62
Yemen,1998,62.5
Yemen,1999,63
Yemen,2000,63.5
Yemen,2001,64
Yemen,2002,64.5
Yemen,2003,64.9
Yemen,2004,65.3
Yemen,2005,65.8
Yemen,2006,66.2
Yemen,2007,66.5
Yemen,2008,66.9
Yemen,2009,67.2
Yemen,2010,67.6
Yemen,2011,67.8
Yemen,2012,67.9
Yemen,2013,68.4
Yemen,2014,68.5
Yemen,2015,68.2
Yemen,2016,67.5
Yemen,2017,67.3
Yemen,2018,66.1
Yemen,2019,67.7
Yemen,2020,67.3
Yemen,2021,66.3
Yemen,2022,66.3
Yemen,2023,67.2
Yemen,2024,69
South Africa,1800,33.5
South Africa,1801,33.5
South Africa,1802,33.5
South Africa,1803,33.5
South Africa,1804,33.5
South Africa,1805,33.5
South Africa,1806,33.5
South Africa,1807,33.5
South Africa,1808,33.5
South Africa,1809,33.5
South Africa,1810,33.5
South Africa,1811,33.5
South Africa,1812,33.5
South Africa,1813,33.5
South Africa,1814,33.5
South Africa,1815,33.5
South Africa,1816,33.5
South Africa,1817,33.5
South Africa,1818,33.5
South Africa,1819,33.5
South Africa,1820,33.5
South Africa,1821,33.5
South Africa,1822,33.5
South Africa,1823,33.5
South Africa,1824,33.5
South Africa,1825,33.5
South Africa,1826,33.5
South Africa,1827,33.5
South Africa,1828,33.5
South Africa,1829,33.5
South Africa,1830,33.5
South Africa,1831,33.5
South Africa,1832,33.5
South Africa,1833,33.5
South Africa,1834,33.5
South Africa,1835,33.5
South Africa,1836,33.5
South Africa,1837,33.5
South Africa,1838,33.5
South Africa,1839,33.5
South Africa,1840,33.5
South Africa,1841,33.5
South Africa,1842,33.5
South Africa,1843,33.5
South Africa,1844,33.5
South Africa,1845,33.5
South Africa,1846,33.5
South Africa,1847,33.5
South Africa,1848,33.5
South Africa,1849,33.5
South Africa,1850,33.5
South Africa,1851,33.6
South Africa,1852,33.6
South Africa,1853,33.7
South Africa,1854,33.8
South Africa,1855,33.8
South Africa,1856,33.9
South Africa,1857,34
South Africa,1858,34
South Africa,1859,34.1
South Africa,1860,34.2
South Africa,1861,34.2
South Africa,1862,34.3
South Africa,1863,34.4
South Africa,1864,34.4
South Africa,1865,34.5
South Africa,1866,34.5
South Africa,1867,34.6
South Africa,1868,34.7
South Africa,1869,34.8
South Africa,1870,34.8
South Africa,1871,34.9
South Africa,1872,34.9
South Africa,1873,35
South Africa,1874,35.1
South Africa,1875,35.1
South Africa,1876,35.2
South Africa,1877,35.3
South Africa,1878,35.3
South Africa,1879,35.4
South Africa,1880,35.5
South Africa,1881,35.5
South Africa,1882,35.6
South Africa,1883,35.7
South Africa,1884,35.7
South Africa,1885,35.8
South Africa,1886,35.9
South Africa,1887,35.9
South Africa,1888,36
South Africa,1889,36.1
South Africa,1890,36.1
South Africa,1891,36.2
South Africa,1892,36.3
South Africa,1893,36.3
South Africa,1894,36.4
South Africa,1895,36.5
South Africa,1896,36.5
South Africa,1897,36.6
South Africa,1898,36.6
South Africa,1899,36.7
South Africa,1900,36.8
South Africa,1901,36.9
South Africa,1902,36.9
South Africa,1903,37
South Africa,1904,37
South Africa,1905,37.1
South Africa,1906,37.2
South Africa,1907,37.2
South Africa,1908,37.3
South Africa,1909,37.4
South Africa,1910,37.4
South Africa,1911,37.5
South Africa,1912,37.6
South Africa,1913,37.6
South Africa,1914,37.7
South Africa,1915,37.8
South Africa,1916,37.8
South Africa,1917,37.9
South Africa,1918,12.6
South Africa,1919,38
South Africa,1920,38.1
South Africa,1921,38.2
South Africa,1922,38.2
South Africa,1923,38.3
South Africa,1924,38.4
South Africa,1925,38.4
South Africa,1926,38.5
South Africa,1927,38.5
South Africa,1928,38.6
South Africa,1929,38.7
South Africa,1930,38.8
South Africa,1931,39.4
South Africa,1932,40
South Africa,1933,40.7
South Africa,1934,41.4
South Africa,1935,42
South Africa,1936,42.7
South Africa,1937,43.3
South Africa,1938,44
South Africa,1939,44.6
South Africa,1940,45.3
South Africa,1941,46
South Africa,1942,46.7
South Africa,1943,47.3
South Africa,1944,48
South Africa,1945,48.7
South Africa,1946,49.3
South Africa,1947,50
South Africa,1948,50.7
South Africa,1949,51.4
South Africa,1950,52.1
South Africa,1951,52.3
South Africa,1952,52.4
South Africa,1953,52.7
South Africa,1954,52.9
South Africa,1955,53
South Africa,1956,53.3
South Africa,1957,53.5
South Africa,1958,53.6
South Africa,1959,53.8
South Africa,1960,53.9
South Africa,1961,54.2
South Africa,1962,54.4
South Africa,1963,54.6
South Africa,1964,54.9
South Africa,1965,55.2
South Africa,1966,55.5
South Africa,1967,55.8
South Africa,1968,56.1
South Africa,1969,56.4
South Africa,1970,56.7
South Africa,1971,57
South Africa,1972,57.3
South Africa,1973,57.6
South Africa,1974,58
South Africa,1975,58.3
South Africa,1976,58.6
South Africa,1977,58.8
South Africa,1978,59.1
South Africa,1979,59.3
South Africa,1980,59.5
South Africa,1981,59.8
South Africa,1982,60.2
South Africa,1983,60.5
South Africa,1984,61.3
South Africa,1985,61.9
South Africa,1986,62.1
South Africa,1987,62.8
South Africa,1988,63.5
South Africa,1989,63.8
South Africa,1990,64.2
South Africa,1991,64.3
South Africa,1992,63.6
South Africa,1993,64.3
South Africa,1994,63.4
South Africa,1995,62.9
South Africa,1996,61.8
South Africa,1997,59.5
South Africa,1998,58
South Africa,1999,57.2
South Africa,2000,55.6
South Africa,2001,54.8
South Africa,2002,53.7
South Africa,2003,52.7
South Africa,2004,52.2
South Africa,2005,52.1
South Africa,2006,52.3
South Africa,2007,53.2
South Africa,2008,54.3
South Africa,2009,55.7
South Africa,2010,57.1
South Africa,2011,58.7
South Africa,2012,60.1
South Africa,2013,61.3
South Africa,2014,61.8
South Africa,2015,62.3
South Africa,2016,62.7
South Africa,2017,63.2
South Africa,2018,64.4
South Africa,2019,65.1
South Africa,2020,64.2
South Africa,2021,61.4
South Africa,2022,60.5
South Africa,2023,61.9
South Africa,2024,65.8
Zambia,1800,32.6
Zambia,1801,32.6
Zambia,1802,32.6
Zambia,1803,32.6
Zambia,1804,32.6
Zambia,1805,32.6
Zambia,1806,32.6
Zambia,1807,32.6
Zambia,1808,32.6
Zambia,1809,32.6
Zambia,1810,32.6
Zambia,1811,32.6
Zambia,1812,32.6
Zambia,1813,32.6
Zambia,1814,32.6
Zambia,1815,32.6
Zambia,1816,32.6
Zambia,1817,32.6
Zambia,1818,32.6
Zambia,1819,32.6
Zambia,1820,32.6
Zambia,1821,32.6
Zambia,1822,32.6
Zambia,1823,32.6
Zambia,1824,32.6
Zambia,1825,32.6
Zambia,1826,32.6
Zambia,1827,32.6
Zambia,1828,32.6
Zambia,1829,32.6
Zambia,1830,32.6
Zambia,1831,32.6
Zambia,1832,32.6
Zambia,1833,32.6
Zambia,1834,32.6
Zambia,1835,32.6
Zambia,1836,32.6
Zambia,1837,32.6
Zambia,1838,32.6
Zambia,1839,32.6
Zambia,1840,32.6
Zambia,1841,32.6
Zambia,1842,32.6
Zambia,1843,32.6
Zambia,1844,32.6
Zambia,1845,32.6
Zambia,1846,32.6
Zambia,1847,32.6
Zambia,1848,32.6
Zambia,1849,32.6
Zambia,1850,32.6
Zambia,1851,32.6
Zambia,1852,32.7
Zambia,1853,32.7
Zambia,1854,32.7
Zambia,1855,32.8
Zambia,1856,32.8
Zambia,1857,32.8
Zambia,1858,32.9
Zambia,1859,32.9
Zambia,1860,32.9
Zambia,1861,33
Zambia,1862,33
Zambia,1863,33
Zambia,1864,33
Zambia,1865,33.1
Zambia,1866,33.1
Zambia,1867,33.1
Zambia,1868,33.2
Zambia,1869,33.2
Zambia,1870,33.2
Zambia,1871,33.3
Zambia,1872,33.3
Zambia,1873,33.3
Zambia,1874,33.4
Zambia,1875,33.4
Zambia,1876,33.4
Zambia,1877,33.5
Zambia,1878,33.5
Zambia,1879,33.5
Zambia,1880,33.5
Zambia,1881,33.6
Zambia,1882,33.6
Zambia,1883,33.6
Zambia,1884,33.7
Zambia,1885,33.7
Zambia,1886,33.7
Zambia,1887,33.8
Zambia,1888,33.8
Zambia,1889,33.8
Zambia,1890,33.9
Zambia,1891,33.9
Zambia,1892,33.9
Zambia,1893,34
Zambia,1894,34
Zambia,1895,34
Zambia,1896,34
Zambia,1897,34.1
Zambia,1898,34.1
Zambia,1899,34.1
Zambia,1900,34.2
Zambia,1901,34.2
Zambia,1902,34.2
Zambia,1903,34.3
Zambia,1904,34.3
Zambia,1905,34.3
Zambia,1906,34.4
Zambia,1907,34.4
Zambia,1908,34.4
Zambia,1909,34.5
Zambia,1910,34.5
Zambia,1911,34.5
Zambia,1912,34.6
Zambia,1913,34.6
Zambia,1914,34.6
Zambia,1915,34.6
Zambia,1916,34.7
Zambia,1917,34.7
Zambia,1918,13.4
Zambia,1919,34.8
Zambia,1920,34.8
Zambia,1921,34.8
Zambia,1922,34.9
Zambia,1923,34.9
Zambia,1924,34.9
Zambia,1925,35
Zambia,1926,35
Zambia,1927,35
Zambia,1928,35.1
Zambia,1929,35.1
Zambia,1930,35.1
Zambia,1931,35.2
Zambia,1932,35.2
Zambia,1933,35.2
Zambia,1934,35.3
Zambia,1935,35.3
Zambia,1936,35.3
Zambia,1937,35.4
Zambia,1938,35.4
Zambia,1939,35.4
Zambia,1940,35.4
Zambia,1941,35.6
Zambia,1942,35.9
Zambia,1943,36.1
Zambia,1944,36.3
Zambia,1945,36.5
Zambia,1946,38.6
Zambia,1947,40.7
Zambia,1948,42.8
Zambia,1949,44.9
Zambia,1950,47
Zambia,1951,47.2
Zambia,1952,47.4
Zambia,1953,47.7
Zambia,1954,48.1
Zambia,1955,48.3
Zambia,1956,48.5
Zambia,1957,48.7
Zambia,1958,48.9
Zambia,1959,49.2
Zambia,1960,49.6
Zambia,1961,49.9
Zambia,1962,50.1
Zambia,1963,50.4
Zambia,1964,50.7
Zambia,1965,51.2
Zambia,1966,51.7
Zambia,1967,52.3
Zambia,1968,52.8
Zambia,1969,53.2
Zambia,1970,53.5
Zambia,1971,53.9
Zambia,1972,54.3
Zambia,1973,54.6
Zambia,1974,54.9
Zambia,1975,55.1
Zambia,1976,55.4
Zambia,1977,55.5
Zambia,1978,55.5
Zambia,1979,55.6
Zambia,1980,55.6
Zambia,1981,55.7
Zambia,1982,55.6
Zambia,1983,55.6
Zambia,1984,55.4
Zambia,1985,55.1
Zambia,1986,54.8
Zambia,1987,54.2
Zambia,1988,53.9
Zambia,1989,53
Zambia,1990,51.9
Zambia,1991,50.7
Zambia,1992,49.6
Zambia,1993,48.7
Zambia,1994,47.7
Zambia,1995,46.8
Zambia,1996,46.1
Zambia,1997,45.7
Zambia,1998,45.5
Zambia,1999,45.3
Zambia,2000,45.3
Zambia,2001,45.2
Zambia,2002,45.9
Zambia,2003,46.6
Zambia,2004,47.7
Zambia,2005,48.7
Zambia,2006,50
Zambia,2007,51.9
Zambia,2008,54.1
Zambia,2009,55.7
Zambia,2010,56.5
Zambia,2011,57.5
Zambia,2012,58.5
Zambia,2013,59.5
Zambia,2014,60.2
Zambia,2015,60.8
Zambia,2016,61.4
Zambia,2017,61.9
Zambia,2018,62.5
Zambia,2019,63.2
Zambia,2020,62.8
Zambia,2021,61.6
Zambia,2022,62.2
Zambia,2023,63.4
Zambia,2024,64
Zimbabwe,1800,33.7
Zimbabwe,1801,33.7
Zimbabwe,1802,33.7
Zimbabwe,1803,33.7
Zimbabwe,1804,33.7
Zimbabwe,1805,33.7
Zimbabwe,1806,33.7
Zimbabwe,1807,33.7
Zimbabwe,1808,33.7
Zimbabwe,1809,33.7
Zimbabwe,1810,33.7
Zimbabwe,1811,33.7
Zimbabwe,1812,33.7
Zimbabwe,1813,33.7
Zimbabwe,1814,33.7
Zimbabwe,1815,33.7
Zimbabwe,1816,33.7
Zimbabwe,1817,33.7
Zimbabwe,1818,33.7
Zimbabwe,1819,33.7
Zimbabwe,1820,33.7
Zimbabwe,1821,33.7
Zimbabwe,1822,33.7
Zimbabwe,1823,33.7
Zimbabwe,1824,33.7
Zimbabwe,1825,33.7
Zimbabwe,1826,33.7
Zimbabwe,1827,33.7
Zimbabwe,1828,33.7
Zimbabwe,1829,33.7
Zimbabwe,1830,33.7
Zimbabwe,1831,33.7
Zimbabwe,1832,33.7
Zimbabwe,1833,33.7
Zimbabwe,1834,33.7
Zimbabwe,1835,33.7
Zimbabwe,1836,33.7
Zimbabwe,1837,33.7
Zimbabwe,1838,33.7
Zimbabwe,1839,33.7
Zimbabwe,1840,33.7
Zimbabwe,1841,33.7
Zimbabwe,1842,33.7
Zimbabwe,1843,33.7
Zimbabwe,1844,33.7
Zimbabwe,1845,33.7
Zimbabwe,1846,33.7
Zimbabwe,1847,33.7
Zimbabwe,1848,33.7
Zimbabwe,1849,33.7
Zimbabwe,1850,33.7
Zimbabwe,1851,33.7
Zimbabwe,1852,33.8
Zimbabwe,1853,33.8
Zimbabwe,1854,33.9
Zimbabwe,1855,33.9
Zimbabwe,1856,33.9
Zimbabwe,1857,34
Zimbabwe,1858,34
Zimbabwe,1859,34
Zimbabwe,1860,34.1
Zimbabwe,1861,34.1
Zimbabwe,1862,34.1
Zimbabwe,1863,34.2
Zimbabwe,1864,34.2
Zimbabwe,1865,34.3
Zimbabwe,1866,34.3
Zimbabwe,1867,34.3
Zimbabwe,1868,34.4
Zimbabwe,1869,34.4
Zimbabwe,1870,34.4
Zimbabwe,1871,34.5
Zimbabwe,1872,34.5
Zimbabwe,1873,34.5
Zimbabwe,1874,34.6
Zimbabwe,1875,34.6
Zimbabwe,1876,34.7
Zimbabwe,1877,34.7
Zimbabwe,1878,34.7
Zimbabwe,1879,34.8
Zimbabwe,1880,34.8
Zimbabwe,1881,34.9
Zimbabwe,1882,34.9
Zimbabwe,1883,34.9
Zimbabwe,1884,35
Zimbabwe,1885,35
Zimbabwe,1886,35
Zimbabwe,1887,35.1
Zimbabwe,1888,35.1
Zimbabwe,1889,35.1
Zimbabwe,1890,35.2
Zimbabwe,1891,35.2
Zimbabwe,1892,35.3
Zimbabwe,1893,35.3
Zimbabwe,1894,35.3
Zimbabwe,1895,35.4
Zimbabwe,1896,35.4
Zimbabwe,1897,35.4
Zimbabwe,1898,35.5
Zimbabwe,1899,35.5
Zimbabwe,1900,35.5
Zimbabwe,1901,35.6
Zimbabwe,1902,35.6
Zimbabwe,1903,35.7
Zimbabwe,1904,35.7
Zimbabwe,1905,35.7
Zimbabwe,1906,35.8
Zimbabwe,1907,35.8
Zimbabwe,1908,35.8
Zimbabwe,1909,35.9
Zimbabwe,1910,35.9
Zimbabwe,1911,36
Zimbabwe,1912,36
Zimbabwe,1913,36
Zimbabwe,1914,36.1
Zimbabwe,1915,36.1
Zimbabwe,1916,36.1
Zimbabwe,1917,36.2
Zimbabwe,1918,18.3
Zimbabwe,1919,36.3
Zimbabwe,1920,36.3
Zimbabwe,1921,36.3
Zimbabwe,1922,36.4
Zimbabwe,1923,36.4
Zimbabwe,1924,36.4
Zimbabwe,1925,36.5
Zimbabwe,1926,36.5
Zimbabwe,1927,36.5
Zimbabwe,1928,36.6
Zimbabwe,1929,36.6
Zimbabwe,1930,36.7
Zimbabwe,1931,36.7
Zimbabwe,1932,36.7
Zimbabwe,1933,36.8
Zimbabwe,1934,36.8
Zimbabwe,1935,36.8
Zimbabwe,1936,36.9
Zimbabwe,1937,36.9
Zimbabwe,1938,37
Zimbabwe,1939,37
Zimbabwe,1940,37
Zimbabwe,1941,38.7
Zimbabwe,1942,40.4
Zimbabwe,1943,42
Zimbabwe,1944,43.7
Zimbabwe,1945,45.4
Zimbabwe,1946,47
Zimbabwe,1947,48.7
Zimbabwe,1948,50.4
Zimbabwe,1949,52.1
Zimbabwe,1950,53.8
Zimbabwe,1951,53.9
Zimbabwe,1952,54.1
Zimbabwe,1953,54.3
Zimbabwe,1954,54.4
Zimbabwe,1955,54.5
Zimbabwe,1956,54.8
Zimbabwe,1957,55
Zimbabwe,1958,55.1
Zimbabwe,1959,55.3
Zimbabwe,1960,55.5
Zimbabwe,1961,55.8
Zimbabwe,1962,56
Zimbabwe,1963,56.1
Zimbabwe,1964,56.3
Zimbabwe,1965,56.6
Zimbabwe,1966,56.8
Zimbabwe,1967,57.1
Zimbabwe,1968,57.3
Zimbabwe,1969,57.7
Zimbabwe,1970,58
Zimbabwe,1971,58.3
Zimbabwe,1972,58.7
Zimbabwe,1973,58.8
Zimbabwe,1974,59.1
Zimbabwe,1975,59.3
Zimbabwe,1976,59
Zimbabwe,1977,58.5
Zimbabwe,1978,56.8
Zimbabwe,1979,57.3
Zimbabwe,1980,60.4
Zimbabwe,1981,61
Zimbabwe,1982,61.5
Zimbabwe,1983,62
Zimbabwe,1984,62.5
Zimbabwe,1985,63
Zimbabwe,1986,63.4
Zimbabwe,1987,63.6
Zimbabwe,1988,63.6
Zimbabwe,1989,63.2
Zimbabwe,1990,62.4
Zimbabwe,1991,61.4
Zimbabwe,1992,59.8
Zimbabwe,1993,58
Zimbabwe,1994,56.2
Zimbabwe,1995,54.2
Zimbabwe,1996,52.5
Zimbabwe,1997,51.2
Zimbabwe,1998,49.7
Zimbabwe,1999,48.5
Zimbabwe,2000,47.5
Zimbabwe,2001,47
Zimbabwe,2002,46.6
Zimbabwe,2003,46.4
Zimbabwe,2004,46.4
Zimbabwe,2005,46.8
Zimbabwe,2006,47.4
Zimbabwe,2007,48.2
Zimbabwe,2008,48.9
Zimbabwe,2009,50.2
Zimbabwe,2010,52.3
Zimbabwe,2011,54.4
Zimbabwe,2012,56
Zimbabwe,2013,57.2
Zimbabwe,2014,58
Zimbabwe,2015,58.6
Zimbabwe,2016,59.2
Zimbabwe,2017,59.9
Zimbabwe,2018,60.6
Zimbabwe,2019,61
Zimbabwe,2020,60.9
Zimbabwe,2021,59
Zimbabwe,2022,59.1
Zimbabwe,2023,61.7
Zimbabwe,2024,61.8
